ciclo,target,s2_norm,s3_norm,s4_norm,s7_norm,s8_norm,s9_norm,s11_norm,s12_norm,s13_norm,s14_norm,s15_norm,s17_norm,s20_norm,s21_norm,s2_norm_mm,s3_norm_mm,s4_norm_mm,s7_norm_mm,s8_norm_mm,s9_norm_mm,s11_norm_mm,s12_norm_mm,s13_norm_mm,s14_norm_mm,s15_norm_mm,s17_norm_mm,s20_norm_mm,s21_norm_mm
1,0,-1.1603549519779377,-0.32667813931063217,-0.6186571097577367,-0.23457640801526133,-0.6839730421537057,-0.48922934017241654,-0.47081719874021455,-0.10341325736614919,-0.44108645555357456,-0.3882752443594322,-0.15110366519414964,-0.5191467791944568,-0.16115069392899803,0.44411997068290426,-1.1603549519779377,-0.32667813931063217,-0.6186571097577367,-0.23457640801526133,-0.6839730421537057,-0.48922934017241654,-0.47081719874021455,-0.10341325736614919,-0.44108645555357456,-0.3882752443594322,-0.15110366519414964,-0.5191467791944568,-0.16115069392899803,0.44411997068290426
2,0,-2.041969770629132,0.7582687149190545,-0.5264241812252407,-0.03830498934997298,-0.36363921680379385,-0.32450388456621176,-0.7461024486101947,-0.08406855405396271,-0.040918315231024883,-0.21543914135954376,-0.011781214107836075,-0.5191467791944568,0.4736512817222903,0.5203206748956329,-1.6011623613035348,0.21579528780421114,-0.5725406454914888,-0.13644069868261716,-0.5238061294787497,-0.40686661236931415,-0.6084598236752046,-0.09374090571005594,-0.24100238539229973,-0.301857192859488,-0.08144243965099286,-0.5191467791944568,0.15625029389664613,0.48222032278926863
3,0,0.31539159228586655,-0.5834792854798139,-0.14505656661890393,-0.0782862042632717,-0.36363921680379385,-0.5584335256638007,-0.4364065425064762,-0.09567537604129218,-0.20098557136077266,-0.41477678015275055,-0.552995351020059,-0.5191467791944568,-0.37275135247940744,0.21481229596865115,-0.9623110434404011,-0.05062956995713053,-0.43004595253396044,-0.11705586720950201,-0.4704171585870978,-0.4573889168008097,-0.5511087299522951,-0.09438572915380135,-0.2276634473817907,-0.33949705529057556,-0.23862674344068158,-0.5191467791944568,-0.020083588228705058,0.3930843138490627
4,0,-1.0836927938344312,-0.40721341000274647,0.18864009616163777,-0.1764219135958952,-0.4437226731394509,-0.11396720757836408,-0.4364065425064762,-0.258170883863421,-0.2810191994238268,-0.040298556986325534,-0.5154854603429966,-1.1120341161615548,0.3466908865920326,-0.4992165249876681,-0.9926564810389086,-0.1397755299685345,-0.27537444036006087,-0.1318973788061003,-0.4637435372251861,-0.37153348949519827,-0.5224331830908404,-0.13533201783120627,-0.24100238539229973,-0.264697430714513,-0.30784142266626036,-0.6673686134362313,0.07161003047647936,0.17000910413988005
5,0,-0.37456783100634405,-1.0104681734889964,-0.36786645015250297,-0.11826741917657041,-0.2034723041288379,0.020542336052780528,-0.47081719874021455,0.004917081181936723,-0.12095194329407902,-0.2701705739761646,-0.2439852992517026,-0.5191467791944568,-0.16115069392899803,-0.18100802869190244,-0.8690387510323957,-0.3139140586726269,-0.2938728423185493,-0.12917138688019433,-0.41168929060591647,-0.2931183243856025,-0.5121099862207152,-0.10728219802857768,-0.2169922969726556,-0.26579205936684336,-0.29507019798334877,-0.6377242465878764,0.025057885595383883,0.09980567757352354
6,0,0.1812328155345126,-0.3585883409055935,-0.777214840830498,-0.0964594837693391,-0.6839730421537057,-0.4989764085515197,-0.29876391757149834,-0.12662690134072016,-0.44108645555357456,-0.05758216728632486,-0.7012487284580707,-0.5191467791944568,0.7698922036928815,0.8738072749935818,-0.693993489937911,-0.3213597723781213,-0.37442984207054075,-0.12371940302838513,-0.45706991586388135,-0.32742800507992204,-0.4765523081125124,-0.11050631524726807,-0.25434132340280874,-0.23109041068675693,-0.36276661972913576,-0.6179613353556398,0.1491969386116335,0.22880594381019992
7,0,-1.3520103473369214,-1.1654605812360896,-0.7875780912273996,-0.1546139781886639,-0.5238061294787497,-0.07644099431893224,-0.6084598236752169,-0.06085491007939172,-0.3610528274905204,-0.3139557200694823,-0.06893914275862813,-1.1120341161615548,0.21973049146177498,0.3277022281356723,-0.7879958981377696,-0.4419456022149739,-0.4334510205215206,-0.12813291376556782,-0.4666036606660054,-0.2915727178283521,-0.4953962389071845,-0.10341325736614289,-0.26958582398676756,-0.24292831202714624,-0.32079126587620616,-0.6885431611850563,0.159273160447368,0.24293398442812456
8,0,-0.6237198449729575,-1.1365894464596615,-0.4352275777324113,0.05619606408144533,-0.4437226731394509,-0.15587960160829484,-0.29876391757149834,-0.033772325442348254,-0.6011537116833223,-0.42111410392939425,-0.08322862492132614,0.07374055777264124,-0.5843520110298168,0.6078103723250612,-0.7674613914921681,-0.5287760827455599,-0.4336730901728819,-0.10509179153469117,-0.4637435372251861,-0.2746110783008449,-0.4708171987402237,-0.09470814087566856,-0.31103180994883695,-0.26520153601492724,-0.2910959357568461,-0.5932576963153441,0.06632001401271989,0.2885435329152416
9,0,-0.06791919843210087,-1.0606127759953987,-0.777214840830498,-0.27455762292851876,-0.6839730421537057,-0.36397951150141106,0.07975330099969687,0.1403300043670661,-0.44108645555357456,-0.21947198376285773,0.21149194468436402,-1.1120341161615548,0.6006116768525179,-0.11821300392402496,-0.6897344811521606,-0.5878690486622086,-0.47184439580150594,-0.12392132835622756,-0.4882134822172438,-0.28454090421201894,-0.4096426987691214,-0.0685927914042536,-0.3254823261271411,-0.2601204746535862,-0.23525283793004498,-0.6508995207427009,0.12568575432825302,0.24334836215532313
10,0,-0.7003820031164638,-0.3692250747706151,-0.0973856147931089,-0.1473446663862535,-0.36363921680379385,-0.0389147810595004,-0.19553194887025885,0.004917081181936723,-0.5211200836202682,0.027107523183635157,0.49728158793835603,0.07374055777264124,-0.11883056221889209,-0.21064163588574833,-0.690799233348591,-0.5660046512730493,-0.4343985177006663,-0.12626366215923016,-0.4757560556758988,-0.2599782918967671,-0.3882316237792352,-0.06124180414563457,-0.3450461018764538,-0.23139767486986407,-0.1619993953432049,-0.5784355128911666,0.10123412267353851,0.19794936235121596
11,0,-0.12541581703973062,0.8388039856111688,-0.020697561855965472,-0.05647826885604039,-0.283555760464495,-0.35715656363609205,-0.1611212926365205,-0.0028208001429202724,0.1191489408987229,-0.569177032166001,0.22399524157672873,0.07374055777264124,0.05044996462144145,0.6910666972982364,-0.5873053198547702,-0.44945643878086916,-0.3746025629104891,-0.10845384824330806,-0.43571432750697775,-0.24677101424313466,-0.3572620331688658,-0.05118255842331167,-0.289022562231224,-0.24948785365052095,-0.12448950466611705,-0.5191467791944568,0.12239418852858244,0.22264403501274915
12,0,-0.6620509240447107,-0.08051372700640304,-0.7233259387665383,-0.25638434342249267,0.19694497756037277,-0.1909690477729952,-0.5740491674414541,-0.02603444411749126,-0.2810191994238268,-0.36407818993944363,0.5990941483475754,-0.5191467791944568,-0.2881110890592256,-0.8957424117242889,-0.4493134351963281,-0.5333346829734149,-0.39429273866461884,-0.13026178365056004,-0.3796559080705611,-0.233417530563813,-0.3400567050519917,-0.04537914742966453,-0.31303265065050423,-0.26435175850851095,-0.06340196842057591,-0.5191467791944568,0.04621795145043085,0.08103772635075698
13,0,-0.43206444961397383,0.06232241346641913,-0.8259221176959596,-0.1873258812995522,0.11686152122107392,-0.36349215808244706,-0.4364065425064762,-0.26977770585070654,-0.3610528274905204,-0.4948575078760511,-0.21540633492630656,-1.1120341161615548,0.05044996462144145,0.39755287366399644,-0.524059039386312,-0.4687545130787917,-0.46237929377232445,-0.1411657513541881,-0.3316058342680743,-0.21392339380567763,-0.3400567050519917,-0.06278938041060596,-0.329039376263479,-0.272359831280841,-0.029643066811200658,-0.5784355128911666,0.08853808316051574,0.09931178412029151
14,0,-0.7578786217243115,0.30544775895204596,-0.3999925263829219,-0.16188328999107435,-0.2034723041288379,-0.40345513843661035,-1.0213876984801504,-0.29686029048775003,0.19918256896541653,-0.2891825453061482,0.33831109887831284,-0.5191467791944568,-0.03419029879874035,0.0038492352315693404,-0.49147762217530017,-0.39748839618331233,-0.5212425560267804,-0.13971188899370598,-0.307580797367013,-0.24287218689150225,-0.3985548206493591,-0.06665832107303886,-0.28101919942455467,-0.2972482301128233,0.05573658911093029,-0.5191467791944568,0.05044996462143845,0.14961836014221525
15,0,-0.9686995566191718,-0.5682839513869751,-0.21138136915914563,-0.25638434342249267,-0.283555760464495,-0.45852607477839236,-0.02347866770154264,-0.22335041790152058,-0.5211200836202682,-0.2868780639328184,0.1596925718445718,-1.704921453128653,0.3043707548819267,0.3820305079910439,-0.550890794736583,-0.3532699739731103,-0.5055940479274447,-0.1535235814182982,-0.3155891430005787,-0.2907790279746195,-0.35382096754549197,-0.08948507098138458,-0.32103601345717364,-0.29891897910848864,0.09610437622055773,-0.6377242465878764,0.09700210950253092,0.2059222138105099
16,0,-0.10625027750385403,-0.8083702300540342,0.0010652639775517016,-0.1546139781886639,-0.043305391453882,0.16918512883361583,-0.6428704799089552,0.028130725156551694,-0.44108645555357456,-0.28630194358952527,-0.08322862492132614,-1.1120341161615548,-0.24579095734914974,-0.012378692517450449,-0.5796391040404196,-0.3982481628879543,-0.42776603744663966,-0.15933903086023068,-0.25152237793059634,-0.223962874236106,-0.38823162377923764,-0.0740093083316574,-0.3210360134571736,-0.32179095673880864,0.15790638657423217,-0.6970129802845861,-0.004566206601672196,0.11730361705940666
17,0,-0.9112029380113241,-0.4208892106863013,-0.42486432733550955,-0.001958430337879482,-0.2034723041288379,-0.5272429068508124,-0.711691792376432,-0.06085491007939172,-0.2810191994238268,0.21377051442350212,-0.1689655178975142,-0.5191467791944568,0.3043707548819267,1.2406995545363566,-0.5355583631078599,-0.32379102583297553,-0.3914946610574507,-0.14407347607515225,-0.21948899539560512,-0.269043065489294,-0.39855482064935915,-0.0740093083316574,-0.31303265065050423,-0.26901833328951025,0.1479037490603436,-0.6377242465878764,0.003897819740342978,0.2086033496994751
18,0,0.12373619692688284,0.5713661055769654,-0.7989776666639915,0.03075347277296748,-0.043305391453882,-0.0598709780745101,-0.5052278549739774,-0.13823372332800565,-0.5211200836202682,-0.17568683766959245,-0.22076489073730643,-0.5191467791944568,-0.16115069392899803,0.5563043407738583,-0.4608127589178759,-0.1529954706293128,-0.4278696699506087,-0.14661773520600002,-0.17944726722704823,-0.2594422031359155,-0.419201214389607,-0.08445544812022314,-0.3050292878441988,-0.24447560666353002,0.13415012247874553,-0.6970129802845861,0.04621795145042486,0.20345274654435483
19,0,-0.16374689611148377,-0.8417999650583139,-0.4714989541216144,0.005310881464530954,-0.4437226731394509,-0.029655066099361284,-0.22994260510402165,-0.2929913498253215,-0.20098557136077266,-0.19297044796953938,0.16505112765557167,-0.5191467791944568,0.3466908865920326,0.5852323858916619,-0.47039552868581413,-0.13111418953560433,-0.3972980812797203,-0.11863088476669507,-0.1554222303256228,-0.22600975859571054,-0.4501708049999788,-0.1277875835394619,-0.28101919942491865,-0.2418254530841982,0.1295060407758663,-0.6377242465878764,0.020825872424376324,0.27379728552592353
20,0,0.7370334620755872,-1.276386520113916,-0.5461143569793775,-0.31453883784181746,-0.4437226731394509,-0.2869776713067799,-0.22994260510402165,0.0010481405195082254,-0.44108645555357456,0.15327787837353068,-0.5279887572353613,-0.5191467791944568,-0.07651043050881622,0.7439838530015237,-0.32665398216660907,-0.2218303340699344,-0.44217095549834723,-0.13535030191225148,-0.16343057595918847,-0.2508160476204385,-0.4536118706233552,-0.12817447760570477,-0.27301583661824924,-0.22920841756520863,0.026979006258494576,-0.6970129802845862,0.02505788559538391,0.3692598344146507
21,0,0.08540511785512968,-1.0043900398518264,-0.6000032590433135,0.052561408180240105,-0.36363921680379385,-0.112017793902508,-0.5740491674414541,-0.327811815787178,-0.5211200836202682,-0.02071046531299646,-0.09037336600265929,-0.5191467791944568,0.3043707548819267,-0.4787552247823954,-0.305571888677123,-0.406149736616234,-0.500101525217082,-0.12444633420862343,-0.17143892159311838,-0.22630217064708008,-0.4949046581038486,-0.16067357917013053,-0.33704273907014837,-0.1743617608799082,-0.004457854499444226,-0.7563017139812961,0.05044996462143243,0.25227764220658755
22,0,-0.18291243564736037,-0.8721906332440259,0.20211232167761,-0.22003778441039915,-0.7640564984930045,-0.22362172684287548,-0.6084598236752169,-0.056985969416963225,-0.3610528274905204,-0.18432864281956593,-0.12966944195008676,-1.704921453128653,-0.03419029879874035,0.33052447643984095,-0.257658039837388,-0.4853174272399962,-0.4075576991726672,-0.12081167830741406,-0.2675390691984561,-0.2295674385540681,-0.49834572372722485,-0.16376873170007772,-0.3450461018768177,-0.15638680616792042,-0.07733421352921044,-0.8748791813747158,0.07584204364748096,0.3749043310230005
23,0,-1.1603549519779377,-0.20967406679567036,-0.8404306682516456,-0.17278725769469,-0.12338884778953907,-0.16806343708212942,-0.9181557297789109,-0.08406855405396271,-0.12095194329407902,-0.27996461981282916,-0.07787006911029455,-1.1120341161615548,0.3043707548819267,-0.7207630168654324,-0.33048709007378435,-0.5125170752662052,-0.4090085542282358,-0.11935781594692785,-0.29156410609951744,-0.21002456645403633,-0.5465206424544682,-0.14519781652040334,-0.3210360134571736,-0.13489751736159822,-0.06358058694760924,-0.8748791813747155,0.10123412267352949,0.26307274197005764
24,0,-1.0261961752268016,0.774983582421177,-0.1709646926111818,-0.2273070962128096,-0.36363921680379385,-0.21095053795007684,-0.7805131048439331,-0.3316807564496065,-0.2810191994238268,-0.035689594239666035,-0.21183396438560825,0.07374055777264124,0.43133115001218436,0.4321254153901625,-0.35731884542403336,-0.4655634929192921,-0.38610577085106174,-0.1259001965691014,-0.307580797367013,-0.190774106405383,-0.5224331830908465,-0.14867986311658898,-0.36905619029609793,-0.10954822225495005,-0.11859509327400133,-0.8155904476780058,0.14778626755462196,0.30590035998591697
25,0,0.7945300806832168,-0.9785579718940006,-0.3792660255890949,-0.29273090243458616,-0.6839730421537057,0.15164040575126564,-0.6084598236752169,-0.1885299519396641,-0.2810191994238268,-0.13708677466627986,-0.4386794937184749,-0.5191467791944568,0.5582915451424421,0.5372541647206698,-0.18099588169379452,-0.5065908949699945,-0.40289423649405676,-0.1295348524703107,-0.3476225255359341,-0.1297574583524172,-0.580931298688214,-0.14519781652040337,-0.3450461018764538,-0.09456909332829617,-0.178432299830306,-0.6970129802845862,0.1731783465806735,0.3214227256588796
26,0,0.9286888574343529,-1.0986011112275302,-0.5243515311458603,-0.2818269347309705,-0.283555760464495,-0.6661386312525446,-0.26435326133776,-0.1885299519396641,-0.44108645555357456,-0.26210488916953667,0.9027456443049637,-0.5191467791944568,-0.03419029879874035,0.39049725290357484,-0.07750196819997382,-0.5356139830873443,-0.4554359160063979,-0.14225614812454138,-0.37164756243699537,-0.21328983436103321,-0.5430795768310944,-0.1668638842300249,-0.3450461018764538,-0.09214938788629731,-0.07983487290767703,-0.6377242465878764,0.19433841243571442,0.36171032020098204
27,0,-0.20207797518323695,0.07143961392212236,-0.8995011955140325,-0.1546139781886639,-0.4437226731394509,-0.5019005290652152,-0.8149237610776715,-0.18466101127719162,-0.681187339750016,-0.07774637930294707,-0.031429252081533944,-1.1120341161615548,0.09277009633151731,0.5316096681123326,-0.006589471917165096,-0.4863811006265018,-0.5028996028242502,-0.1575217029096198,-0.39567259933805665,-0.21075559658247353,-0.5534027737012185,-0.1792444943498049,-0.3850629159090727,-0.12130107725894221,-0.06608124632607901,-0.6970129802845862,0.1731783465806735,0.2908013315585797
28,0,-0.3362367519345909,-0.8311632311933268,-0.944063172220757,0.3942190628938198,-0.5238061294787497,-0.5983965060179639,-0.29876391757149834,-0.2194814772390921,0.039115312835668756,-0.20334061414954946,-0.331508377498224,-0.5191467791944568,-0.07651043050881622,0.6614330901043906,-0.052586766803312465,-0.626634034303531,-0.5174081533799268,-0.12117514389753459,-0.44372267314054337,-0.2646081493768189,-0.5327563799609705,-0.18736926974091356,-0.329039376263479,-0.12406645490693793,-0.07715559500217076,-0.6970129802845862,0.18164237292269167,0.3013142064916329
29,0,-1.0453617147626781,0.3388774939563257,-0.3170865232076374,-0.22367244031160438,-0.36363921680379385,-0.10422013919926094,-0.6084598236752169,-0.014427622130205766,-0.44108645555357456,-0.19873165140288995,0.3436696546893127,-1.704921453128653,0.6852519402726998,0.5005649367664023,-0.14074824866843189,-0.5085662884020671,-0.501966910288529,-0.14407347607514812,-0.43571432750697775,-0.27206465668680885,-0.5706081018180901,-0.15951289697140197,-0.3530494646827592,-0.124642575250273,-0.05929374229879665,-0.8155904476780058,0.21549847829075838,0.29284746157910696
30,0,-0.872871858939571,1.1229567331475292,-0.480825879478826,0.02711881687176226,-0.4437226731394509,-0.1607531357978464,-0.12671063640278216,-0.23108829922637758,-0.3610528274905204,-0.23790783474954813,-0.0921595512730243,0.07374055777264124,0.939172730533215,0.4469422189870729,-0.30173878076994776,-0.2686319630759226,-0.4954380625384739,-0.10990771060379015,-0.43571432750697775,-0.2594422031359155,-0.560284904947966,-0.18272654094599056,-0.3450461018764538,-0.16376114656258087,-0.015710821702562962,-0.756301713981296,0.3170667943949615,0.2631432981776619
31,0,-1.543665742695905,-0.5029440147876996,-0.32641344856484894,-0.1691526017934848,-0.283555760464495,-0.17829785888019659,-0.9181557297789109,-0.14984054531533514,-0.20098557136077266,-0.5985591696759947,0.4008275833401365,-0.5191467791944568,0.13509022804159318,0.13155597099550093,-0.46464586682505116,-0.2184873605695099,-0.4680790814906274,-0.13207911160116265,-0.42770598187304787,-0.2660702096336844,-0.5946955611817117,-0.16492941389880628,-0.31303265065050423,-0.22154601699888068,0.03340927323171662,-0.7563017139812961,0.30013874171092814,0.3241744177554515
32,0,-0.04875365889622429,-0.8235655641469075,-1.0736038021821463,-0.2091338167067835,-0.6038895858144068,-0.2606605866833433,-0.711691792376432,-0.258170883863421,-0.3610528274905204,-0.36062146787947524,0.5312191080747519,-0.5191467791944568,0.13509022804159318,-0.001795261376792998,-0.4512299891499376,-0.21362485365979805,-0.5956506938766031,-0.13098871483080107,-0.41168929060518805,-0.2697740956177312,-0.6050187580518332,-0.18504790534345206,-0.31303265065050423,-0.23917529950487162,0.09949812823420048,-0.6377242465878765,0.31706679439496155,0.2909424439737881
33,0,-0.3362367519345909,-0.3996157429563271,-1.0684221769836955,-0.05647826885604039,-0.4437226731394509,-0.20364023666579384,-1.2622622921163678,-0.2078746552518066,-0.2810191994238268,-0.2805407401561747,0.10967938427511291,-1.1120341161615548,-0.2881110890592256,0.5372541647206698,-0.3688181691456029,-0.23261902127586373,-0.6184498447498081,-0.1193578159469361,-0.4437226731401792,-0.2733317755760976,-0.639429414285579,-0.19742851546323645,-0.329039376263479,-0.23923291153920617,0.11825307357274124,-0.6377242465878764,0.25781861000084627,0.41674416213239834
34,0,-0.5853887659012044,-0.30844373839919115,-0.38859295094632995,-0.23457640801526133,-0.283555760464495,-0.5598955859206927,0.4582705195708921,-0.1923988926020926,-0.12095194329407902,-0.4159290208394416,0.00965300913622681,0.07374055777264124,-0.880592933000408,-0.5020387732918368,-0.3247374282130432,-0.3409617533579006,-0.6402126705833229,-0.12008474712718128,-0.43571432750624933,-0.30822628037315913,-0.5155510518440963,-0.18350032907848507,-0.31303265065050423,-0.2772568541991837,0.14040177092492473,-0.6377242465878764,0.12662620169958708,0.3233277432641984
35,0,-0.12541581703973062,-0.171685731563539,-0.00826166137968341,-0.1473446663862535,-0.283555760464495,0.0029976129705189865,-0.9525663860126493,-0.018296562792634263,-0.12095194329407902,-0.3548602644461246,-0.09037336600265929,-0.5191467791944568,0.43133115001218436,0.3897916908275327,-0.4167320179853379,-0.2602745293248544,-0.6031122341623817,-0.10554612352234802,-0.3956725993373283,-0.32309055965123384,-0.5499617080778396,-0.1664769901637821,-0.29702592503752945,-0.29903420317716817,0.17523238369650632,-0.6377242465878764,0.1139301621865613,0.30858149587488465
36,0,0.7561990016114637,-0.7886162957333439,-0.6580374612660104,-0.4526557620877397,-0.6839730421537057,-0.3556945033792,-0.8149237610776715,0.024261784494123195,-0.2810191994238268,-0.25519144504954744,-0.7441171749461648,-1.1120341161615548,0.00812983291133551,0.7101168733513998,-0.4339810035676268,-0.22927604777543578,-0.6164808271743968,-0.12262900625802495,-0.43571432750624933,-0.2920461468638994,-0.6050187580518308,-0.14519781652040334,-0.28101919942455467,-0.29834285876516925,0.010546101771393446,-0.6970129802845862,0.11816217535756887,0.3405434579196672
37,0,-0.5662232263653277,-0.34795160704060635,-0.2818514718581244,0.08163865538988185,-0.5238061294787497,-0.3259659448230152,-0.22994260510402165,-0.04151020676720525,-0.6011537116833223,-0.24770188058621265,-0.6155118354818827,0.07374055777264124,0.00812983291133551,-0.0476567963196336,-0.470395528685836,-0.27121516987170863,-0.554715854808806,-0.09900374290017036,-0.4437226731401792,-0.2744526884396794,-0.5465206424544657,-0.1308827360694047,-0.2730158366178853,-0.31533840889349585,-0.047862156568641435,-0.5784355128911667,0.10969814901555068,0.28261681147647055
38,0,-0.8153752403319412,-0.5728425516148268,-1.3720654136131751,-0.19459519310196263,-0.4437226731394509,-0.3108579888354851,-0.47081719874021455,-0.2194814772390921,-0.8412545958797637,-0.10655239646959516,-0.44939660534050635,0.07374055777264124,0.00812983291133551,0.5492487200134115,-0.5183093775255709,-0.24538310191385865,-0.5975160789480477,-0.1578851684997486,-0.43571432750624933,-0.2456988367214315,-0.5637259705713374,-0.1308827360694047,-0.3610528274894286,-0.30565958712550045,-0.05965097935286967,-0.5191467791944568,0.11816217535756586,0.27139837446737264
39,0,0.7178679225397105,0.8585579199318937,-0.3243407984854686,-0.2309417521140148,-0.6038895858144068,0.3270876365745016,-1.0902090109476517,-0.21174359591423508,-0.44108645555357456,-0.48391122135269543,-0.2779228193880985,-1.1120341161615548,0.09277009633151731,-0.16901347339916067,-0.341986413795332,-0.19341505931630182,-0.5982415064758309,-0.15861209967998963,-0.4597393644073106,-0.2025680591440553,-0.6119008892985809,-0.15061433344780764,-0.3610528274894286,-0.33417754412048095,-0.12181022676061079,-0.459858045497747,0.05891399096344761,0.20444053345081636
40,0,-0.37456783100634405,-1.4572109958188348,-1.1803452812703283,0.2379288591418715,-0.6038895858144068,-0.06766863277775714,-0.40199588627273786,0.07455801310573765,-0.681187339750016,-0.33354381174281134,-0.402955788311714,-0.5191467791944568,0.1774103597516991,-0.51615001481273,-0.29215601100200933,-0.4514318322129382,-0.6681934466549811,-0.13753109545297873,-0.4757560556748063,-0.19325960884204635,-0.6394294142855765,-0.1200497022145961,-0.39306627871537814,-0.34374114181980725,-0.15288985046447975,-0.5191467791944568,-0.01726224611470398,0.10813131007083605
41,0,0.4687159085728792,-0.9268938359782799,-0.3523215745571268,-0.03830498934997298,-0.283555760464495,-0.4726593239279944,-0.8837450735451726,0.07842695376816615,-0.2810191994238268,-0.3053139149195088,0.10074845792344647,-0.5191467791944568,0.09277009633151731,0.5238484852758437,-0.09091784587513094,-0.49382681433199627,-0.6707842592542089,-0.12444633420862757,-0.4757560556748063,-0.22269575534682612,-0.6359883486622027,-0.09722295230624599,-0.40106964152168356,-0.31441661634415874,-0.18289776300614874,-0.5191467791944568,-0.021494259285711567,0.14736056149887033
42,0,-0.010422579824471123,-0.04556445859283943,-1.3140312113904782,-0.1473446663862535,-0.283555760464495,-0.22362172684287548,-0.22994260510402165,-0.02216550345506276,-0.44108645555357456,-0.2390600754361868,-0.020712140459502502,0.07374055777264124,-0.24579095734914974,0.019371600904521905,-0.08708473796795563,-0.41602670377658946,-0.6948270001750421,-0.11826741917657455,-0.443722673139815,-0.21899186936277934,-0.5878134299349617,-0.07362241426541016,-0.409073004327989,-0.30226047709982984,-0.23809088785957416,-0.459858045497747,-0.05958237782478586,0.14947724772700183
43,0,-0.16374689611148377,0.24010782235277037,0.012464839414143593,-0.35088539685391096,-0.12338884778953907,0.12873479506048852,-0.5396385112077158,-0.09954431670372069,-0.12095194329407902,0.19706302446684834,-0.40831434412274564,-0.5191467791944568,0.3890110183021085,-0.6699625473902717,-0.06983575238564492,-0.35205434724567974,-0.5867382985352582,-0.14770813197636162,-0.4116892906048239,-0.1857543661901511,-0.5155510518440964,-0.06278938041060157,-0.3930662787150142,-0.25450010063752754,-0.28989026069936,-0.4005693118010372,0.008129832911347551,0.028755576515907676
44,0,-0.9303684775472008,0.1869241530278003,-0.4134647518988941,-0.2672883111261083,-0.6839730421537057,-0.09934660500970938,-0.40199588627273786,-0.08406855405396271,-0.040918315231024883,-0.17107787492293297,0.031087232380289695,-0.5191467791944568,0.1774103597516991,-0.16195785263873907,-0.10433372355024458,-0.30251755810298053,-0.5892254786305146,-0.15097932228744632,-0.451731018773745,-0.13969946809905276,-0.6015776924284595,-0.05195634655578858,-0.3850629159087088,-0.23001498604587667,-0.2877468383749538,-0.459858045497747,0.11393016218655827,0.06276366858121744
45,0,-0.4512299891498504,0.06232241346641913,0.23009309774926823,0.0707346876862662,-0.12338884778953907,0.16138747413036877,-0.12671063640278216,-0.24269512121370707,-0.6011537116833223,0.061098623440288276,-0.7905579919749571,0.6666278947397393,-0.20347082563907387,-0.6248065745234732,-0.13691514076125655,-0.2791167435999848,-0.5653900027176195,-0.12917138688019433,-0.43571432750624933,-0.12386048198306779,-0.5189921174674728,-0.07439620239789586,-0.4330830927476331,-0.1884190972572354,-0.35776530097218356,-0.34128057810432744,0.05044996462143243,-0.03869615795388314
46,0,-0.9495340170830773,0.24770548939922427,-0.6155481346386662,-0.1328060427813913,-0.36363921680379385,-0.36592892517726716,-1.12461966718139,0.05134436913112268,-0.7612209678167097,-0.07889861998963815,0.18469916562930128,-0.5191467791944568,0.4736512817222903,-0.16195785263873907,-0.3074884426307106,-0.1754845650867279,-0.561141070054885,-0.09718641494955949,-0.40368094497125817,-0.1248839241628745,-0.5499617080778446,-0.0716879439341959,-0.48110326958692146,-0.17078981475124447,-0.26488366691463694,-0.2819918444076176,0.09700210950252791,-0.12590363055289705
47,0,-0.2787401333269612,-0.8083702300540342,-0.5865310335273177,-0.18005656949710044,-0.283555760464495,-0.5569714654069972,-1.0557983547138887,-0.02216550345506276,-0.20098557136077266,-0.3790573188661132,-0.12073851559842033,-0.5191467791944568,0.1774103597516991,0.7679729635870073,-0.27874013332687403,-0.22152642738807068,-0.5916090262218043,-0.1233559374382577,-0.37965590806983274,-0.1479844762212727,-0.6325472830388313,-0.06975347360298165,-0.4410864555546664,-0.18392535857923453,-0.2154063349262907,-0.34128057810432744,0.11393016218656427,-0.04434065456223296
48,0,-0.6620509240447107,-0.8053311632354665,-1.2373431584533348,-0.1764219135958952,-0.6038895858144068,-0.10129601868556547,-0.6428704799089552,-0.07633067272910571,-0.5211200836202682,-0.23848395509289366,0.05966619670568572,-0.5191467791944568,0.8122123354029573,0.546426471709243,-0.2634077016981509,-0.2447752885501347,-0.5781368007058203,-0.12153860948765098,-0.3956725993373283,-0.12702827920628074,-0.6497526111557054,-0.055438393151983026,-0.40907300432871685,-0.1971185144415644,-0.16450005472167148,-0.4005693118010372,0.19433841243572644,-0.044622879392649806
49,0,-0.6620509240447107,-0.4573580125091488,-0.5772041081701063,0.008945537365736172,-0.4437226731394509,-0.5184705453096373,-0.1611212926365205,0.05134436913112268,-0.5211200836202682,-0.11346584058963681,-0.15467603573481623,-1.1120341161615548,-0.6689922744499986,0.9852860830084935,-0.401399586356593,-0.376366881794239,-0.6034231316742841,-0.09754988053967587,-0.3796559080698327,-0.2115840973946946,-0.5568438393245922,-0.029129596647447242,-0.4170763671353862,-0.1600739763652585,-0.15217537635634326,-0.4005693118010372,0.11816217535757487,0.07080707624811562
50,0,0.2578949736782368,0.0805568143778256,0.30159952548796076,0.012580193266941389,-0.12338884778953907,-0.5491738107037502,-0.22994260510402165,-0.14210266399047813,-0.5211200836202682,-0.647529398859265,0.39011047171810503,0.07374055777264124,0.26205062317185085,0.9147298754041021,-0.33815330588813497,-0.22259010077457292,-0.4552286509984551,-0.12008474712716888,-0.3316058342673459,-0.2597346151872939,-0.5396385112077206,-0.05079566435706882,-0.4010696415224114,-0.1914725350769039,-0.07286875035336138,-0.34128057810432744,0.12662620169959002,0.21389506526979885
51,0,-1.0645272542985547,0.19300228666493577,0.7150932163247165,-0.3036348701382018,-0.2034723041288379,-0.3430233144864014,-0.3675852300389995,-0.18466101127719162,-0.20098557136077266,-0.4228424649594309,0.05430764089465414,-0.5191467791944568,-0.24579095734914974,0.1682451989497684,-0.4914776221752783,-0.11060048851025132,-0.3484871719102708,-0.14661773520599178,-0.32359748863378024,-0.2467710142431346,-0.48802252685710334,-0.07710446086160459,-0.39306627871610605,-0.2032253900808961,-0.0775128320562406,-0.34128057810432744,0.0927700963315233,0.1783347366371913
52,0,-1.1795204915138142,-0.9831165721218522,-0.635238310392803,-0.36542402045873185,-0.12338884778953907,-0.172936971271681,-0.3675852300389995,-0.07246173206667722,-0.3610528274905204,-0.13939125603960958,-0.30292941317282795,0.6666278947397393,0.8968525988231091,-0.9260815809941769,-0.6083874133442126,-0.2043556998631526,-0.2806078818105033,-0.1684256706132396,-0.30758079736628463,-0.24170253868601516,-0.5017867893506012,-0.08213408372276605,-0.3850629159098006,-0.19325850814123838,-0.10573455932757314,-0.2819918444076176,0.2070344519487492,0.08378941844732143
53,0,-0.24040905425499012,0.22491248825993165,-0.41139210181951374,-0.2600189993236979,-0.283555760464495,-0.4156389739104449,-0.5396385112077158,-0.26590876518827805,-0.5211200836202682,-0.3848185222994638,-0.3207912658761925,-0.5191467791944568,-0.03419029879874035,-0.044128985939422806,-0.6160536291585632,-0.20587523327243645,-0.322993575933869,-0.1593390308602183,-0.32359748863378024,-0.2961399155831085,-0.5017867893506011,-0.09877052857122179,-0.4250797299424195,-0.2514466628178696,-0.09698225150291784,-0.2819918444076176,0.16471432023866434,0.14637277459240633
54,0,-0.6620509240447107,0.5166629028427114,-0.6953451626948801,-0.0964594837693391,-0.2034723041288379,-0.25237557856113224,-0.12671063640278216,-0.02603444411749126,0.1191489408987229,-0.21543914135954376,0.08110041994971688,0.6666278947397393,0.13509022804159318,0.6769554557773432,-0.5892218738083143,-0.17290135829094536,-0.3511816170134676,-0.14225614812454138,-0.27554741483129347,-0.3114428129382508,-0.4742582643636055,-0.09296711757757463,-0.40907300432944477,-0.25588278946153065,-0.09198093274597512,-0.16341437701419798,0.1604823070676537,0.23026410543401452
55,0,-0.48956106822182144,-0.03492772472785233,-0.31605019816794727,-0.3399814291502953,-0.6038895858144068,0.002510259551554965,-0.8837450735451726,-0.11502007935343468,-0.20098557136077266,0.03632544867695416,0.43476510347653236,-1.1120341161615548,0.00812983291133551,0.6522607831158175,-0.5930549817155114,-0.18262637211037253,-0.40579594660518914,-0.18332775980819754,-0.3235974886337802,-0.3273305343961322,-0.5499617080778446,-0.0801996133915474,-0.3690561902971898,-0.2583601069378641,0.03055137679917384,-0.34128057810432744,0.18164237292269464,0.3579708411979436
56,0,-0.7003820031164638,-1.18521451555678,-0.20101811876222034,-0.27819227882976527,-0.12338884778953907,-0.6183779961950455,-0.47081719874021455,-0.10341325736614919,-0.12095194329407902,0.1273524629235579,-0.36187352709395326,-1.1120341161615548,0.3890110183021085,0.9323689273052063,-0.5681397803188502,-0.3259183726059729,-0.3643429450175446,-0.19786638341303492,-0.29957245173235475,-0.35257544149791004,-0.484581461233727,-0.09567537604127459,-0.3050292878449267,-0.23773499864654446,-0.024105892473151612,-0.4005693118010372,0.1731783465806765,0.46740351919233813
57,0,0.21956389460626574,0.6914092449104949,-0.1668193924524211,-0.40177057947082534,-0.2034723041288379,-0.027705652423593848,-0.1611212926365205,-0.4090595696982644,-0.12095194329407902,-0.4689320924260783,0.09717608738274817,0.07374055777264124,0.43133115001218436,-0.34752067863825303,-0.5183093775255274,-0.17594042510952002,-0.3223717809100549,-0.22003778441040742,-0.291564106098789,-0.2996488601995697,-0.39511375502599017,-0.13436478266559476,-0.29702592503825737,-0.24672247600254096,-0.0023144321750347627,-0.34128057810432744,0.19857042560672503,0.3558541549698121
58,0,-0.604554305437081,0.3783853625977409,-0.649746860948489,-0.052843612954835174,-0.36363921680379385,-0.12127750886264711,-0.29876391757149834,-0.09954431670372069,-0.20098557136077266,-0.05470156556964958,0.482992105775658,-1.1120341161615548,0.5582915451424421,0.7009445663628517,-0.5125597156647644,-0.057568772526199276,-0.2636121511595704,-0.2076799543463014,-0.26753906919772774,-0.3016470092172779,-0.3607030987922445,-0.13668614706305623,-0.2650124738123078,-0.2283442370502166,0.04001815873196246,-0.4005693118010372,0.1731783465806735,0.37130596443517294
59,0,-0.2595745937910846,0.3388774939563257,-0.7202169636474678,-0.2636536552249031,-0.12338884778953907,-0.3854230619353848,-0.22994260510402165,-0.06859279140424872,-0.20098557136077266,-0.3531319034161404,-0.31543271006519263,0.6666278947397393,0.21973049146177498,0.425775356705758,-0.4723120826394018,0.02205477812034818,-0.2779134367073065,-0.23493987360536533,-0.23550568666273658,-0.2883422608798526,-0.3675852300389947,-0.14867986311659337,-0.23299902258635824,-0.25231084333286696,0.023942491298924822,-0.2227031107109078,0.26205062317185085,0.3153548918048994
60,0,0.20039835507038917,0.3024086921334782,-0.1906548683653186,-0.07101689246086126,-0.5238061294787497,-0.0930110105633544,-0.47081719874021455,-0.17305418928990612,-0.20098557136077266,0.1273524629235579,0.10967938427511291,-0.5191467791944568,-0.4573916158995892,-0.12950199714072458,-0.47806174450018657,0.04423996589591344,-0.3271388760926344,-0.24329958217814557,-0.2755474148316576,-0.242725980865813,-0.3916726894026139,-0.15177501564653617,-0.20098557136040868,-0.17482265715458462,-0.004100617445374395,-0.2819918444076176,0.19010639926470685,0.21093170455041674
61,0,0.06623957831925309,0.09423261506138045,-0.5160609308283154,-0.245480375718877,-0.12338884778953907,-0.19243110802979863,-0.5052278549739774,-0.10341325736614919,-0.2810191994238268,-0.27823625878284497,0.5169296259120539,0.6666278947397393,0.939172730533215,-0.38138765828835186,-0.3649850612384058,0.034362998735557905,-0.4502542908079376,-0.2374841327362131,-0.26753906919772774,-0.22766676022015275,-0.40543695189611173,-0.14365024025543194,-0.2089889341667141,-0.16036203653692602,0.04216158105636558,-0.16341437701419798,0.3086027680529433,0.15596841882660475
62,0,-1.102858333370308,-0.32667813931063217,-0.42175535221643906,-0.21640312850919394,0.19694497756037277,0.07025238478604696,-0.5740491674414541,-0.21174359591423508,-0.5211200836202682,-0.3064661556061475,0.027514861839591395,-2.297808790095751,0.05044996462144145,-0.1048073244791738,-0.3573188454240551,0.1000068420166799,-0.42890599499030124,-0.22258204354125938,-0.23550568666273652,-0.20334782461437992,-0.4260833456363572,-0.15757842664018773,-0.22499565977968888,-0.17706952649357982,0.07520600855760752,-0.459858045497747,0.22396250463277653,0.23809584447810503
63,0,-0.2787401333269612,-0.15497086406138189,0.052881515962107425,-0.10009413967054433,-0.5238061294787497,-0.35374508970343255,-0.5740491674414541,-0.02216550345506276,-0.040918315231024883,-0.16877339354960322,-0.7887718067046239,-0.5191467791944568,-0.16115069392899803,0.005260359383653658,-0.3611519533312523,0.062018506784548566,-0.3824786332121391,-0.206589557575944,-0.25953072356416207,-0.19715843619367873,-0.42952441125973095,-0.1332041004668662,-0.17697548294076457,-0.15546501361859377,0.028407954474764387,-0.459858045497747,0.21126646511975075,0.24303477901041268
64,0,-1.5053346636241518,-0.8630734327883227,-0.3419583241602251,0.14706246161165842,-0.12338884778953907,0.08779710786839716,-0.3675852300389995,-0.26203982452584956,0.039115312835668756,0.01961795872030037,-0.11359377451705546,-1.1120341161615548,0.3890110183021085,0.6360328553668227,-0.44548032728919634,-0.07595512677855484,-0.34713994935867365,-0.1822373630378442,-0.25152237793023213,-0.16314116755072577,-0.4536118706233527,-0.15680463850770202,-0.18497884574706996,-0.13195930361060937,0.008938535028087145,-0.6377242465878764,0.2366585441458023,0.23894251896936067
65,0,-0.29790567286283776,-0.5804402186612461,-0.19687281860345965,-0.16188328999107435,-0.7640564984930045,-0.2362929157356741,-0.5052278549739774,-0.0918064353788637,-0.2810191994238268,0.2823288352801539,-0.9120185903579061,0.07374055777264124,0.00812983291133551,-0.20076376682113303,-0.42631478775329806,-0.13050637617189423,-0.33522221140222486,-0.16442754912192215,-0.26753906919809195,-0.18702148507944866,-0.41576014876623313,-0.15448327411024493,-0.1929822085533754,-0.10735896495028938,-0.1257398343553567,-0.5191467791944568,0.23665854414580229,0.1536400639756656
66,0,0.9095233178984764,-0.5318151495641277,-0.4352275777324113,-0.03830498934997298,-0.12338884778953907,-0.1490566537429758,-0.5052278549739774,-0.10728219802857768,-0.5211200836202682,-0.09445386925965327,-0.24755766979236918,-0.5191467791944568,0.26205062317185085,-0.04271786178733848,-0.265324255651804,-0.06516643957262899,-0.35864315729924395,-0.14043882017394288,-0.2675390691980919,-0.1400893508342417,-0.4192012143896095,-0.15487016817648777,-0.2329990225859943,-0.12953959816861052,-0.11430824862519831,-0.459858045497747,0.22396250463277653,0.05613138506641112
67,0,0.08540511785512968,-0.015173790407127442,-0.12433006582507693,0.14706246161165842,-0.283555760464495,-0.19048169435403117,-0.5396385112077158,-0.258170883863421,-0.6011537116833223,-0.2638332501995209,-0.6387322439962788,0.07374055777264124,0.5159714134323662,-0.15490223187829244,-0.2787401333269176,-0.13582474310439124,-0.35439422463650955,-0.08555551606569452,-0.2755474148316576,-0.15636695502728543,-0.45705293624672894,-0.13978129959300345,-0.2810191994249186,-0.10902971394595476,-0.187899081763101,-0.459858045497747,0.23242653097479468,0.07539322974240718
68,0,-0.08708473796797746,-0.15649039747066573,-0.3357403739220605,-0.14371001048504825,0.03677806488541685,-0.25432499223689964,-0.711691792376432,0.06682013178088066,0.1191489408987229,-0.1497614222195673,0.5508671460484815,-1.1120341161615548,0.3890110183021085,0.3813249459150017,-0.22699317658000723,-0.1893123191112319,-0.3229935759338667,-0.09464215581871584,-0.23550568666273658,-0.16967170336471069,-0.49834572372722236,-0.12314485474454329,-0.24900574819896906,-0.11853569961094652,-0.18111157773581862,-0.459858045497747,0.21549847829076135,0.04343126769762219
69,0,-0.1445813565756072,-0.1017871947364118,-0.45699040356592846,-0.10736345147295476,-0.283555760464495,-0.5759782487461508,-0.9181557297789109,-0.12662690134072016,-0.6011537116833223,-0.013797021193007209,0.08467279049038345,-1.1120341161615548,-0.33043122076933157,0.20070105444778288,-0.2154938528584595,-0.23337878798050565,-0.2966709199257128,-0.079013135443521,-0.25152237793023213,-0.1887272220457873,-0.5671670361947113,-0.12894826573819046,-0.289022562231224,-0.08460221138863322,-0.14110102768026103,-0.6377242465878764,0.1604823070676507,0.020923837471824677
70,0,-0.8920373984754476,-0.23854520157206394,-0.8290310928150536,-0.24184571981767178,0.03677806488541685,-0.16855079050109345,-0.05788932393528099,-0.35102545976179295,-0.3610528274905204,-0.07717025895965395,0.34009728414864615,-0.5191467791944568,0.09277009633151731,-0.47593297647822674,-0.3247374282130432,-0.2874741773510599,-0.3605085423706863,-0.09609601817920205,-0.1954639584938155,-0.1962812000395612,-0.525874248714218,-0.14674539278537913,-0.3050292878441988,-0.10505448357695439,-0.11805923769290769,-0.6377242465878765,0.21549847829076135,-0.013719260461925542
71,0,-0.470395528685727,0.13677955052139795,-1.259105984286852,-0.31090418194061226,-0.6038895858144068,-0.3961448371523273,-0.5052278549739774,-0.2001367739269496,-0.2810191994238268,-0.19815553105954442,-0.6083670944005178,0.07374055777264124,-0.16115069392899803,0.5647710856863892,-0.3784009389135412,-0.2832194838050581,-0.4348130477165399,-0.10263839880137557,-0.24351403229630225,-0.21665257295181406,-0.5258742487142178,-0.15641774444145917,-0.30502928784419886,-0.09704641080462435,-0.2305889097241649,-0.6970129802845862,0.10546613584454005,0.08089661393554856
72,0,-0.1445813565756072,0.46195970010842297,-0.9399178720619963,-0.10372879557174955,-0.283555760464495,-0.35423244312239655,-1.12461966718139,-0.06859279140424872,-0.2810191994238268,-0.1670450325195666,0.9724068698481205,-1.1120341161615548,0.26205062317185085,0.04406627356607267,-0.2825732412340711,-0.2043556998631526,-0.4866292997010957,-0.09137096550763114,-0.2915641060987891,-0.2591010557426584,-0.5809312986882115,-0.14210266399046054,-0.28101919942455467,-0.08310429849596626,-0.13609970892331197,-0.5784355128911666,0.126626201699581,0.09578397374007322
73,0,0.4112192899652495,-0.04252539177427169,-0.977225573490866,-0.12917138688018606,-0.283555760464495,-0.3006235670375066,-0.5740491674414541,-0.018296562792634263,0.039115312835668756,-0.25691980607953163,-0.054649660595930113,0.6666278947397393,0.00812983291133551,0.27831288281259586,-0.21357729890485005,-0.1931111526344416,-0.5896400086463929,-0.09427869022859531,-0.26753906919736353,-0.2537889034760658,-0.5809312986882115,-0.1417157699242177,-0.2730158366178853,-0.09191893974895911,-0.0626874943124426,-0.459858045497747,0.14355425438361435,0.12308922608296743
74,0,-1.4286725054804277,-0.5774011518426784,-1.0114242998006888,-0.24911503162008222,0.11686152122107392,-0.01893329088241875,-0.29876391757149834,-0.15370948597776363,0.039115312835668756,-0.10828075749963177,-0.06536677221796156,0.6666278947397393,0.05044996462144145,0.11532804324648112,-0.20591108309047765,-0.16454392453987715,-0.6565866062104393,-0.1338964395517694,-0.24351403229630225,-0.2644619433511474,-0.5740491674414614,-0.1308827360694091,-0.2730158366178853,-0.10470881137095231,-0.0578647940825332,-0.2819918444076176,0.10969814901554764,0.07101874487093328
75,0,-1.2178515705857853,-0.7825381620962084,-1.3409756624224463,-0.2091338167067835,-0.283555760464495,-0.20169082298993773,-0.40199588627273786,-0.02216550345506276,0.1191489408987229,0.035749328333608624,0.17040968346660326,-1.1120341161615548,-0.2881110890592256,0.42859760500992666,-0.29790567286277236,-0.18475371888337339,-0.770996890592338,-0.13862149222334028,-0.1954639584934513,-0.2610017340765738,-0.5637259705713374,-0.12391864287702899,-0.23299902258563035,-0.12936676206560685,0.05037803329991773,-0.4005693118010372,0.08007405681849153,0.13395488205403924
76,0,-0.7962097007960647,-0.15041226383353026,-0.3253771235251588,-0.10372879557174955,-0.4437226731394509,-0.3854230619353848,-0.9181557297789109,-0.06085491007939172,-0.44108645555357456,-0.203916734492895,-0.3904524914193493,-0.5191467791944568,-0.7113124061600745,-0.08081821389369027,-0.4684789747322265,-0.14661343031031365,-0.7600118451716128,-0.14516387284551796,-0.22749734102844252,-0.28463837489581467,-0.6050187580518308,-0.1192759140821104,-0.224995659778961,-0.140313048588931,0.03608855113721972,-0.4005693118010372,-0.017262246114700997,0.13014484684340405
77,0,-0.5853887659012044,-1.2064879832867887,-0.9274819715856907,0.012580193266941389,-0.5238061294787497,0.07951209974618609,-0.3675852300389995,-0.014427622130205766,0.039115312835668756,-0.3738722357761082,-0.16539314735684765,-0.5191467791944568,-0.16115069392899803,0.3199410452991835,-0.53555836310786,-0.2657448495982798,-0.8403270357476741,-0.15861209967998965,-0.251522377929868,-0.257638995485793,-0.5878134299349592,-0.09490158790878887,-0.1609687573270619,-0.15131694714658975,0.08342246080116283,-0.459858045497747,-0.0849744568508374,0.17762917456115165
78,0,0.16206727599863602,-1.2505544521560557,-0.4683899790025439,-0.09282482786809257,-0.12338884778953907,-0.0038253348948886702,-0.5052278549739774,-0.06472385074182022,-0.2810191994238268,-0.06046276900300015,-0.5565677215607573,1.2595152317068374,0.13509022804159318,0.8328846745830363,-0.5106431617111986,-0.37515125506681873,-0.8535919962557225,-0.15352358141829409,-0.2675390691973636,-0.23258902975159187,-0.5671670361947138,-0.10805598616105896,-0.20098557135931686,-0.14238708182493304,-0.027321025959761047,-0.2227031107109078,-0.11036653587688897,0.2227851474279551
79,0,-0.4512299891498504,0.12462328324709243,-0.593785308805149,-0.16188328999107435,-0.2034723041288379,-0.4229492751948166,-0.7461024486101947,-0.02216550345506276,-0.2810191994238268,-0.4228424649594309,0.12039649589714435,-1.1120341161615548,0.1774103597516991,0.2345680340978817,-0.5413080249686228,-0.3525102072684684,-0.8672714867796445,-0.15897556527010606,-0.25953072356379786,-0.21728613239645841,-0.5499617080778421,-0.09760984637249323,-0.16897212013336732,-0.1832916262015754,-0.023748655419084958,-0.22270311071090773,-0.059582377824785884,0.22617184539296495
80,0,-1.1795204915138142,-0.06379885950428045,-0.38030235062878504,0.012580193266941389,-0.12338884778953907,-0.1573416618651869,-0.3675852300389995,-0.11502007935343468,-0.3610528274905204,0.08932852026359081,0.031087232380289695,-0.5191467791944568,0.6429318085626239,-0.04624567216754928,-0.5700563342724595,-0.33503557306169,-0.8223986125610177,-0.1335329739616447,-0.27554741483129347,-0.21616521953286774,-0.5809312986882139,-0.07400930833165739,-0.1689721201333673,-0.1666417482792509,-0.054649660595920614,-0.22270311071090773,-0.0045662066016752155,0.2691405758240327
81,0,0.2578949736782368,0.1048693489264021,0.3699969781075828,-0.07101689246086126,-0.36363921680379385,-0.4346457572496872,-0.33317457380523674,0.07842695376816615,-0.5211200836202682,-0.07947474033298368,-0.04393254897389867,-1.1120341161615548,-0.24579095734914974,-0.16195785263873907,-0.4972272840360631,-0.3382265932211896,-0.6594883163215742,-0.10954424501366963,-0.25152237793023213,-0.2200153115426038,-0.5637259705713398,-0.04615293556214582,-0.19298220855301146,-0.15477366920659485,0.0017937939467413191,-0.3412805781043274,-0.013030232943690389,0.1964676819915199
82,0,-0.20207797518323695,-0.9800775053032845,-0.5958579588845528,-0.06738223655965604,-0.4437226731394509,-0.2046149435036332,-0.19553194887025885,-0.0918064353788637,-0.040918315231024883,-0.39749316985275124,-0.054649660595930113,-0.5191467791944568,-0.24579095734914974,0.20070105444778288,-0.5029769458968262,-0.48243031376236034,-0.6250823250038298,-0.10590958911246026,-0.26753906919772774,-0.2050535615807274,-0.47081719874022687,-0.04847429995960732,-0.16897212013373125,-0.17781848293991334,-0.10091185909766373,-0.28199184440761754,-0.06381439099579045,0.21213116007969096
83,0,-0.7387130821884349,0.19148275325565192,-0.4145010769386078,-0.06011292475724561,0.03677806488541685,-0.050123909695406955,-0.4364065425064762,-0.06085491007939172,-0.3610528274905204,-0.38424240195611825,0.17576823927760313,-0.5191467791944568,0.6429318085626239,0.24232921693437054,-0.6179701831121945,-0.45902949925936803,-0.568809875348604,-0.09900374290016624,-0.23550568666273658,-0.18000359584651746,-0.45705293624672905,-0.05273013468828307,-0.20898893416635014,-0.19055074252757198,-0.07787006911031043,-0.4005693118010372,-0.00033419343066161123,0.20853279349186837
84,0,-0.16374689611148377,-0.21575220043280585,0.4684478568782434,-0.1764219135958952,0.11686152122107392,0.18331837798321787,-0.6772811361426936,-0.03764126610477675,-0.12095194329407902,-0.15148978324960388,-0.3297221922278907,-0.5191467791944568,0.05044996462144145,0.42859760500992666,-0.4914776221753002,-0.42286460411838067,-0.42082265968071086,-0.09173443109774754,-0.23550568666273658,-0.1597784289599538,-0.4949046581038485,-0.04112331270098438,-0.22499565977932492,-0.19487164510256919,-0.10430561111130335,-0.5191467791944568,-0.00033419343066161123,0.23985974966821297
85,0,0.4687159085728792,-0.16560759792636898,-0.3336677238426802,-0.28546159063217574,-0.2034723041288379,-0.18317139306974817,-0.29876391757149834,-0.18466101127719162,0.039115312835668756,-0.37156775440277845,-0.11716614505772202,-0.5191467791944568,-0.37275135247940744,0.5259651715039702,-0.32282087425943373,-0.3611715477013968,-0.32009186582273425,-0.09936720849028675,-0.22749734102917082,-0.15792648596793485,-0.4845814612337246,-0.05737286348319727,-0.23299902258563035,-0.2356033533762079,-0.13306319396373584,-0.459858045497747,-0.008798219772679795,0.24959650631761732
86,0,-0.6428853845088341,-0.15497086406138189,-0.9492447974192079,-0.19459519310196263,-0.2034723041288379,-0.2026655298278658,-0.5740491674414541,-0.25430194320099253,-0.44108645555357456,-0.4188096225560645,0.10253464319377976,-0.5191467791944568,-0.2881110890592256,-0.2642643536650777,-0.3074884426307107,-0.36162740772418195,-0.38247863321213915,-0.10845384824330806,-0.20347230412810954,-0.13965073275718295,-0.4501708049999789,-0.07671756679535735,-0.23299902258563035,-0.25709264218252487,-0.08376448050242295,-0.459858045497747,0.0335219119374051,0.23125189234047855
87,0,-0.5087266077576981,0.9254173899404186,-0.07044116376114086,-0.1146327632753652,-0.12338884778953907,-0.09398571740128243,-0.8837450735451726,-0.2156125365766636,-0.040918315231024883,-0.29263926736616896,-0.28149518992876504,0.6666278947397393,0.09277009633151731,-0.07164590690511713,-0.29982222681636006,-0.14843687040146122,-0.29677455242968415,-0.12117514389753872,-0.1634305759591885,-0.1570005144719298,-0.5017867893505963,-0.09683605824000313,-0.2410023853922997,-0.24896934534153087,-0.09537468475961469,-0.34128057810432744,0.05891399096345663,0.19209319712004852
88,0,0.3537226713576197,-0.4208892106863013,-0.9461358223001374,0.04165744047662445,-0.12338884778953907,-0.2514008717232042,-0.6772811361426936,-0.12275796067829167,-0.2810191994238268,-0.09848671166296723,-0.7048210989987691,-0.5191467791944568,-0.03419029879874035,0.3622747698618133,-0.2806566872804617,-0.06547034625448578,-0.3445491367594435,-0.10772691706306703,-0.1634305759591885,-0.18175806815476134,-0.5189921174674679,-0.10263946923365028,-0.2410023853922997,-0.25277173960752763,-0.11020002250341587,-0.5191467791944568,0.04198593827942328,0.1450322066479262
89,0,-0.12541581703973062,0.12462328324709243,-0.6155481346386662,-0.08192086016447692,-0.12338884778953907,-0.20169082298993773,0.11416395723343523,-0.1923988926020926,-0.3610528274905204,-0.027047789089692572,0.10253464319377976,0.07374055777264124,-0.07651043050881622,-0.541550249550298,-0.24807527006944968,-0.06547034625448578,-0.34672541934279516,-0.09973067408040728,-0.15542223032525862,-0.15963222293427345,-0.4329654768831048,-0.11966280814835326,-0.2490057481989691,-0.21319227202055377,-0.11198620777375234,-0.4005693118010373,0.016593859253371746,0.06742037828310823
90,0,-0.5278921472935746,0.028892678462139398,-0.6093301844005251,-0.10009413967054433,-0.2034723041288379,-0.23921703624936957,-0.6428704799089552,-0.10341325736614919,-0.12095194329407902,0.3036452879834672,-0.3672320829049849,-0.5191467791944568,1.0238129939533667,0.10192236380165504,-0.18291243564742574,-0.056201192457843795,-0.3696282027199692,-0.11099810737415586,-0.16343057595918847,-0.16781976037269172,-0.4604940018701004,-0.1185021259496247,-0.22499565977932495,-0.19176059524856617,-0.15181813930227978,-0.4005693118010372,0.054681977792446025,0.08223718188002867
91,0,0.7370334620755872,-0.13217786292208925,-0.4673536539628537,-0.1873258812995522,0.03677806488541685,-0.3230418243093197,-0.12671063640278216,-0.056985969416963225,-0.20098557136077266,-0.20334061414954946,0.3811795453664069,0.6666278947397393,0.3043707548819267,0.6176882413896765,-0.1349985868076907,-0.07990591364269292,-0.4533632659270129,-0.12262900625802495,-0.12338884779026742,-0.156659367078655,-0.43984760812985496,-0.13204341826813765,-0.1929822085533754,-0.20414718263022272,-0.10930692986824923,-0.22270311071090781,0.10969814901555368,0.1602017912828702
92,0,-0.1445813565756072,-0.9329719696154499,-0.37719337550971455,-0.29636555833579137,-0.5238061294787497,-0.24262851018202908,-0.33317457380523674,-0.018296562792634263,-0.3610528274905204,-0.22004810410620326,-0.20468922330427514,0.07374055777264124,-0.20347082563907387,-0.3919710894290093,-0.12924892494692772,-0.07519536007390946,-0.431496807589529,-0.14552733843563848,-0.1313971934241973,-0.16046072374649456,-0.4536118706233527,-0.1246924310095147,-0.22499565977932495,-0.18640267605556793,-0.12431088613908373,-0.163414377014198,0.11393016218656124,0.100934576895191
93,0,-0.2787401333269612,0.1519748846142367,-0.25801599594522695,-0.21640312850919394,0.11686152122107392,-0.41515162049156956,-0.05788932393528099,-0.10341325736614919,-0.040918315231024883,-0.0812031013629679,0.40797232442146963,0.07374055777264124,0.21973049146177498,-0.06811809652490634,-0.08325163006078035,-0.07914614693805098,-0.415848299490191,-0.1611563588108333,-0.1233888477906316,-0.19696349482611084,-0.41576014876623324,-0.12894826573819046,-0.1929822085533754,-0.1560987459962529,-0.10109047762469707,-0.10412564331748819,0.07161003047647636,0.06988984554926332
94,0,-0.6428853845088341,-0.20359593315850033,0.05599049108117794,0.019849505069351826,-0.4437226731394509,-0.1544175413514914,-0.4364065425064762,-0.10728219802857768,-0.040918315231024883,-0.30589003526280195,-0.24577148452203587,-0.5191467791944568,0.3890110183021085,0.6176882413896765,-0.1311654789005154,-0.07793052021062044,-0.4570940360698975,-0.1415292169443086,-0.17944726722668408,-0.23073708675958177,-0.39167268940261146,-0.13591235893057058,-0.18497884574706996,-0.17153877119757271,-0.09269540685411161,-0.10412564331748819,0.10546613584454308,0.08879890918723829
95,0,0.2578949736782368,-0.4512798788720133,0.43943075576687146,-0.43811713848291883,-0.36363921680379385,0.019567629214852486,-0.47081719874021455,-0.11502007935343468,-0.5211200836202682,-0.2718989350062012,0.18648535089963456,0.07374055777264124,-0.7959526695802562,-0.21981394287432146,-0.1522475723899796,-0.10649774830518488,-0.37978418810894227,-0.15679477172938291,-0.1954639584941797,-0.2104631845311217,-0.4088780175194831,-0.12894826573819487,-0.24100238539266366,-0.161571889257915,-0.062330257258375946,-0.04483690962077839,0.06314600413445819,0.014220997749409135
96,0,-0.41289891007809726,-0.9162571021132928,-0.902610170633103,-0.40540523537203055,0.03677806488541685,0.04149853306779022,-0.4364065425064762,-0.2001367739269496,-0.3610528274905204,-0.4458872786927284,-0.33508074803889054,-1.704921453128653,0.09277009633151731,-0.6904238475955444,-0.12924892494690593,-0.18262637211037597,-0.3751207254303318,-0.1778757759563897,-0.1714389215927542,-0.18604677824155608,-0.3951137550259853,-0.12353174881079057,-0.23299902258635824,-0.1642796548715814,-0.10609179638164297,-0.16341437701419798,0.10123412267353246,-0.028394951643637534
97,0,-0.5662232263653277,-0.20967406679567036,-0.05904158832454896,-0.23457640801526133,-0.283555760464495,-0.4536525405888408,-0.4364065425064762,-0.1923988926020926,-0.3610528274905204,-0.15206590359294941,-0.5476367952090592,0.07374055777264124,0.4736512817222903,0.7136446837316357,-0.1349985868076689,-0.2961355177839849,-0.3739807678866726,-0.1898701404303793,-0.18745561286024978,-0.22201346056031196,-0.35037990192211566,-0.12121038441333347,-0.2650124738123078,-0.15022231849425943,-0.1327059569096724,-0.2227031107109078,0.13932224121260978,0.050134107420037745
98,0,0.2770605132141134,-1.0454174419025601,-0.12640271590445726,-0.18369122539830565,-0.283555760464495,0.002022906132590943,0.2862172384021759,-0.13049584200314868,-0.44108645555357456,-0.18663312419289568,0.2293537973877286,0.07374055777264124,0.7275720719827755,-0.04060117555918694,-0.1426648026220195,-0.35858834090561076,-0.29200745724710464,-0.21240500701787232,-0.2034723041277454,-0.19667108277473244,-0.25403006446762866,-0.12198417254581917,-0.2810191994252826,-0.15903695974725224,-0.03928846727102263,-0.16341437701419798,0.21549847829076135,0.00984651287793772
99,0,0.16206727599863602,-0.5257370159269922,-0.4310822775736506,-0.15824863408986914,-0.2034723041288379,-0.46193754871105186,-0.47081719874021455,-0.14210266399047813,-0.20098557136077266,-0.23848395509289366,-0.011781214107836075,-1.1120341161615548,0.5582915451424421,0.6811888282336211,-0.11391649331818285,-0.4236243708230192,-0.2735608715406031,-0.22003778441041155,-0.2114806497616753,-0.22269575534684383,-0.31252818006499367,-0.11695454968465771,-0.2650124738123078,-0.1801805763475724,-0.05072005300118421,-0.2819918444076176,0.2789786758558872,0.13212042065632962
100,0,-0.8153752403319412,-0.5257370159269922,-0.5378237566618326,-0.0419396452511782,0.2770284338960298,-0.1544175413514914,-0.29876391757149834,-0.2156125365766636,-0.2810191994238268,-0.3393050151761619,0.633031668484003,0.07374055777264124,0.09277009633151731,-0.2402752430795942,-0.14266480262201953,-0.4790873402619324,-0.2664102287667338,-0.21422233496847495,-0.16343057595918847,-0.21421580585705602,-0.278117523831248,-0.12817447760570916,-0.2810191994252826,-0.24447560666353527,0.04930632213771459,-0.2227031107109078,0.18587438609370227,0.0979006599682047
101,0,-0.5853887659012044,-0.031888657909284586,-0.4020651764623022,0.18340902062375192,-0.283555760464495,-0.2830788439551564,-0.3675852300389995,-0.10728219802857768,0.19918256896541653,0.20743319064685842,0.8991732737642654,-0.5191467791944568,-0.33043122076933157,0.5182039886675064,-0.2749070254196987,-0.4690584197606519,-0.2598813810166787,-0.1771488447761445,-0.1954639584941797,-0.2102195078216397,-0.30220498319486977,-0.1332041004668706,-0.24100238539266366,-0.20339822618389453,0.10110569497750044,-0.3412805781043274,0.12239418852857642,0.0879522346959877
102,0,-0.31707121239871433,-1.274866986704632,0.2363110479874328,-0.25274968752128746,0.11686152122107392,-0.5145717179580138,-0.26435326133776,-0.3162049937998925,-0.44108645555357456,-0.2655616112295051,0.0025082680548619385,-0.5191467791944568,-0.4997117476096651,-0.17113015962728714,-0.2921560110020094,-0.5032479214695702,-0.19853093866696392,-0.17278725769469414,-0.1313971934241973,-0.23741382859923815,-0.2953228519481221,-0.16299494356759642,-0.2490057481989691,-0.20794957689622467,0.12182544411341414,-0.4005693118010372,0.0927700963315173,0.11003632767615992
103,0,0.48788144810897366,0.2218734214413639,-0.40310150150199237,-0.05647826885604039,-0.043305391453882,-0.15003136058090386,-0.09229998016901934,-0.10341325736614919,0.27921619702847067,-0.35140354238610383,0.8134363807880773,0.6666278947397393,0.21973049146177498,-0.09351833126247419,-0.2154938528584159,-0.49625806778685744,-0.21303948922264046,-0.15679477172937878,-0.1474138846916929,-0.21090180260817162,-0.2987639175714959,-0.16299494356759642,-0.21699229697301953,-0.23496962099853827,0.1623718497500749,-0.34128057810432744,0.09277009633151731,0.10749630420240312
104,0,-1.1795204915138142,-0.8448390318768817,-0.030024487213200585,0.005310881464530954,0.03677806488541685,-0.024781531909898364,0.25180658216841306,-0.21174359591423508,-0.3610528274905204,0.20685707030351289,-0.35472878601262015,0.6666278947397393,-0.2881110890592256,0.23527359617392388,-0.2691573635589139,-0.5603823776586955,-0.2216409870520783,-0.15824863408986087,-0.09936381088920612,-0.1979382016640123,-0.229942605104007,-0.17344108335616215,-0.2490057481989691,-0.1836949104419068,0.15147611960101645,-0.22270311071090781,0.0250578855953839,0.06925483968082788
105,0,-0.20207797518323695,-0.8752297000625937,-0.5398964067412129,-0.07101689246086126,0.11686152122107392,-0.1763484452043405,-0.5396385112077158,-0.34715651909936446,-0.2810191994238268,-0.37617671714943796,0.42047562131383437,0.07374055777264124,0.05044996462144145,0.45399783974751956,-0.3151546584450613,-0.6027773597777535,-0.3195737033028868,-0.12153860948765512,-0.051313737086719345,-0.2175298091059316,-0.2368247363507571,-0.19665472733075515,-0.22499565977932495,-0.19412268865623047,0.17487514664243647,-0.2227031107109078,0.10969814901555366,0.13663601794301197
106,0,0.06623957831925309,0.5364168371634018,-0.12640271590445726,-0.08919017196688735,-0.043305391453882,-0.05889627123658205,-0.8493344173114342,-0.10341325736614919,-0.2810191994238268,-0.03914631629968686,0.3418834694189794,-0.5191467791944568,-0.16115069392899803,-0.36939310299561007,-0.26724080960532626,-0.457509965850084,-0.24195295783002221,-0.08991710314714078,-0.059322082720649226,-0.2275692895363688,-0.2781175238312529,-0.18698237567467507,-0.2169922969726556,-0.15344859241692632,0.24257156838822347,-0.10412564331748819,0.08430606998950212,0.1687390924030054
107,0,-0.9686995566191718,-1.2049684498775048,-0.3461036243189858,-0.052843612954835174,-0.2034723041288379,-0.28112943027938897,-0.47081719874021455,-0.289122409162893,-0.20098557136077266,-0.30300943354617904,-0.11180758924672217,0.07374055777264124,0.00812983291133551,0.45752565012773033,-0.3074884426307106,-0.5570394041582676,-0.2706591614294659,-0.07174382364109819,-0.05131373708708352,-0.2103169785054236,-0.28155858945462675,-0.19665472733075515,-0.20098557135968081,-0.1685429454122493,0.28615448898445717,-0.10412564331748819,0.03775392510840664,0.14312718904261484
108,0,-0.029588119360347706,0.22339295485064778,-0.3637211499937423,-0.1873258812995522,-0.2034723041288379,-0.019907997720346796,0.14857461346719802,-0.10728219802857768,-0.20098557136077266,-0.4199618632427556,-0.41545908520407876,0.07374055777264124,0.7698922036928815,0.14213940213615836,-0.3381533058881568,-0.4301583644829468,-0.29439100483839437,-0.07210728923122282,-0.04330539145351782,-0.2125100688907174,-0.2953228519481245,-0.19433336293329803,-0.1769754829404006,-0.19187581931723524,0.2216732007252764,-0.10412564331748819,0.04198593827941723,0.16140124681214937
109,0,-0.10625027750385403,-0.02277145745358135,-0.3906656010257103,-0.10736345147295476,-0.283555760464495,-0.31816829011976816,-0.6428704799089552,-0.16918524862747764,-0.5211200836202682,-0.24712576024286712,0.15433401603357197,-0.5191467791944568,0.00812983291133551,-0.015200940821619085,-0.3649850612384058,-0.3798618086356057,-0.29034933718360034,-0.06701877096953138,-0.05131373708708352,-0.19813314303158905,-0.31252818006499855,-0.197041621396998,-0.20898893416635017,-0.1927399998322326,0.23828472373941717,-0.044836909620778395,-0.013030232943693421,0.09176226990662537
110,0,-0.6812164635805873,0.063841946875703,-0.929554621665071,-0.012862398041536457,-0.36363921680379385,0.03711235229720267,-0.5396385112077158,-0.23108829922637758,0.19918256896541653,-0.48967242478604606,0.5419362196967833,-0.5191467791944568,-0.20347082563907387,0.27407951035634287,-0.3515691835632704,-0.32090391235533616,-0.32952242368392415,-0.0641110462485672,-0.1153805021570659,-0.17898015366671963,-0.3366156394286203,-0.19858919766196942,-0.16096875732742583,-0.20777674079322103,0.22917517886069527,-0.10412564331748819,-0.042654325140752535,0.14319774525021908
111,0,-1.1220238729061844,0.7613077817376221,-0.5461143569793775,-0.10736345147295476,-0.12338884778953907,-0.3756759935562816,-0.47081719874021455,-0.15370948597776363,0.3592498250951643,-0.27305117569283993,-0.8244955121113531,0.07374055777264124,-0.542031879319741,0.35521914910136665,-0.4052326942637684,-0.2415842683906455,-0.3439273417356317,-0.09318829345823788,-0.09936381088957032,-0.18823986862683212,-0.34693883629874184,-0.20323192645688798,-0.14496203171445105,-0.2558251774271908,0.056808300273133404,-0.044836909620778395,-0.06381439099579347,0.12689926129360513
112,0,-0.1445813565756072,0.8798313876618679,0.10884306810542384,-0.17278725769469,-0.12338884778953907,-0.33132683243153077,-0.3675852300389995,-0.289122409162893,0.1191489408987229,-0.4597141669327069,-0.1421727388424515,-0.5191467791944568,-0.7113124061600745,-0.06670697237282203,-0.3879837086814577,-0.026114430953995505,-0.3566741397238326,-0.08519205047557814,-0.12338884779063161,-0.16991538007418383,-0.35726203316886573,-0.20052366799318805,-0.08893849206922132,-0.275240432997511,0.04234019958340206,-0.044836909620778395,-0.0849744568508344,0.1373415800190516
113,0,0.6028746853242332,-0.09418952768995789,0.6840034651339877,-0.12190207507777563,-0.283555760464495,-0.07449158064307615,0.010931988532195711,-0.018296562792634263,-0.2810191994238268,-0.1440002187862691,-0.0403601784332321,-0.5191467791944568,-0.11883056221889209,0.6120437447813141,-0.37648438495993175,-0.05772072586712769,-0.2479636430602346,-0.09173443109775167,-0.1474138846916929,-0.16236140208040106,-0.34693883629874434,-0.19201199853583656,-0.14496203171445105,-0.25450010063752754,-0.04303945633872888,-0.163414377014198,-0.11883056221890112,0.20789778762343042
114,0,-0.5278921472935746,-0.1929591992935132,-0.005152686260612893,-0.05647826885604039,-0.2034723041288379,0.1721092493473113,-0.19553194887025885,-0.23882618055127855,-0.2810191994238268,-0.1837525224762204,0.17576823927760313,-0.5191467791944568,0.3043707548819267,0.0892222464328711,-0.3113215505379078,0.007467257391209165,-0.24547646296497586,-0.0979133461298088,-0.17143892159311838,-0.1426723239546801,-0.39167268940261146,-0.1947202569995409,-0.1369586689077817,-0.29356105991550085,0.010010246190293448,-0.2819918444076176,-0.059582377824785884,0.19329265264932516
115,0,0.10457065739100625,0.4391666989691649,-0.30672327281071216,-0.37996264406359403,-0.12338884778953907,-0.4297722230601356,-0.26435326133776,-0.11888902001586317,-0.2810191994238268,-0.3179885624727962,-0.3797353797973496,0.6666278947397393,-0.2881110890592256,-0.4103157034061556,-0.2806566872804835,0.13890689729438505,-0.22215914957192578,-0.12880792129008206,-0.1954639584941797,-0.16801470174025962,-0.3641441644156159,-0.17189350709119075,-0.1369586689077817,-0.2877422444478367,-0.07001085392082496,-0.22270311071090781,-0.0934384831928526,0.10686129833395763
116,0,-0.7195475426523404,0.575924705804817,-0.569949832892275,-0.2273070962128096,-0.6038895858144068,-0.3103706354165211,-0.8149237610776715,-0.010558681467777269,-0.5211200836202682,-0.20910181758290003,-0.2707780783067653,-0.5191467791944568,0.1774103597516991,-1.2125397838679453,-0.3592353993776428,0.14285768415852657,-0.26651386127070753,-0.1426196137146743,-0.25152237793023213,-0.1931621381582535,-0.3607030987922396,-0.16260804950135357,-0.16096875732742583,-0.304737794576158,-0.13127700869339942,-0.22270311071090781,-0.05958237782478289,0.02254663024672412
117,0,-0.5087266077576981,-1.2657497862488942,-0.3295224236839195,-0.02376636574515211,-0.12338884778953907,0.16187482754924415,-0.29876391757149834,-0.14597160465290665,-0.2810191994238268,-0.3035855538894722,0.23471235319872846,-0.5191467791944568,0.4736512817222903,0.6106326206292297,-0.3132381044914955,0.13677955052138757,-0.2648557412072009,-0.13971188899370598,-0.2435140322963023,-0.1488617123753902,-0.34349777067536796,-0.14829296905035494,-0.16897212013373125,-0.3047954066104874,-0.09662501444885437,-0.2819918444076176,-0.013030232943687398,0.037857327296874056
118,0,-0.7195475426523404,-0.3874594756820216,-0.009297986419373582,-0.009227742140331239,-0.043305391453882,-0.0808271750895198,-0.12671063640278216,-0.1923988926020926,-0.12095194329407902,-0.41650514118273474,-0.15110366519414964,-0.5191467791944568,-0.2881110890592256,0.3538080249492823,-0.38223404682069473,0.07569430746812067,-0.22941342484976404,-0.1219020750777839,-0.22749734102880667,-0.1549536301123075,-0.37102629566236606,-0.15680463850770643,-0.1609687573270619,-0.3044497344044853,-0.07018947244786145,-0.34128057810432744,-0.1188305622188981,0.05902418957818645
119,0,-0.16374689611148377,-0.624506687530513,-0.10567621511065382,-0.24911503162008222,-0.36363921680379385,-0.24798939779054469,-0.6428704799089552,-0.24269512121370707,0.039115312835668756,-0.2425167974962076,0.30615976401225026,0.6666278947397393,-0.7113124061600745,-0.140085428281382,-0.3879837086814577,0.015520784460427494,-0.20091448625825836,-0.13607723309249664,-0.23550568666273658,-0.14793574087938516,-0.371026295662366,-0.1641556257663294,-0.10494521768146821,-0.30398883812981936,-0.055006897649993614,-0.22270311071090781,-0.1907747861260391,0.04653574083221015
120,0,-0.3937333705422207,-0.0030175231328564657,-0.347139949358676,-0.18369122539830565,-0.043305391453882,0.01615615528219298,-0.09229998016901934,-0.08406855405396271,-0.2810191994238268,-0.29091090633618477,-0.05286347532559683,-1.1120341161615548,0.00812983291133551,-0.5260278838773204,-0.35923539937762106,0.00883483745957155,-0.1426730190276189,-0.15316011582817354,-0.20347230412774536,-0.15003136058088615,-0.3262924425584964,-0.14945365124908788,-0.15296539452039254,-0.2841126862848332,-0.11448686715223162,-0.2819918444076176,-0.16961472027099816,-0.03347499859115617
121,0,-0.1445813565756072,-0.3631469411334796,-0.08494971431682682,-0.12917138688018606,-0.36363921680379385,-0.12176486228161114,0.04534264476595851,-0.24269512121370707,-0.20098557136077266,-0.39922153088278783,0.43833747401719897,0.07374055777264124,0.7275720719827755,0.3150021107668884,-0.2614911477445633,-0.10361063482753863,-0.09655655476136381,-0.1553409093688967,-0.22749734102917082,-0.12464024745341909,-0.27467645820787906,-0.15835221477268221,-0.20898893416598624,-0.296729721803828,0.01179643146062358,-0.2819918444076176,-0.04265432514074653,-0.037496702424604
122,0,-0.31707121239871433,-0.8129288302818858,-1.2041807571832257,0.052561408180240105,0.11686152122107392,-0.37128981278569406,-0.5740491674414541,-0.2272193585639491,0.039115312835668756,-0.3876991240160867,-0.3118603395245261,0.6666278947397393,0.3890110183021085,0.6522607831158175,-0.278740133326874,-0.272886656621914,-0.2278589372902288,-0.13280604278140368,-0.2034723041281096,-0.1286365454888354,-0.2953228519481245,-0.1521619097127878,-0.21699229697229167,-0.28952821751216595,-0.005172328607583876,-0.16341437701419798,0.06737801730547177,0.03440007312425995
123,0,-0.5470576868294512,0.41637369782987227,-0.8777383696805153,-0.05647826885604039,-0.12338884778953907,-0.4341584038307232,-0.19553194887025885,-0.21174359591423508,0.1191489408987229,-0.14630470015959884,-0.3904524914193493,-1.1120341161615548,-0.20347082563907387,-0.28543121594639265,-0.39373337054224244,-0.22183033406993097,-0.38403312077167906,-0.12626366215923018,-0.18745561286061396,-0.16460322780760012,-0.3159692456883699,-0.1715066130249479,-0.17697548294003668,-0.2897586656494989,-0.040181559906195596,-0.22270311071090781,0.0589139909634536,-0.055347422948510715
124,0,-0.24040905425499012,-0.5637253511591235,-0.3388493490411546,-0.36178936455752664,-0.2034723041288379,-0.08862482979276684,-0.1611212926365205,-0.2194814772390921,-0.20098557136077266,-0.1641644308028913,-0.4922650518286004,-0.5191467791944568,0.1774103597516991,-0.3729209133758209,-0.364985061238384,-0.258906949256492,-0.41740278704973327,-0.15679477172937878,-0.18745561286061396,-0.19067663572160792,-0.3125281800649961,-0.16957214269372928,-0.16897212013373125,-0.28779985648216605,-0.10698488901681595,-0.22270311071090781,0.04621795145043083,-0.10156173892937992
125,0,0.20039835507038917,0.9649252585818338,0.5057555583071132,-0.06374758065845082,-0.36363921680379385,-0.905916513377613,0.25180658216841306,-0.14210266399047813,0.1191489408987229,-0.11288972024629126,0.4151170655028345,-0.5191467791944568,-0.4573916158995892,0.7115279975035091,-0.35540229147044566,-0.2063310932952251,-0.3361549039379507,-0.12517326538886447,-0.21148064976203945,-0.23829106475335565,-0.26091219571437885,-0.17189350709119075,-0.1289553061014763,-0.26728997225951556,-0.027499644486797536,-0.34128057810432744,0.029289898766394474,0.01062263116158656
126,0,-0.8537063194036945,0.4756355007920124,0.009355864295073077,-0.3581547086563214,0.03677806488541685,-0.18560816016447962,-1.0557983547138887,-0.3239428751247495,0.27921619702847067,-0.4118961784360753,0.00965300913622681,0.07374055777264124,-0.41507148418948325,0.0010269869274007045,-0.3688181691455811,-0.21636001379650555,-0.27822433421921594,-0.13825802663321562,-0.1474138846920571,-0.2258148172281515,-0.28499965507800057,-0.20323192645688798,-0.04892167803660241,-0.2875694083448331,0.0005434642575016758,-0.2819918444076176,-0.029958285627723763,0.13197930824112114
127,0,-1.7544866775907653,-0.2294280011163607,-0.07044116376114086,0.13979314980924798,-0.6038895858144068,0.028827344174991602,0.14857461346719802,-0.11115113869100618,-0.3610528274905204,-0.021286585656341995,0.4240479918545009,-0.5191467791944568,-0.03419029879874035,-0.05259573085192871,-0.4933941761288878,-0.11272783528325223,-0.252316208226938,-0.12190207507777562,-0.19546395849454384,-0.2391195655655768,-0.24026580197413092,-0.19974987986069795,-0.05692504084327177,-0.25933951152152,0.019477028123078922,-0.2819918444076176,-0.08074244367982683,0.06565647309300529
128,0,-0.43206444961397383,-1.2171247171517758,-0.6911998625361194,0.08890796719233361,-0.4437226731394509,-0.2655341208728062,-0.19553194887025885,-0.10728219802857768,0.27921619702847067,-0.456833565216084,0.32402161671561486,-0.5191467791944568,-0.33043122076933157,-0.2254584394826838,-0.46464586682505116,-0.19569435943022767,-0.3205063958386126,-0.11208850414450913,-0.23550568666310076,-0.2575902601439054,-0.24714793322087858,-0.19123821040334646,-0.016908226811016808,-0.263372353924855,0.06698955631405537,-0.2819918444076176,-0.08497445685083742,0.007729826649808688
129,0,-0.4512299891498504,-0.48926821410414467,-0.5098429805901743,-0.5217142242107214,-0.5238061294787497,0.1560265865218532,0.11416395723343523,-0.2078746552518066,-0.12095194329407902,-0.04663588076296925,-0.21362014965594156,-0.5191467791944568,0.21973049146177498,-0.12244637638027792,-0.4933941761288878,-0.18217051208759083,-0.3609230723865647,-0.13934842340357306,-0.2515223779305963,-0.21718866171266565,-0.17144448950663954,-0.1877561638071564,-0.03291495242399158,-0.2437842622515311,0.015011564947236189,-0.4005693118010372,0.008129832911347524,0.009493731839919098
130,0,-0.5662232263653277,-0.7536670273197803,-0.020697561855965472,-0.25274968752128746,-0.12338884778953907,-0.14272105929662082,0.07975330099969687,-0.2852534685004645,0.039115312835668756,-0.15552262565291786,-0.08680099546199271,0.6666278947397393,0.09277009633151731,0.03983290110979465,-0.5106431617111985,-0.25723546250628326,-0.3282788336362936,-0.14625426961587124,-0.25953072356416207,-0.23307638317054705,-0.15423916138976793,-0.20787465525180657,-0.0009015011980420248,-0.2302454341832044,0.0116178129335966,-0.22270311071090781,0.016593859253365702,0.0660798103386306
131,0,0.04707403878337651,-0.21727173384208973,0.006246889176002562,-0.32544280554547445,0.11686152122107392,-0.4507284200751453,-0.33317457380523674,-0.36263228174907847,0.43928345315821843,0.024226921466959872,0.2490018353614582,0.07374055777264124,0.00812983291133551,0.2409180927822862,-0.4914776221753002,-0.24264794177714424,-0.31915917328701066,-0.1658814114824001,-0.21148064976167524,-0.2659727389499004,-0.19209088324688744,-0.21986837130534376,0.06312540125385709,-0.18790058894822967,-0.007315750931977477,-0.22270311071090781,-0.055350364653778295,0.058671408540170375
132,0,-0.37456783100634405,-0.1428145967871109,-0.5419690568205933,-0.07101689246086126,-0.36363921680379385,-0.2708950084813218,-0.8149237610776715,-0.1923988926020926,-0.12095194329407902,-0.15148978324960388,0.4133308802325012,-0.5191467791944568,-0.03419029879874035,0.10192236380165504,-0.4972272840360631,-0.17563651842766675,-0.25293800325074745,-0.17823924154651022,-0.259530723564162,-0.2559332585194632,-0.21617834261050922,-0.21638632470915806,0.04711867564088231,-0.1642796548715814,0.06520337104372524,-0.34128057810432744,-0.09767049636386319,0.0036375666087541335
133,0,0.4112192899652495,-0.43152594455128845,-0.8922469202362012,-0.31090418194061226,0.19694497756037277,-0.1334613443364817,-0.26435326133776,-0.12662690134072016,-0.12095194329407902,-0.3007049521728493,0.2472156500910932,0.6666278947397393,-0.37275135247940744,-0.18383027699609614,-0.4013995863565931,-0.26042648266578283,-0.254388858306316,-0.20368183285496738,-0.22749734102917088,-0.22586355257003904,-0.22306047385725933,-0.20787465525180657,0.02310858722160211,-0.17971968007290642,0.1289701851947695,-0.163414377014198,-0.11459854904789654,0.013797660503783785
134,0,-0.24040905425499012,-0.98615563894042,-0.050750988007004026,-0.2600189993236979,-0.12338884778953907,-0.15246812767563533,-0.6428704799089552,-0.18079207061476313,-0.2810191994238268,-0.2943676283961532,-0.02249832572983579,0.07374055777264124,0.3466908865920326,0.2853685035730425,-0.401399586356593,-0.3026695114439124,-0.225579022202901,-0.19350479633158452,-0.21948899539524097,-0.2322478823583259,-0.2712353925845028,-0.20400571458937367,0.015105224415296704,-0.1927399998322326,0.17594685780464597,-0.10412564331748819,-0.0976704963638632,0.07962660219867013
135,0,-0.9686995566191718,-0.09418952768995789,-0.4103557767798236,-0.1509793222874587,-0.2034723041288379,-0.3459474350001855,-0.4364065425064762,-0.14210266399047813,0.1191489408987229,-0.3064661556061475,0.1775544245479364,-1.1120341161615548,-0.07651043050881622,-0.1880636494523491,-0.5183093775255492,-0.40858099007109167,-0.3171901557115947,-0.20222797049448532,-0.20347230412774536,-0.17625097452058314,-0.3400567050519917,-0.20400571458937372,0.0151052244152967,-0.21209764336821824,0.15219059370915616,-0.16341437701419798,-0.059582377824785884,-0.010332562496915703
136,0,-0.18291243564736037,-0.0668379263228482,-0.30983224792978264,-0.11099810737415998,0.11686152122107392,0.12386126087093693,0.04534264476595851,-0.2040057145893781,0.1191489408987229,-0.3784811985227677,-0.1082352187060556,0.07374055777264124,-0.16115069392899803,0.44905890521519937,-0.45122998914991574,-0.4628283327825777,-0.3491089669340802,-0.1775123103662692,-0.1954639584941797,-0.14530403241704148,-0.229942605104007,-0.19201199853583656,-0.0009015011976780771,-0.2087561453768875,0.14040177092492792,-0.16341437701419798,-0.03419029879873736,0.034470629331864164
137,0,-0.31707121239871433,-0.4619166127370004,0.23320207286833874,-0.28909624653338095,-0.36363921680379385,-0.09349836398231841,0.04534264476595851,-0.1769231299523346,-0.040918315231024883,-0.6411920750826212,-0.48333412547690224,-1.1120341161615548,-0.07651043050881622,0.503387185070571,-0.3074884426307107,-0.48607719394464166,-0.3187446432711323,-0.22040125000053207,-0.17143892159311838,-0.15753660323277247,-0.24026580197413097,-0.1985891976619694,0.031111950028271475,-0.2707466943195154,0.04966355919178759,-0.22270311071090773,-0.03842231196974495,0.09006892092411414
138,0,-0.5278921472935746,-0.6594559559440766,-0.4497361282880972,-0.06011292475724561,-0.043305391453882,-0.5101855371874262,-0.6428704799089552,-0.014427622130205766,-0.3610528274905204,-0.16589279183292793,-0.19754448222291024,0.6666278947397393,0.26205062317185085,-0.26849772612135575,-0.3170712123986707,-0.43031031782387175,-0.29459826984633003,-0.23530333919549,-0.13139719342456146,-0.1820017448642345,-0.28499965507800057,-0.1893037400721322,-0.03291495242362764,-0.2416526169811998,-0.0024930507020649167,-0.10412564331748816,0.020825872424373292,0.08576499226024692
139,0,-0.20207797518323695,0.27505709076633394,0.02075543973166497,0.1434278057104532,-0.6839730421537057,-0.4624249021300159,-0.9525663860126493,-0.2001367739269496,-0.2810191994238268,0.23681532815679962,-0.09573192181369088,0.07374055777264124,-0.5843520110298168,-0.07376259313324361,-0.2921560110020094,-0.35387778733682385,-0.24153842781414608,-0.16878913620337252,-0.1474138846920571,-0.24384689372942142,-0.391672689402609,-0.1885299519396465,-0.04892167803660241,-0.21330749608922295,0.009295772082160151,-0.044836909620778354,-0.059582377824785884,0.09063337058495037
140,0,0.2578949736782368,0.6351865087669571,0.6549863640226393,-0.32544280554547445,0.11686152122107392,-0.18219668623182012,0.2862172384021759,-0.2272193585639491,-0.040918315231024883,-0.04721200110631479,-0.02964306681120066,0.6666278947397393,0.1774103597516991,-0.3312927508892332,-0.20974419099765296,-0.21499243372815013,-0.17397003522628562,-0.17605844800579123,-0.12338884779099579,-0.24779445642294134,-0.3710262956623611,-0.18272654094599497,-0.05692504084327177,-0.20247643363456264,0.015011564947239358,-0.044836909620778354,-0.05111835148276771,0.053520805385047575
141,0,0.6028746853242332,-0.9025813014297379,-0.6507831859881791,-0.36542402045873185,-0.12338884778953907,-0.02429417849093434,-0.22994260510402165,-0.320073934462321,0.3592498250951643,-0.21083017861288425,0.5312191080747519,0.07374055777264124,-0.41507148418948325,0.15907289196119526,-0.15416412634356727,-0.28352339048691494,-0.2396730427427038,-0.18005656949711696,-0.1474138846920571,-0.20515103226452025,-0.3607030987922396,-0.17847070621731922,-0.06492840364957721,-0.225982143642547,0.04323329221856873,-0.044836909620778354,-0.09343848319284957,0.04533628530293847
142,0,-0.2787401333269612,-0.4877486806948608,-0.30568694777102196,-0.2672883111261083,-0.043305391453882,-0.3591059773118595,-0.1611212926365205,-0.23882618055127855,-0.12095194329407902,-0.27996461981282916,0.4043999538808031,0.07374055777264124,-0.542031879319741,0.0991001154974864,-0.14458135657562898,-0.31801679887768997,-0.21604483183774667,-0.19968371136364169,-0.1153805021570659,-0.21397212914757402,-0.2953228519481245,-0.1831134350122378,-0.0649284036495772,-0.23882962729886953,0.04234019958339892,0.014451824075931458,-0.14422264124494963,0.04505406047252162
143,0,-1.0261961752268016,0.7780226492397447,-0.2642339461833915,0.02711881687176226,-0.12338884778953907,-0.38737247561115223,-0.26435326133776,-0.07246173206667722,-0.2810191994238268,-0.020134344969650924,0.45262695617989696,0.07374055777264124,0.3890110183021085,-0.13444093167301968,-0.2883229030948341,-0.19706193949858664,-0.15324353443246572,-0.16588141148240426,-0.14741388469205707,-0.23936324227504108,-0.29532285194812447,-0.1776969180848335,-0.08093512926255196,-0.21077256657854973,0.06288133019227929,-0.04483690962077834,-0.06804640416679804,0.04999299500482926
144,0,-0.08708473796797746,0.5789637726233848,0.665349614419541,-0.2309417521140148,0.03677806488541685,-0.08326394218425125,-0.711691792376432,-0.15370948597776363,0.039115312835668756,0.10373152884691485,-0.42974856736677675,0.6666278947397393,-0.41507148418948325,0.30865205208248386,-0.2729904714661328,-0.04054999834220615,-0.0816334741898112,-0.16297368676143592,-0.1313971934245615,-0.23244282372590264,-0.3022049831948722,-0.17498865962113358,-0.048921678036602405,-0.17096265085424292,0.022156306028585197,0.014451824075931463,-0.1442226412449496,0.05232134985577339
145,0,0.16206727599863602,-0.1367364631499754,-0.5036250303520333,0.19067833242616233,-0.6038895858144068,-0.4088160260451259,-0.19553194887025885,-0.06859279140424872,-0.20098557136077266,-0.2960959894261898,0.4222618065841677,-0.5191467791944568,0.1774103597516991,0.006671483535737976,-0.15991378820435204,-0.0448046918882079,-0.09096039954703217,-0.12880792129007382,-0.17143892159311838,-0.2387296828303967,-0.27811752383125043,-0.16763767236251062,-0.08093512926255196,-0.16992563423624713,0.04662704423220833,0.07374055777264125,-0.1188305622188981,0.0717948631545821
146,0,0.5837091457883566,0.3100063591798976,-0.6228024099165209,-0.19096053720075742,-0.36363921680379385,-0.19730464221935018,-0.3675852300389995,0.043606487806265685,-0.12095194329407902,-0.28630194358952527,0.783071231192348,-0.5191467791944568,-0.07651043050881622,-0.5168555768887723,-0.08325163006078032,-0.007120263337933319,-0.122257415745706,-0.13680416427273356,-0.21948899539560512,-0.2708462731394254,-0.31941031131174624,-0.14287645212294622,-0.10494521768183215,-0.1607077087429229,0.13575768922204867,0.014451824075931452,-0.11036653587687992,-0.024796585055815064
147,0,-1.371175886872798,1.3888750797724487,-0.24143479531018416,-0.37996264406359403,-0.043305391453882,-0.19291846144876265,-0.47081719874021455,-0.4593557983098789,-0.12095194329407902,-0.32144528453281707,-0.08680099546199271,0.07374055777264124,0.4736512817222903,0.4568200880516882,-0.1886620975081887,0.1779589059130116,-0.16972110256355827,-0.14589080402575488,-0.187455612860614,-0.28078828288606983,-0.37102629566236356,-0.17111971895870068,-0.11294858048813758,-0.12873302968794248,0.17541100222353964,0.13302929146935108,-0.05535036465376926,-0.029453294757703346
148,0,-0.8537063194036945,0.48931130147556723,0.23216574782864857,-0.012862398041536457,-0.043305391453882,-0.06523186568302569,-0.40199588627273786,-0.35876334108665,0.1191489408987229,-0.2523108433328722,-0.09037336600265929,0.6666278947397393,0.5159714134323662,0.45964233635585683,-0.22124351471920067,0.29283563165497595,-0.10153091495188371,-0.14116575135418397,-0.18745561286061396,-0.23629291573562977,-0.34693883629874184,-0.20555329085434507,-0.06492840364921323,-0.13737483483793692,0.18612811384556474,0.13302929146935102,-0.02995828562771774,0.043360711490017925
149,0,-0.24040905425499012,-0.496865881150564,0.6093880622762247,-0.1509793222874587,-0.2034723041288379,-0.3108579888354851,0.7335557694408478,-0.16144736730262063,-0.44108645555357456,-0.26440937054286645,0.6723277444314305,-0.5191467791944568,-1.0921935915508474,-0.4392437485239342,-0.22507662262637598,0.2156433344632862,-0.04266765269742773,-0.17060646415397515,-0.1394055390581272,-0.2211362244061767,-0.17832662075339212,-0.2016843501919122,-0.08093512926218802,-0.18749730470790352,0.2629340804700769,0.07374055777264123,-0.0807424436798208,0.006812595950948863
150,0,-1.5245002031600285,0.5318582369355502,0.4985012830292819,-0.24911503162008222,-0.2034723041288379,0.0254158702423321,0.18298526970093637,-0.258170883863421,-0.12095194329407902,-0.04605976041967611,-0.35472878601262015,-0.5191467791944568,-0.5843520110298168,-0.7955525969260767,-0.4033161403102025,0.2053105072801455,-0.058316160796763473,-0.16297368676143592,-0.17143892159311838,-0.20037496875876148,-0.1886498176235161,-0.20477950272185938,-0.08893849206849344,-0.1873820806392396,0.23042550854993493,-0.044836909620778374,-0.15691868075797238,-0.03961338865273549
151,0,0.008742959711623347,-0.58195975207053,0.023864414850735486,-0.07465154836206649,-0.4437226731394509,-0.29233855891529553,0.07975330099969687,-0.1885299519396641,-0.3610528274905204,-0.10021507269295145,0.23471235319872846,-0.5191467791944568,-0.4997117476096651,0.22610128918535075,-0.4627293128714635,0.2373726622160663,0.00914859928712799,-0.1338964395517694,-0.20347230412810954,-0.22717940680119758,-0.15768022701314421,-0.1916251044695937,-0.1609687573270619,-0.17632057004724638,0.20077483306233254,-0.10412564331748819,-0.16538270709999056,-0.03291054893031994
152,0,-0.6812164635805873,-0.37378367499846676,0.09433451754973787,-0.1328060427813913,-0.12338884778953907,0.02102968947174455,0.11416395723343523,-0.327811815787178,0.039115312835668756,-0.35025130169946517,0.3347387283376463,-0.5191467791944568,-0.7113124061600745,-0.550722556538871,-0.5029769458968261,0.24876916278570574,0.04915074581920397,-0.12044821271729766,-0.2114806497616753,-0.1891658401228372,-0.13015170202614865,-0.20052366799318366,-0.14496203171408711,-0.18334923823590996,0.1938087105080169,-0.16341437701419798,-0.18231075978402395,-0.09789281613395569
153,0,0.9286888574343529,1.1715818022446476,-0.45595407852623826,-0.1364406986825965,0.11686152122107392,-0.32791535849887127,-0.22994260510402165,-0.24269512121370707,-0.12095194329407902,-0.22926602959952225,0.1954162772513327,0.07374055777264124,-0.7959526695802562,-0.1668967871710342,-0.30748844263071073,0.288125078086196,0.029978732584919298,-0.13680416427273354,-0.18745561286061396,-0.1832201284116091,-0.12671063640277483,-0.2175470069078866,-0.12895530610111233,-0.2042624066988971,0.16808764261516046,-0.16341437701419798,-0.3008071285722604,-0.10113840168375712
154,0,0.02790849924749993,-0.28717027066921696,-1.0207512251579005,-0.1546139781886639,-0.12338884778953907,-0.484843159401829,-0.5396385112077158,-0.08019961339153421,-0.040918315231024883,-0.41304841912276635,0.35617295158167744,-0.5191467791944568,-0.24579095734914974,0.19858436821965642,-0.29598911890916296,0.20151167375693585,-0.13863135137282484,-0.12917138688019847,-0.20347230412810954,-0.22337805013336687,-0.10950530828590319,-0.21019601964926368,-0.1369586689077817,-0.2559404014958652,0.24667979451000588,-0.2819918444076176,-0.2838790758882271,-0.11214517007003985
155,0,-0.20207797518323695,0.7719445156026092,-0.34506729927929564,-0.15824863408986914,-0.12338884778953907,-0.2362929157356741,0.010931988532195711,-0.033772325442348254,0.19918256896541653,-0.2805407401561747,0.2436432795504266,0.07374055777264124,-0.4573916158995892,-0.2155805704180685,-0.33240364402735023,0.29237977163219425,-0.12277557826555108,-0.16406408353180163,-0.15542223032562277,-0.20612573910242168,-0.08885891454565774,-0.2067139730530736,-0.09694185487516278,-0.2543848765688637,0.22881794180663176,-0.22270311071090781,-0.3473592734533559,-0.1343703754654205
156,0,0.4687159085728792,-0.41936967727701746,0.32647132644054844,-0.40177057947082534,-0.283555760464495,-0.7704322629085404,-0.02347866770154264,-0.14210266399047813,-0.20098557136077266,-0.13708677466627986,-0.06893914275862813,-1.1120341161615548,-0.5843520110298168,-0.15772448018246107,-0.343902967748898,0.21944216798650276,-0.027848204629844147,-0.1851450877588084,-0.1474138846916929,-0.2634385011713407,-0.054448258311912044,-0.225284888232748,-0.10494521768183215,-0.23946335967653914,0.14361690441153416,-0.2819918444076176,-0.39814343150545595,-0.09845726579478939
157,0,-0.16374689611148377,-0.5196588822898567,-0.78965074130678,-0.3036348701382018,0.3571118902353287,-0.4936155209430041,-0.5396385112077158,-0.18466101127719162,0.19918256896541653,-0.20910181758290003,0.5008539584790226,0.07374055777264124,0.21973049146177498,-0.3806820962123097,-0.22316006867276655,0.028588771780272214,-0.08266979922950374,-0.1775123103662692,-0.10737215652277184,-0.29350820712076486,-0.06133038955866217,-0.1978154095294793,-0.07293176645588259,-0.22822901298154746,0.2023823998056357,-0.2819918444076176,-0.4235355105315074,-0.1822074842211892
158,0,-0.010422579824471123,0.8828704544804356,-0.8715204194423742,-0.08919017196688735,-0.2034723041288379,-0.5642817666912803,-0.3675852300389995,-0.1885299519396641,-0.3610528274905204,-0.3911558460761075,-0.024284511000200803,0.6666278947397393,-0.07651043050881622,-0.8280084524240913,-0.13883169471484424,0.06794468708075904,-0.19303841595660604,-0.18514508775880428,-0.12338884779026742,-0.3434131972215903,-0.05788932393528834,-0.1807920706147807,-0.12095194329480692,-0.24211351325587094,0.20899128530588157,-0.2819918444076176,-0.48278369492562573,-0.31097256309918403
159,0,0.4112192899652495,-0.11850206223853439,-0.3046506227313318,-0.020131709843946893,-0.5238061294787497,0.03321352494557915,0.07975330099969687,-0.327811815787178,0.1191489408987229,-0.15725098668290205,0.39011047171810503,0.6666278947397393,0.21973049146177498,-0.6353900056641307,-0.07366886029282028,0.105781068971962,-0.2844422844573617,-0.17206032651445308,-0.1554222303252586,-0.3090060458434839,-0.12326957077940341,-0.19742851546323642,-0.0649284036495772,-0.23139767486987456,0.18076955803454903,-0.16341437701419795,-0.35159128662436345,-0.33058718881320365
160,0,-0.6237198449729575,0.2157952878042284,-1.0964029530553536,-0.0964594837693391,0.03677806488541685,-0.4287975162222076,0.07975330099969687,-0.26203982452584956,0.039115312835668756,-0.37329611543276264,0.30794594928258356,0.6666278947397393,0.21973049146177498,-0.7567466827436578,0.016409175525886822,0.07417477405882981,-0.4439327080658252,-0.15679477172937878,-0.1313971934238331,-0.3544273844899378,-0.13359276764952738,-0.1978154095294793,-0.04892167803660241,-0.26412131037118314,0.2470370315640694,-0.04483690962077837,-0.27118303637520424,-0.3267065973949618
161,0,-0.2787401333269612,1.002913593813965,0.3316529516389993,-0.08192086016447692,-0.2034723041288379,-0.03355389345098481,-0.40199588627273786,-0.3394186377745075,0.039115312835668756,-0.23099439062955887,0.4133308802325012,0.07374055777264124,0.21973049146177498,-0.4420659968281279,-0.01233913377797163,0.23266210864727932,-0.4131538543869989,-0.15752170290961984,-0.10737215652277184,-0.32854891794350677,-0.18176768637677085,-0.2129042781129636,-0.00890486400398349,-0.277199242164844,0.2648988842674466,0.014451824075931444,-0.19923881246806024,-0.3935233259963096
162,0,-0.9878650961550484,-0.8053311632354665,-0.43937287789117196,-0.28546159063217574,0.11686152122107392,-0.3308394790125668,-0.12671063640278216,-0.47483156095959284,0.3592498250951643,-0.30589003526280195,-0.13324181249078507,-0.5191467791944568,0.5582915451424421,-0.5563670531472084,-0.04300399703541774,0.18950735982357936,-0.4665245939310898,-0.17278725769469827,-0.08334711962171053,-0.3637358347919379,-0.2058551457403926,-0.22760625263020512,0.023108587221966063,-0.2727631155211776,0.21810083018460352,0.01445182407593144,-0.07227841733780863,-0.39408777565714337
163,0,0.7561990016114637,-0.25526006907422105,0.32232602628178775,-0.39450126766841487,-0.043305391453882,-0.1851208067455156,-0.05788932393528099,-0.2775155871755635,0.1191489408987229,0.254098938456799,-0.3404393038499221,-0.5191467791944568,-0.41507148418948325,0.3453412800367764,-0.06025298261770666,0.04682317269169247,-0.38869658345028724,-0.1985933145932801,-0.09936381088920612,-0.34945637961660236,-0.1886498176235185,-0.2310882992263908,0.047118675641246256,-0.22442661871554553,0.16451527207447803,-0.04483690962077837,-0.034190298798731325,-0.3428639689363623
164,0,0.20039835507038917,0.3951002300998635,-0.16267409229366042,-0.06738223655965604,0.03677806488541685,-0.5096981837684622,-0.33317457380523674,-0.16144736730262063,-0.040918315231024883,-0.2361794737195115,0.18469916562930128,-0.5191467791944568,0.3043707548819267,-1.3635300681413183,-0.04300399703541774,0.11505022276860051,-0.30288887016386323,-0.18987014043037934,-0.08334711962171053,-0.35194188205326565,-0.1680034238832706,-0.2392130746174994,0.04711867564124625,-0.20673972417522002,0.14736789347924042,-0.04483690962077837,0.020825872424376324,-0.4990754125724598
165,0,-0.3937333705422207,0.2917719582684911,-0.5564776073762793,-0.39086661176720966,-0.283555760464495,0.003972319808358381,-0.1611212926365205,-0.312336053137464,-0.20098557136077266,-0.34737069998278985,0.1954162772513327,0.07374055777264124,-0.2881110890592256,-0.12244637638027792,-0.06216953657131612,0.06703296703518871,-0.3240299009735616,-0.21313193819811338,-0.09936381088920612,-0.3279153584988624,-0.18520875200014222,-0.267069447387011,0.007101861608627335,-0.2134227201578815,0.14254519324933104,-0.04483690962077837,0.03775392510841268,-0.48976199316868074
166,0,0.02790849924749993,0.25986175667349526,-0.7761785157907842,-0.20186450490437308,-0.36363921680379385,-0.015034463530795225,-0.22994260510402165,-0.320073934462321,-0.44108645555357456,-0.5127172385193436,-0.02607069627053409,0.07374055777264124,-0.9652331964205898,-0.34258174410593284,-0.10625027750385403,0.13495611043023997,-0.43429488519669485,-0.19314133074146814,-0.107372156523136,-0.2523755785610879,-0.20585514574039016,-0.2848665744341953,-0.016908226810652856,-0.25098576654318794,0.14683203789814042,0.07374055777264124,-0.00033419343066460884,-0.5082477195610279
167,0,-0.5470576868294512,-1.2125661169239241,0.6612043142607803,-0.18369122539830565,-0.2034723041288379,-0.3556945033792,0.3550385508696526,-0.4361421543353079,0.039115312835668756,-0.2252331871962083,0.3972552127994382,0.07374055777264124,-0.24579095734914974,0.18800093707899895,-0.1445813565756508,0.06566538696683324,-0.2892093796399388,-0.18114696626747856,-0.16343057595955268,-0.23858347680470748,-0.11638743953265329,-0.31001468874000687,-0.03291495242362764,-0.25259890350451875,0.136472163330182,0.07374055777264124,-0.04688633831175708,-0.45137941623189703
168,0,-0.470395528685727,-0.6579364225347927,-0.5792767582494865,-0.32907746144667965,0.11686152122107392,-0.3293774187557633,0.2862172384021759,-0.34715651909936446,-0.44108645555357456,-0.00861193810300217,-0.1778964442492124,0.07374055777264124,-0.20347082563907387,0.3495746524930294,-0.19057865146177638,-0.08841530073468959,-0.25998501352065007,-0.20513569521545777,-0.1313971934245615,-0.21509304201115578,-0.05100719268853575,-0.32587734545597696,-0.04091831522993304,-0.2143445127072082,0.12111097000528084,0.01445182407593144,-0.05958237782478284,-0.33362110574018494
169,0,-0.29790567286283776,-0.5530886172941364,-0.5927489837654588,-0.39086661176720966,0.11686152122107392,-0.19681728880038618,0.11416395723343523,-0.17305418928990612,-0.20098557136077266,-0.09214938788627111,0.5937355925365756,-0.5191467791944568,0.43133115001218436,-0.5838839741129277,-0.2614911477445851,-0.13187395624024978,-0.28879484962406277,-0.24220918540778405,-0.06733042835457911,-0.2380961233857523,-0.04756612706516191,-0.31040158280624974,-0.07293176645588259,-0.2078343528275451,0.1414734820871279,-0.10412564331748816,-0.03842231196974191,-0.32847050258506466
170,0,-0.5278921472935746,-1.0910034441811107,-0.07665911399928188,-0.10009413967054433,-0.283555760464495,-0.12907516356589416,-0.19553194887025885,-0.1885299519396641,0.039115312835668756,-0.4355171125127183,-0.28506756046946335,0.6666278947397393,-0.37275135247940744,-0.07658484143743731,-0.2519083779766468,-0.2625538294387837,-0.18682046571845556,-0.24257265099790457,-0.09936381088957029,-0.20812388812012098,-0.07509465205215748,-0.3030505955476312,-0.0729317664558826,-0.21405645253554068,0.0821721311119232,-0.10412564331748816,-0.09767049636386016,-0.26045431845444267
171,0,0.3728882108934963,0.31760402622631695,0.0860439172322165,-0.18005656949710044,0.03677806488541685,-0.009186222503315612,0.42385986333715375,-0.34715651909936446,0.1191489408987229,-0.2603765281395001,0.4008275833401365,0.07374055777264124,0.09277009633151731,-0.7264075134737698,-0.18674554355460107,-0.3310847861975485,-0.21138136915913383,-0.25238622193116694,-0.07533877398814483,-0.20568712102535408,0.007490922908831671,-0.3038243836801169,-0.06492840364957718,-0.2169946662865348,0.08092180142268673,-0.10412564331748816,-0.11036653587688591,-0.28888847011900676
172,0,1.3886618062958267,-0.38897900909130545,0.2269841226301977,-0.27819227882976527,-0.6038895858144068,0.18283102456425385,0.49268117580463044,-0.05311702875453473,0.039115312835668756,-0.5726337542259694,0.015011564947226667,-0.5191467791944568,0.5159714134323662,-0.887275666811758,0.05090714669048646,-0.28944957078313244,-0.14474566910699688,-0.2516592907509259,-0.1474138846916929,-0.154320070667672,0.06943010412957293,-0.2616529304596111,-0.09694185487552673,-0.24366903818285152,0.0957471391664879,-0.10412564331748816,-0.1145985490478935,-0.32197933148546176
173,0,-1.1220238729061844,-1.3082967217088772,0.7534372427932999,-0.2273070962128096,-0.283555760464495,-0.21923554607228793,0.25180658216841306,-0.2272193585639491,-0.44108645555357456,-0.6913145449525826,0.2740084291461559,-0.5191467791944568,-0.880592933000408,-0.07164590690511713,-0.13691514076127836,-0.39475323604659807,-0.10163454745584569,-0.23493987360536533,-0.1714389215927542,-0.15773154460034924,0.10039969473994234,-0.25662330759844965,-0.15296539452075647,-0.33821038652378965,0.1571919124660957,-0.10412564331748816,-0.16115069392898598,-0.36367805017965116
174,0,0.4687159085728792,0.3373579605470418,-0.17303734269056215,-0.18005656949710044,-0.2034723041288379,-0.3454600815812215,-0.47081719874021455,-0.15757842664019214,0.1191489408987229,-0.30300943354617904,-0.32793600695755737,0.6666278947397393,0.3043707548819267,-0.6318621952838949,-0.11008338541102936,-0.40052746300188025,-0.10267087249553583,-0.2462073068991098,-0.1954639584941797,-0.1413077343816252,0.08663543224644457,-0.2562364135322068,-0.13695866890778172,-0.34489338250645646,0.10592839520740985,0.01445182407593144,-0.16115069392898598,-0.2905112628939088
175,0,-0.16374689611148377,0.7734640490118931,-0.5896400086463883,0.08890796719233361,-0.5238061294787497,-0.28892708498263603,-0.26435326133776,-0.1769231299523346,0.039115312835668756,-0.4262991870193993,-0.20468922330427514,0.07374055777264124,0.21973049146177498,-0.001795261376792998,-0.08708473796795566,-0.35235825392754,-0.10598711262254676,-0.19822984900315543,-0.21948899539560518,-0.1705976748607246,0.0763122353763206,-0.24269512121369385,-0.11294858048813756,-0.35278623121011743,0.06591784515184906,0.01445182407593144,-0.1103665358768859,-0.27844615139356027
176,0,0.29622605274999,-0.4421626784163101,0.4010867292983115,-0.5289835360131319,0.03677806488541685,-0.3249912379851758,0.04534264476595851,-0.06859279140424872,0.039115312835668756,-0.17856743938621536,0.22399524157672873,0.6666278947397393,0.6852519402726998,-0.36163192015912127,-0.06025298261770665,-0.4225606974365205,0.011739411886362822,-0.23094175211403134,-0.17944726722668408,-0.20159335230616268,0.10384076036331864,-0.2175470069078866,-0.06492840364921323,-0.31937125129680455,0.09092443893657534,0.07374055777264124,0.054681977792443034,-0.2803511689988792
177,0,0.6987023830036161,0.14741628438638507,-0.21863564443697683,-0.07101689246086126,0.19694497756037277,0.4698821883278573,-0.12671063640278216,-0.2272193585639491,0.039115312835668756,-0.10309567440962673,-0.43510712317780836,0.07374055777264124,-0.33043122076933157,0.5697100202186843,0.06432302436560008,-0.2865624573054896,-0.0762445839834129,-0.2196743188202869,-0.139405539057763,-0.11903568313545695,0.05566584163607515,-0.19665472733075073,-0.06492840364921323,-0.30715750001814646,0.00768820533885069,0.07374055777264124,0.04621795145042485,-0.24218026068491055
178,0,-0.3937333705422207,-0.4573580125091488,0.35548842755189686,0.04892675227903489,0.03677806488541685,-0.4897166935913806,0.3894492071034154,-0.16531630796504912,0.43928345315821843,-0.10540015578295649,0.30794594928258356,0.07374055777264124,-0.4997117476096651,0.24515146523853917,0.0719892401799507,-0.26650461630292527,0.01723193459672545,-0.18187389744771543,-0.1474138846913287,-0.13506961061901865,0.06598903850619911,-0.1784707062173192,0.023108587221966063,-0.31683632178614185,0.056272444692030285,0.07374055777264125,0.01659385925336574,-0.2526225794103596
179,0,0.43038482950112605,-0.4907877475134286,0.0010652639775517016,-0.2672883111261083,0.03677806488541685,-0.48581786623975703,0.11416395723343523,-0.2194814772390921,-0.2810191994238268,0.11352557468357939,0.27222224387582267,0.07374055777264124,0.00812983291133551,-0.10974625901149399,0.14481829041634708,-0.2602745293248544,0.07661335937102651,-0.1695160673836053,-0.1554222303248944,-0.16396966836295576,0.06598903850619911,-0.1831134350122378,0.01510522441566065,-0.2962688255291568,0.024121109825954994,0.13302929146935105,-0.02572627245671915,-0.20520880790021626
180,0,0.31539159228586655,-0.30388513817133955,-0.1460928916585941,-0.22003778441039915,-0.12338884778953907,-0.1266383964711627,-0.19553194887025885,-0.258170883863421,0.1191489408987229,-0.011492539819677457,-0.088587180732326,0.07374055777264124,-0.6689922744499986,0.14002271590800683,0.2291466643742912,-0.18156269872387734,0.06966998160509529,-0.18151043185759078,-0.13940553905739883,-0.16372599165348262,0.06598903850619911,-0.1900775282046135,0.023108587221966063,-0.25386636825985265,0.043769147799668735,0.07374055777264125,-0.055350364653778274,-0.18354805216567183
181,0,0.31539159228586655,-0.027330057681432967,-0.18236426804779723,-0.11826741917657041,0.03677806488541685,-0.1763484452043405,0.3894492071034154,-0.35102545976179295,0.3592498250951643,-0.42802754804943594,-0.1689655178975142,-0.5191467791944568,-0.4573916158995892,0.14919502289657996,0.2233970025135282,-0.21605610711465234,0.042829163077093904,-0.17533151682553777,-0.1394055390573988,-0.18044221392358512,0.06254797288282526,-0.19046442227085633,0.0471186756416102,-0.2706314702508463,-0.013210162324096341,0.014451824075931452,-0.11036653587688891,-0.09598779852863686
182,0,-0.31707121239871433,0.0805568143778256,0.04459091564456249,-0.43811713848291883,-0.043305391453882,-0.16562666998739797,-0.6428704799089552,-0.06085491007939172,-0.12095194329407902,-0.5582307456426454,0.27936698495718754,0.07374055777264124,0.5159714134323662,-0.2917812746307971,0.05282370064407412,-0.1691025247677392,0.024589842378530385,-0.19132400279085313,-0.08334711962134636,-0.2152879833787503,-0.0510071926885333,-0.19123821040334205,0.031111950028635427,-0.26919116939251386,0.013225379676899745,0.07374055777264125,-0.11036653587688891,-0.03643835931054078
183,0,0.02790849924749993,0.050166146192113605,0.45601195640193776,0.04529209637782967,0.19694497756037277,-0.3323015392694588,-0.02347866770154264,-0.18466101127719162,0.43928345315821843,-0.45164848212607894,-0.047504919514565244,0.07374055777264124,-0.33043122076933157,0.08075550152034014,0.16781693785944257,-0.03325623797764012,-0.005152686260605837,-0.1640640835317892,-0.03529704581885958,-0.22659458269846738,-0.07853571767552887,-0.1869823756746663,0.11914894089981472,-0.2452245631098635,-0.018925955189172373,0.13302929146935108,-0.05535036465378129,-0.021198218467995054
184,0,0.29622605274999,-0.6913661575390724,-0.18961854332562844,-0.04920895705358863,0.11686152122107392,0.007871147159981906,-0.40199588627273786,-0.17305418928990612,0.039115312835668756,-0.3064661556061475,0.23828472373942675,0.07374055777264124,0.43133115001218436,0.09416118096516622,0.15056795227715364,-0.13612864978625155,-0.0068108063241124565,-0.15097932228743802,-0.0032636632838683967,-0.19126145982434703,-0.0716535864287812,-0.1885299519396377,0.1111455780935093,-0.24557023531586036,0.03769611788052604,0.07374055777264127,-0.042654325140755525,0.05140411915691105
185,0,-0.4512299891498504,-1.2961404544346062,-0.2310715449132589,-0.12190207507777563,0.2770284338960298,-0.15393018793252738,0.04534264476595851,-0.4322732136728794,-0.20098557136077266,0.17747493279351925,0.4043999538808031,0.6666278947397393,-0.33043122076933157,0.4307142912380531,0.12181964297331696,-0.34308910013090144,0.029046040049200493,-0.17206032651444897,0.07681979305360956,-0.17776177011933617,-0.040683995818409355,-0.2140649603116922,0.08713548967386515,-0.1851928233345685,0.09860503559903386,0.13302929146935108,-0.09767049636386618,0.09465507441839567
186,0,-0.41289891007809726,-0.18232246542852612,-0.24143479531018416,-0.04920895705358863,-0.043305391453882,-0.35423244312239655,-0.12671063640278216,-0.36263228174907847,0.519317081224912,-0.09733447097627615,0.18469916562930128,0.07374055777264124,-0.11883056221889209,0.006671483535737976,0.05090714669050824,-0.3171050788321231,-0.03520611241164909,-0.12408286861849463,0.06881144741967968,-0.18068589063305823,-0.05788932393528342,-0.24346890934617513,0.13515566651278949,-0.1770695264935746,0.09467542800429112,0.07374055777264127,-0.17807874661302536,0.1314854147878816
187,0,-0.029588119360347706,0.8327258519740333,0.16791359536781078,-0.24184571981767178,-0.4437226731394509,-0.16806343708212942,-0.09229998016901934,-0.4864383829469223,0.27921619702847067,-0.08754042513961162,0.6098112599696068,0.6666278947397393,0.3466908865920326,-0.3348205612694691,-0.021921903545888143,-0.2485741220733583,0.003448811568829674,-0.1411657513541757,0.004744682349697304,-0.24448045317405692,-0.05444825831190714,-0.26939081178447244,0.1591657549320697,-0.1755140015665731,0.19916726631903264,0.13302929146935108,-0.11036653587688894,0.04103235663906625
188,0,0.8136956202190935,0.49690896852198657,0.16894992040750095,-0.33634677324909007,-0.2034723041288379,-0.31475681618710866,-0.47081719874021455,-0.1962678332645211,0.1191489408987229,-0.007459697416363494,0.18827153616996783,1.2595152317068374,-0.2881110890592256,-0.7031239649643284,0.09882099553024327,-0.15314742397024472,-0.015205039145609917,-0.17969310390698817,-0.01928035455172817,-0.2269844654336297,-0.14047489889627013,-0.2724859643144197,0.12715230370612013,-0.16571995572991377,0.18719982500777105,0.25160675886277073,-0.08920647002184498,-0.05379518638122051
189,0,0.9478543969702296,-0.37226414158918286,0.558608135331359,-0.07465154836206649,-0.12338884778953907,-0.42343662861369197,0.07975330099969687,-0.3084671124750355,-0.20098557136077266,-0.18778536487958675,0.37403480428507374,0.07374055777264124,-0.03419029879874035,-0.43853818644789205,0.15056795227715364,-0.14129506337782016,0.04054924798977082,-0.160429427630584,-0.03529704581922376,-0.2207463416710232,-0.14391596451964397,-0.281384527838014,0.13515566651242555,-0.19585104968623038,0.19738108104869617,0.2516067588627707,-0.09343848319285257,-0.08667437912486031
190,0,-0.29790567286283776,-0.016693323816411313,0.17413154560595182,-0.38359729996479924,0.03677806488541685,-0.13589811143121316,0.07975330099969687,-0.3897148663861219,-0.2810191994238268,-0.33181545071282714,-0.5065545339912985,-1.1120341161615548,-0.542031879319741,0.13437821929966956,0.0892382257622832,-0.11257588194232733,0.0725716917162254,-0.17678537918602402,-0.01928035455172817,-0.22167231316702823,-0.11638743953264838,-0.2945389260902841,0.0951388524801706,-0.22788334077554534,0.15558434572279892,0.1330292914693511,-0.08074244367982682,-0.08723882878569403
191,0,0.8520266992908466,0.21883435462279616,-0.7336891891634636,-0.32907746144667965,0.03677806488541685,0.1818563177263258,0.25180658216841306,-0.26977770585070654,0.1191489408987229,-0.06449561140631412,1.0134891310658813,-0.5191467791944568,0.1774103597516991,-0.5239111976491938,0.1429017364627812,-0.08795944071190442,0.017439199604658763,-0.19786638341303492,-0.01928035455172817,-0.18585183687396162,-0.13015170202614862,-0.2864141506991754,0.07112876406052646,-0.1915301471112332,0.27382981061913847,0.1330292914693511,-0.017262246114697982,-0.15454945084027144
192,0,-0.04875365889622429,0.22643202166921553,1.1358411824393033,-0.32544280554547445,0.2770284338960298,-0.3654415717583031,0.3550385508696526,-0.3084671124750355,0.3592498250951643,-0.3007049521728493,0.5419362196967833,0.07374055777264124,-0.07651043050881622,0.19293987161129408,0.1697334918130302,-0.07337191998276543,0.12656422628413283,-0.18659895011929048,0.01275302798326301,-0.20583332705105212,-0.030360798948287852,-0.3111753709387398,0.11914894089945079,-0.1657775677642536,0.30008673409309805,0.1330292914693511,-0.07651043050881623,-0.1060773362160623
193,0,-0.37456783100634405,-0.7217568257247844,-0.2549070208261564,-0.34361608505150054,0.03677806488541685,0.19842633397074794,0.42385986333715375,-0.4400110949977364,0.039115312835668756,-0.06046276900300015,-0.1761102589788791,0.07374055777264124,-0.8382728012903321,0.5238484852758437,0.12948585878764582,-0.15056421717445523,0.05547232856132343,-0.2254897682622235,-0.003263663284232582,-0.15276053972703146,0.014373054155581788,-0.33671037931079434,0.07913212686719581,-0.1266589964519457,0.28722620014666667,0.1330292914693511,-0.12729458856091627,-0.061768037840511936
194,0,-0.16374689611148377,0.10942794915425372,-0.09116766455496786,-0.23821106391646657,0.03677806488541685,-0.3474094952569889,0.11416395723343523,-0.3007292311501785,0.1191489408987229,-0.23963619577953232,0.9331107939006931,-1.704921453128653,-0.7959526695802562,-0.46817179364173794,0.08348856390149843,-0.07048480650512262,0.06531741643838948,-0.24438997894851128,-0.011272008917798287,-0.18828860396872854,0.0659890385061991,-0.3494778834968216,0.08713548967350122,-0.11997600046928418,0.3567088071627933,-0.04483690962077833,-0.2500229705201603,-0.11800133530120235
195,0,-0.06791919843210087,-1.1244331791853905,0.463266231679769,-0.32907746144667965,0.11686152122107392,-0.23531820889774605,-0.40199588627273786,-0.22335041790152058,-0.3610528274905204,-0.3225975252194557,-0.18146881478987895,0.07374055777264124,-0.07651043050881622,0.02219384920869054,0.12181964297327338,-0.05331407898020105,0.13475119409769226,-0.26510751758540174,-0.02728870018529388,-0.1964274060652504,0.021255185402329457,-0.32858560391968566,0.07112876406052646,-0.16998324627058167,0.2981219302957251,-0.10412564331748812,-0.22463089149410878,-0.1588533795041386
196,0,-0.08708473796797746,-0.9496868371175725,0.3824328785838649,-0.30726952603940705,-0.283555760464495,-0.2860029644688519,0.14857461346719802,-0.1769231299523346,-0.12095194329407902,-0.5801233186893042,0.2615051322537912,-0.5191467791944568,0.00812983291133551,-0.05682910330820673,0.15440106018428537,-0.13005051614910568,0.19713796148709717,-0.29091357448398353,-0.051313737086355185,-0.18960445819989594,0.048783710389327474,-0.3100146887400113,0.007101861608627333,-0.2182621310418845,0.3058025269581741,-0.16341437701419795,-0.21193485198108605,-0.16520343818853306
197,0,0.9095233178984764,0.19300228666493577,-0.1388386163807629,-0.21640312850919394,0.2770284338960298,-0.15831636870311494,-0.02347866770154264,-0.4129285103606929,0.1191489408987229,-0.37041551371613973,0.14004453387087396,0.07374055777264124,-0.4573916158995892,-0.010967568365366132,0.24831220391016778,-0.19402287268001542,0.1664627403122398,-0.28836931535313576,0.020761373617192897,-0.1886297513619945,0.05566584163607515,-0.3026637014813883,-0.008904864004347444,-0.24654963989953732,0.2588258543483008,-0.22270311071090773,-0.29234310223024823,-0.1328181388981228
198,0,1.6378138202624402,-0.030369124500000712,-0.055932613205478446,-0.22003778441039915,0.2770284338960298,-0.49848905513255565,0.3894492071034154,-0.2078746552518066,0.3592498250951643,-0.03741795526965025,1.0902950976903711,1.2595152317068374,-0.880592933000408,-0.46464398326152717,0.33072402391450245,-0.2467506819822142,0.14397448695094187,-0.27673841646926667,0.06881144741967968,-0.2070029752565392,0.14169248222043812,-0.3038243836801169,0.015105224415296695,-0.24954546568486596,0.34902821050034116,-0.22270311071090773,-0.35159128662436645,-0.10897014072784268
199,0,-0.470395528685727,0.18996321984636805,0.4383944307271813,-0.21276847260798873,0.19694497756037277,-0.18804492725921107,-0.22994260510402165,-0.2156125365766636,-0.040918315231024883,-0.3312393303694816,0.3436696546893127,0.6666278947397393,-1.0921935915508474,-0.4364215002197656,0.1888990313489068,-0.1905279458386591,0.1319531164905241,-0.29055010889385885,0.10084482995467085,-0.18346380512109112,0.11072289161006629,-0.2945389260902797,0.031111950028271468,-0.26389086223385544,0.34599169554076503,-0.16341437701419795,-0.45739161589957716,-0.10875847210503002
200,0,-0.3937333705422207,0.7582687149190545,0.4808837573545255,-0.22367244031160438,0.03677806488541685,-0.21728613239643185,-0.12671063640278216,-0.4129285103606929,0.519317081224912,-0.3035855538894722,0.3258078019859481,-0.5191467791944568,-0.33043122076933157,0.18870649915504112,0.17931626158096853,-0.1130317419651125,0.16262833766538148,-0.2745576229285394,0.10084482995467085,-0.19160260721761296,0.09007649786981839,-0.29686029048773677,0.11114557809314536,-0.26106787255152,0.4292279291384897,-0.10412564331748815,-0.43623155004453623,-0.10332564411949288
201,0,-0.872871858939571,-0.6199480873026614,0.46430255671945914,-0.0419396452511782,-0.043305391453882,-0.0910615968874983,-0.1611212926365205,-0.11502007935343468,0.039115312835668756,-0.203916734492895,0.35795913685204245,0.07374055777264124,0.26205062317185085,-1.3120240365901403,0.0068264057579267455,-0.19690998615765826,0.28242751225367374,-0.24584384130898926,0.09283648432074097,-0.21889439867899538,0.04878371038932503,-0.2813845278380096,0.10314221528683994,-0.275009984860178,0.36367492971710585,-0.04483690962077834,-0.427767523702521,-0.18213692801358752
202,0,-0.31707121239871433,-0.024290990862865226,-0.15127451685704496,-0.41267454717444096,-0.043305391453882,-0.287952378144708,-0.29876391757149834,-0.4593557983098789,0.039115312835668756,-0.15552262565291786,0.45441314145026196,0.07374055777264124,0.3466908865920326,0.09133893266099759,-0.02000534959232226,-0.22198228741086634,0.1537159423240389,-0.2545670154718859,0.06080310178574979,-0.2111454793176359,-0.016596536454790062,-0.29647339642149395,0.07112876406089039,-0.26049175220818493,0.3549226218924537,-0.04483690962077834,-0.3854473919924361,-0.19229702190861717
203,0,0.14290173646275942,0.21731482121351228,-0.07873176407868579,-0.1764219135958952,0.03677806488541685,-0.2908764986584035,0.49268117580463044,-0.23882618055127855,0.1191489408987229,-0.08811654548295715,0.4776335499646264,0.07374055777264124,-0.7536325378701804,-0.7722690484166104,0.03174160715458809,-0.12807512271703664,0.17133346799878596,-0.23784759832632538,0.06080310178574979,-0.26007576258055104,-0.009714405208042398,-0.27635490497684817,0.0791321268671958,-0.2632571298561806,0.42029700278680426,-0.04483690962077834,-0.376983365650421,-0.32190877527786255
204,0,-0.22124351471911352,0.2097171541670929,-0.2082723940400751,-0.4708290415938071,0.19694497756037277,-0.2933132657532236,-0.29876391757149834,-0.327811815787178,0.1191489408987229,-0.40152601225611756,-0.009995028837502789,0.6666278947397393,-0.6266721427399228,-0.38914884112484066,0.025991945293825112,-0.11804620221575272,0.15962299505027527,-0.2611093960940595,0.07681979305324538,-0.2546661396301745,-0.05100719268853575,-0.2790631634405481,0.0791321268671958,-0.27944611150383913,0.32598642051298465,0.19231802516606086,-0.36005531296638765,-0.3140064800261729
205,0,0.1812328155345126,0.30696729236132986,-0.8269584427356498,-0.514444912408311,0.43719534657098574,-0.03599066054580492,-0.09229998016901934,-0.1923988926020926,-0.040918315231024883,-0.19700329037290576,-0.015353584648502646,0.6666278947397393,-0.542031879319741,-0.30800920237979185,0.05090714669048646,0.025093844938919307,0.030600527608733365,-0.2796461411902226,0.10885317558823657,-0.23473338479498035,-0.0200376020781639,-0.2759680109106053,0.11114557809314536,-0.26688668801918414,0.3425979435271223,0.2516067588627707,-0.4066074578474801,-0.3470267851850211
206,0,-0.872871858939571,0.4558815664712875,-0.011370636498753925,-0.2309417521140148,0.03677806488541685,-0.0930110105633544,-0.3675852300389995,-0.06859279140424872,-0.040918315231024883,-0.28572582324617973,0.2632913175241562,0.07374055777264124,-0.33043122076933157,0.5287874198081639,-0.027671565406672892,0.1656506852978053,-0.008779823899528506,-0.27201336379768337,0.14088655812322776,-0.21543418940443063,-0.07165358642878365,-0.26513497705579675,0.11914894089945076,-0.2374469384748717,0.3427765620541588,0.3108954925594805,-0.4404635632155468,-0.288465132873384
207,0,0.6987023830036161,-0.4026548097748949,0.7783090437458876,-0.503540944704654,-0.043305391453882,-0.42343662861369197,-0.05788932393528099,-0.3394186377745075,0.1191489408987229,-0.31510796075617337,0.2472156500910932,0.07374055777264124,0.21973049146177498,-0.2713199744255244,-0.04875365889615892,0.10608497565382224,0.08293494211313654,-0.3007271454172294,0.10885317558823655,-0.24194621539548833,-0.0750946520521575,-0.2577839897971782,0.11914894089945076,-0.23191618317887505,0.35349367367618073,0.3108954925594805,-0.37275135247941044,-0.31450037347939985
208,0,-0.6620509240447107,0.9299759901682702,-0.487043829716967,-0.40540523537203055,0.5172788029102846,-0.2913638520773675,0.802377081908349,-0.6025066028198652,0.1191489408987229,-0.29091090633618477,0.8420153451134733,0.6666278947397393,0.13509022804159318,-0.06035691368841752,-0.27874013332687403,0.20211948712064937,0.039823820461987694,-0.3192638905133925,0.13287821248966206,-0.2212336950899695,-0.033801864571664134,-0.297247184553984,0.09513885247980663,-0.2572654782855285,0.3286656984184909,0.2516067588627707,-0.2711830363752103,-0.2740716665220889
209,0,0.43038482950112605,-0.6260262209397968,-0.15852879213489973,-0.18369122539830565,0.11686152122107392,0.03711235229720267,0.49268117580463044,-0.4284042730104069,-0.040918315231024883,-0.3542841441027791,0.5830184809145441,0.07374055777264124,-0.6689922744499986,-0.44841605551250735,-0.1886620975081887,0.12052054304203286,-0.019868501824220418,-0.3163561657924242,0.12486986685573216,-0.19871796713432816,0.03846051351920108,-0.3185263581973584,0.09513885247980662,-0.25956995965885826,0.3526005810410141,0.19231802516606086,-0.22886290466512543,-0.27527112205136306
210,0,-1.1603549519779377,0.5348973037541179,0.5865889114030173,-0.5798687186300463,-0.2034723041288379,-0.46729843631956747,0.11416395723343523,-0.3084671124750355,-0.040918315231024883,-0.1376628950096254,0.05073527035398757,1.2595152317068374,-0.03419029879874035,-0.36445416846328993,-0.26532425565176043,0.09818340192553919,-0.00929798641937124,-0.35197579362426834,0.10084482995430669,-0.2237191975266417,0.06254797288282281,-0.3080802184087926,0.039115312834212934,-0.24297769377087355,0.325093327877818,0.3701842262561903,-0.1992388124680663,-0.3305871888131962
211,0,-0.43206444961397383,-0.4786314802391576,0.5399542846169124,-0.32907746144667965,0.11686152122107392,-0.2284952610323384,0.2862172384021759,-0.25043300253856404,-0.040918315231024883,-0.3295109693394974,0.05073527035398757,0.07374055777264124,-0.20347082563907387,-0.7108851478008171,-0.22124351471920073,0.11231506263188958,-0.0017328136296259067,-0.3806895752438185,0.1168615212218023,-0.23746256394112572,0.10728182598669248,-0.3216215107273056,0.031111950027543567,-0.2555371172555338,0.29437094122801255,0.3701842262561903,-0.24579095734915873,-0.27047329993426383
212,0,-0.010422579824471123,0.2735375573570501,0.06842639155746001,-0.28909624653338095,0.2770284338960298,-0.294287972591063,0.32062789463591423,-0.35102545976179295,-0.5211200836202682,-0.13881513569626405,0.7044790792974931,-0.5191467791944568,-0.33043122076933157,-1.185022862902251,-0.19057865146177638,0.1420979174538811,0.020237277211824584,-0.3683317451797125,0.14889490375679346,-0.23809612338576117,0.16922100720743374,-0.310788476872497,-0.024911589618050123,-0.2538663682598684,0.31937753501273564,0.3108954925594805,-0.3135031680852952,-0.3981094794905887
213,0,0.10457065739100625,0.5652879719398299,0.7223474916025476,-0.34725074095270575,-0.12338884778953907,-0.12030280202471907,0.010931988532195711,-0.15757842664019214,0.039115312835668756,-0.27766013843949944,-0.1421727388424515,-0.5191467791944568,-0.7536325378701804,-0.21628613249411066,-0.19441175936895166,0.17689523252651287,0.10034520277994793,-0.3854146279153936,0.13287821248929788,-0.22103875372239273,0.12104608848019024,-0.3026637014813883,-0.032914952424355534,-0.27282072755552267,0.25739690613202787,0.2516067588627707,-0.3135031680852952,-0.34251118789833873
214,0,0.2770605132141134,1.167023202016796,0.383469203623555,-0.25638434342249267,0.19694497756037277,-0.23190673496508654,-0.33317457380523674,-0.2852534685004645,0.1191489408987229,-0.05873440797296354,0.12575505170814422,-0.5191467791944568,-0.542031879319741,-1.2689847499514684,-0.14458135657562898,0.2726258373114832,0.15951936254631094,-0.3639701580982621,0.13287821248929785,-0.21489810064357906,0.1176050228568164,-0.298407866752717,-0.032914952424355534,-0.23854156712720725,0.27097191418659256,0.13302929146935108,-0.305039141743277,-0.4304947787810015
215,0,1.6186482807265636,0.4300494985134271,0.016610139572904283,0.008945537365736172,0.03677806488541685,0.11606360616768989,0.14857461346719802,-0.4438800356601649,0.8394515934844077,0.04323889279694341,0.29544265239021883,0.6666278947397393,0.09277009633151731,-0.6085786467744534,-0.0008398100564238842,0.2849340579266929,0.24387622077716636,-0.3116311131208574,0.09283648432074099,-0.1996926739722296,0.14169248222043812,-0.3235559810585242,0.05512203844718773,-0.21451734881022239,0.3020515378904647,0.13302929146935108,-0.2415589441781512,-0.46055172322046767
216,0,0.8903577783625998,-0.45431894569058107,0.6290782380303614,-0.29636555833579137,-0.36363921680379385,0.011282621092641412,-0.22994260510402165,-0.2156125365766636,0.1191489408987229,-0.3179885624727962,0.4008275833401365,0.6666278947397393,-0.4997117476096651,0.23597915824996604,0.1754831536737932,0.19391400671050607,0.3079211082300779,-0.31817349374303505,0.05279475615181992,-0.18926331080663,0.15545674471393592,-0.3382579555757657,0.07112876406016248,-0.217743622732884,0.31580516447206275,0.19231802516606086,-0.2584869968621845,-0.4898325493762874
217,0,0.7370334620755872,-0.25222100225565336,-0.39377457614478084,0.019849505069351826,0.2770284338960298,0.029802051012919644,0.7335557694408478,-0.5251277895712073,0.27921619702847067,-0.5011948316526947,0.32044924617494824,1.2595152317068374,-0.11883056221889209,-0.1817135907679446,0.1793162615809903,0.2089573874624302,0.19071274624101106,-0.26583444876563445,0.08482813868681109,-0.14393944284396884,0.23460125405154883,-0.3568288707554357,0.08713548967313726,-0.2363523098225361,0.32312852408044823,0.3108954925594805,-0.29234310223025123,-0.48087191101052945
218,0,0.16206727599863602,0.9558080581261306,-0.24972539562770554,-0.19096053720075742,-0.043305391453882,-0.3503336157706844,0.32062789463591423,-0.4438800356601649,0.1191489408987229,-0.404982734316086,0.047162899813320995,0.07374055777264124,-0.4573916158995892,0.45611452597564606,0.26172808158532496,0.21154059425821625,0.21444458964993718,-0.24438997894850717,0.028769719250394427,-0.14983641921330051,0.18642633532430536,-0.34096621403946564,0.08713548967313726,-0.24775949262052627,0.243643279550433,0.2516067588627707,-0.35159128662436945,-0.4292247670441231
219,0,-0.2595745937910846,0.1458967509771012,-0.30672327281071216,-0.40177057947082534,0.03677806488541685,-0.31524416960607266,0.21739592593467472,-0.24269512121370707,0.1191489408987229,-0.2206242244495488,-0.015353584648502646,0.07374055777264124,-0.33043122076933157,-0.6360955677401728,0.19273213925610388,0.28873289144990605,0.19962514158235595,-0.2661979143557591,0.02076137361682872,-0.18507207140362808,0.15889781033730976,-0.3223952988597957,0.10314221528611205,-0.2343935006552032,0.18380607299412835,0.2516067588627707,-0.31773518125630273,-0.4479927182668897
220,0,0.21956389460626574,0.6746943774083723,-0.06836851368176051,-0.4671943856926019,0.19694497756037277,-0.5067740632547667,0.3550385508696526,-0.24269512121370707,0.27921619702847067,-0.20449285483624055,0.11682412535647778,-0.5191467791944568,-0.6266721427399228,-0.6290399469797262,0.33072402391452427,0.3027125988153315,0.13412939907387816,-0.2549304810620147,0.06080310178574979,-0.18901963409714798,0.18298526970093149,-0.3158180997336628,0.1351556665120616,-0.24107649663786473,0.19041495849437737,0.07374055777264124,-0.376983365650421,-0.4744512961185333
221,0,-0.12541581703973062,1.3584844115867367,0.7420376673566844,-0.12190207507777563,0.3571118902353287,-0.166114023406362,-0.05788932393528099,-0.4245353323479784,0.039115312835668756,-0.4124722987794208,0.332952543067313,0.07374055777264124,-0.41507148418948325,0.1548395195049423,0.36138888717194856,0.4864241879979209,0.15433773734785536,-0.2342129424251243,0.08482813868717527,-0.18278151033455034,0.1485746134671858,-0.3332283327146042,0.14315902931873098,-0.24937262958185707,0.2186366857657099,0.07374055777264124,-0.39814343150546194,-0.38787882938795737
222,0,-0.2787401333269612,-0.4224087440955852,-0.7357618392428439,-0.5507914714204045,0.5973622592459417,0.0531950151226608,0.010931988532195711,-0.2272193585639491,0.1191489408987229,-0.3035855538894722,0.14897546022254038,0.07374055777264124,-0.37275135247940744,-0.0377789272550183,0.3345571318216996,0.4168295578526574,0.07391891426782496,-0.26038246491382666,0.11686152122216645,-0.14803321156317797,0.11760502285681396,-0.3208477225948199,0.20718593177063008,-0.2658496714011779,0.16308632385821462,0.13302929146935105,-0.4023754446764696,-0.27315443582323407
223,0,1.8486347551573004,-0.18232246542852612,-0.3958472262241612,-0.5507914714204045,0.43719534657098574,-0.20022876273304568,0.2862172384021759,-0.6334581281193372,0.1191489408987229,-0.5910696052126598,0.2668636880648228,0.07374055777264124,-0.07651043050881622,-0.5210889493450251,0.508963541598329,0.34206851411582173,-0.0379005575148459,-0.2807365379605965,0.17291994065821892,-0.15602580763401064,0.145133547843812,-0.36843569274273436,0.2151892945769355,-0.2971906180784939,0.20398996654894205,0.19231802516606084,-0.33466323394033315,-0.3036347175083255
224,0,0.2770605132141134,0.12918188347494405,-0.8518302436882375,-0.36178936455752664,-0.043305391453882,-0.1631899028926665,-0.12671063640278216,-0.4554868576474504,0.1191489408987229,-0.17741519869957667,0.1775544245479364,0.07374055777264124,0.1774103597516991,0.022899411284757767,0.508963541598329,0.2382843822616366,-0.16143050224602515,-0.29127704007409994,0.14889490375679343,-0.14915412442676862,0.16577994158405746,-0.385459031657433,0.21518929457693545,-0.30905869715115525,0.20916990383292128,0.2516067588627707,-0.26271901003318915,-0.1744463013847029
225,0,0.3537226713576197,0.013697344369266127,0.30263585052765096,-0.31453883784181746,0.19694497756037277,-0.27528118925190936,0.14857461346719802,-0.4361421543353079,0.1191489408987229,-0.4268753073627448,0.2579327617131246,-0.5191467791944568,0.939172730533215,-0.35528186147474183,0.3824709806614346,0.19664916684722047,-0.1328279311505505,-0.3236254775948553,0.16491159502428904,-0.18828860396872854,0.16577994158405743,-0.38468524352494726,0.143159029318367,-0.35607011716712406,0.20541891476521185,0.13302929146935105,-0.17807874661301934,-0.14911662285473176
226,0,0.4687159085728792,-0.030369124500000712,-0.28392412193750477,-0.514444912408311,0.2770284338960298,-0.36690363201510656,0.25180658216841306,-0.14210266399047813,0.19918256896541653,0.10545988987689907,0.4597716972612618,-0.5191467791944568,-0.542031879319741,-0.06317916199258616,0.3403067936824625,0.2390441489662785,-0.2241281671473371,-0.3454334130021072,0.22897836009427142,-0.22610722927950336,0.2139548603113009,-0.3773342562663287,0.15116239212503638,-0.31372527193215455,0.2113133261573244,0.01445182407593144,-0.18231075978402694,-0.17903245487898697
227,0,-0.5662232263653277,-0.6397020216233862,0.18242214592349673,-0.45992507389019144,-0.12338884778953907,-0.09739719133394194,0.32062789463591423,-0.37037016307393544,0.27921619702847067,-0.1457285798162533,0.08288660522005016,-0.5191467791944568,0.6006116768525179,-0.5620115497555707,0.20998112483837103,0.2002960470295052,-0.16650849494050934,-0.3934108708980616,0.18893663192571453,-0.23882715351418954,0.17266207283080756,-0.36185849361660155,0.15116239212503638,-0.27817864674851045,0.18755706206183456,-0.16341437701419798,-0.11036653587688594,-0.2170622507777496
228,0,-0.6620509240447107,-0.38442040886345386,0.5026465831880427,-0.20186450490437308,0.03677806488541685,-0.3167062298629647,-0.1611212926365205,-0.6141134248071507,-0.12095194329407902,-0.3698393933727942,0.1632649423852384,0.6666278947397393,0.05044996462144145,0.23809584447811757,0.12756930483403636,0.06627320033054677,-0.09127129705893453,-0.3945012676684232,0.1969449775596444,-0.23546441492341752,0.12448715410356408,-0.3788818325313001,0.12715230370575617,-0.27466431265418123,0.19916726631902631,-0.10412564331748819,-0.05958237782478286,-0.23886411892750242
229,0,-0.16374689611148377,0.4817136344291479,0.7979992195000009,-0.4671943856926019,0.19694497756037277,-0.1154292678351675,0.4582705195708921,-0.1923988926020926,0.3592498250951643,-0.18720924453624121,0.7062652645678263,0.07374055777264124,-0.4573916158995892,0.15131170912470643,0.13715207460199647,0.09985488867575146,0.019200952172136777,-0.4010436482906008,0.21296166882714,-0.21548292474632702,0.14857461346718584,-0.37385220967013866,0.1511623921254003,-0.27132281466285046,0.2713291512406592,-0.10412564331748816,-0.07227841733780863,-0.16012339124101452
230,0,-0.010422579824471123,0.29329149167777496,-0.2714882214612227,-0.36905867635997835,0.03677806488541685,-0.1631899028926665,0.04534264476595851,-0.04537914742967773,-0.2810191994238268,-0.5432516167160282,0.5562257018594814,-0.5191467791944568,-0.542031879319741,0.024310535436842085,0.11415342715892277,0.06171460010269171,-0.001111018605809444,-0.39123007735733845,0.1969449775596444,-0.18112450871011698,0.11760502285681643,-0.35412061229173575,0.09513885248017057,-0.30519869085082924,0.31526930889095955,-0.10412564331748819,-0.06381439099579043,-0.09478834299935769
231,0,0.5837091457883566,0.8646360535690292,1.033245003509882,-0.34725074095270575,0.03677806488541685,-0.3249912379851758,0.59591314450587,-0.4361421543353079,-0.040918315231024883,-0.5674486711359644,0.4865644763163246,0.07374055777264124,-1.5153949086516962,-0.4131379517103242,0.1850659234417315,0.012329764300920953,0.028009715009510307,-0.4137649439448315,0.16491159502465322,-0.19701223016799835,0.18298526970093149,-0.3552812944904687,0.08713548967350121,-0.3206963280864836,0.33063050221586077,-0.10412564331748819,-0.17384673344201174,-0.15158609012088434
232,0,0.6795368434677395,0.09575214847069886,-0.3357403739220605,-0.24184571981767178,0.2770284338960298,-0.21972289949125196,0.21739592593467472,-0.289122409162893,0.19918256896541653,-0.48506346203938655,0.32223543144528155,-0.5191467791944568,-0.6266721427399228,-0.3771542858320989,0.28089362112120153,0.06414585355754936,0.06801186154158863,-0.38287036878455816,0.13287821248966206,-0.22430402162938967,0.2036316634411794,-0.3614715995503631,0.09513885248017057,-0.33884411890147503,0.3479564993381349,-0.16341437701419798,-0.19923881246806324,-0.1855236259785924
233,0,0.02790849924749993,-0.09266999428067402,0.7772727187061739,-0.245480375718877,0.3571118902353287,-0.12127750886264711,0.49268117580463044,-0.4361421543353079,0.19918256896541653,-0.27362729603618546,-0.1403865535721182,-0.5191467791944568,-0.5843520110298168,-0.3997322722654981,0.09882099553022153,0.07311110067233458,0.18532385603462215,-0.35233925921440545,0.12486986685609633,-0.21640889624234982,0.22427805718142485,-0.34174000217196016,0.10314221528683994,-0.3070998879838276,0.30723147517444077,-0.22270311071090781,-0.2500229705201633,-0.17338795827063969
234,0,-1.1220238729061844,0.05472474641996522,1.1482770829156088,-0.44538645028532925,0.2770284338960298,-0.27186971531924986,0.6303238007396083,-0.1769231299523346,0.1191489408987229,-0.21889586341956457,0.39368284225877165,0.07374055777264124,-0.6689922744499986,0.006671483535737976,-0.04108744308180826,0.06566538696683669,0.38533458869500675,-0.3606989677871857,0.15690324939108752,-0.22727687748500816,0.2999815008956639,-0.3138836294024486,0.10314221528683994,-0.31124795445582637,0.3288443169455243,-0.22270311071090781,-0.3346632339403331,-0.17501075104554167
235,0,0.43038482950112605,0.8919876549361389,0.5358089844581517,-0.21276847260798873,0.43719534657098574,-0.20510229692259724,-0.22994260510402165,-0.26203982452584956,0.039115312835668756,-0.4631708889927277,0.6651830033500656,0.07374055777264124,-1.0921935915508474,-1.893407187250233,-0.03342122726745762,0.15349441802352395,0.40865190208805685,-0.3505219312638028,0.1809282862921488,-0.2202589882520769,0.26212977903854195,-0.2964733964215028,0.09513885248053451,-0.31487751261882463,0.36956934110921835,-0.16341437701419798,-0.5377998661487393,-0.32882328362309077
236,0,0.9478543969702296,0.20667808734849064,0.40419570441738206,-0.2672883111261083,0.2770284338960298,-0.4278228093842795,-0.29876391757149834,-0.3935838070485504,0.27921619702847067,-0.17856743938621536,0.29008409657921896,-0.5191467791944568,-0.37275135247940744,0.31076873831061036,0.014492621572277408,0.1771991392083731,0.47746388472354545,-0.3258062711355826,0.1809282862921488,-0.22635090598899418,0.2070727290645508,-0.32162151072731,0.10314221528683994,-0.3432802455451361,0.3526005810410141,-0.163414377014198,-0.520871813464706,-0.29142849359277107
237,0,-0.41289891007809726,-0.5804402186612461,0.915103948985108,-0.45992507389019144,0.19694497756037277,-0.09593513107704987,0.7335557694408478,-0.36263228174907847,-0.040918315231024883,-0.5939502069292827,0.23113998265806188,-1.1120341161615548,-0.41507148418948325,-0.12950199714072458,0.029825053201000457,0.1831253195045871,0.5507320650297067,-0.3258062711355826,0.21296166882714002,-0.226204699963305,0.24836551654504416,-0.32084772259482425,0.07112876406089037,-0.388102408256439,0.36742591878481523,-0.22270311071090781,-0.6224401295689062,-0.24817753833128653
238,0,-0.6428853845088341,0.063841946875703,0.13164221897863118,-0.32544280554547445,0.11686152122107392,-0.10665690629399241,0.21739592593467472,-0.35489440042422143,0.19918256896541653,-0.31222735903949805,0.057880011435320705,-0.5191467791944568,-0.03419029879874035,0.144961650440327,0.031741607154588104,0.22795155507850282,0.5136316286087654,-0.33816410119969265,0.2209700144607057,-0.20519976760640776,0.2862172384021636,-0.29492582015653135,0.10314221528683994,-0.3823412048231094,0.3568874256898235,-0.34128057810432744,-0.6309041559109243,-0.2574909577350656
239,0,1.1778408714009665,-1.2201637839703436,0.019719114691974796,-0.5253488801119267,0.19694497756037277,-0.022832118234042277,0.3894492071034154,-0.4013216883734074,0.039115312835668756,-0.3007049521728493,0.9384693497116929,-1.1120341161615548,-0.5843520110298168,-0.343287306181975,0.16590038390583314,0.05776381323855364,0.43580361812796287,-0.3439795506416251,0.22097001446070572,-0.19594005264629527,0.27933510715541604,-0.3158180997336628,0.07112876406089039,-0.39369077558677024,0.3801078342042102,-0.459858045497747,-0.6436001954239471,-0.3069508592657337
240,0,0.7945300806832168,0.4589206332898552,0.8363432459685843,-0.514444912408311,0.43719534657098574,-0.11055573364570458,0.8367877381420873,-0.11502007935343468,0.1191489408987229,-0.1779913190429222,1.3385748502673007,0.07374055777264124,-0.6266721427399228,-0.6925405338236709,0.24639564995660193,0.07432672739976168,0.5465867648709436,-0.35851817424645843,0.2610117426292626,-0.19067663572159904,0.3584796164930289,-0.3227821929260385,0.11114557809314536,-0.3571647458194596,0.4583427490449921,-0.4005693118010372,-0.6520642217659652,-0.378635966191785
241,0,0.8711922388267233,0.7476319810540674,0.16480462024874026,-0.42357851487809794,0.19694497756037277,-0.17098755759591355,0.6991451132071095,-0.2852534685004645,0.3592498250951643,-0.3848185222994638,0.76878174902965,-0.5191467791944568,0.00812983291133551,-0.5239111976491938,0.2751439592604386,0.0626263201482655,0.4597427265448294,-0.3661509516389977,0.2770284338967582,-0.17527626768267285,0.36880281336315285,-0.30769332434255414,0.15116239212576427,-0.33890173093580955,0.4865644763163246,-0.459858045497747,-0.499711747609662,-0.38971329078567196
242,0,0.3345571318217431,0.06840054710355462,0.4622299066400788,-0.36178936455752664,0.19694497756037277,-0.4897166935913806,0.32062789463591423,-0.35876334108665,0.519317081224912,-0.297824350456174,0.8223673071397755,0.07374055777264124,-1.261474118391181,-0.0963405795666679,0.24064598809583898,0.05989116001155106,0.5395397546010433,-0.3781453161129832,0.26902008826319246,-0.2022756470926857,0.3791260102332768,-0.3146574175349299,0.18317584335171383,-0.3201778197774883,0.536577663885774,-0.4005693118010372,-0.5631919451747879,-0.3616319201591289
243,0,-0.48956106822182144,-0.12458019587566987,0.21869352231267633,-0.3399814291502953,-0.043305391453882,-0.16708873024429002,0.04534264476595851,-0.4438800356601649,0.27921619702847067,-0.2361794737195115,0.6812586707830969,-0.5191467791944568,-0.5843520110298168,-1.488414555601081,0.18889903134890684,0.05670013985205148,0.48368183496169365,-0.38759542145612497,0.22897836009427142,-0.20685676923085,0.3343921571294096,-0.31543120566741556,0.19117920615801923,-0.3164330375458209,0.6187421863212955,-0.4005693118010372,-0.5631919451747879,-0.4705001484926871
244,0,1.0436820946498304,-0.25222100225565336,0.4933196578308311,-0.41994385897689274,0.5172788029102846,-0.30208562729431,0.07975330099969687,-0.23495723988880607,-0.20098557136077266,-0.22120034479289433,0.09717608738274817,-0.5191467791944568,-0.8382728012903321,-0.23956968100355203,0.4054696281045083,0.026005564984489627,0.41818609245321586,-0.38505116232528136,0.25300339699569685,-0.209878360428356,0.2793351071554184,-0.32123461666106273,0.15916575493206966,-0.3166634856831539,0.5890915108336932,-0.459858045497747,-0.5801199978588212,-0.4951242649466162
245,0,-0.43206444961397383,-0.6716122232183821,0.1876037711219476,-0.29636555833579137,0.19694497756037277,-0.3201177037956242,0.25180658216841306,-0.3897148663861219,0.19918256896541653,-0.6348547513059251,0.6419625948356694,0.6666278947397393,-0.33043122076933157,-1.0227435854121782,0.3192247001929983,-0.13035442283096246,0.38336557111959546,-0.3934108708980616,0.22897836009463557,-0.2213799011156587,0.3275100258826619,-0.33400212084708997,0.17517248054504445,-0.3338318719144736,0.5867694699822535,-0.4005693118010372,-0.5039437607806696,-0.4080579047628108
246,0,1.1011787132574602,0.5592098383026944,0.6311508881097417,-0.638023213049371,0.6774457155852405,-0.025756238747737758,0.11416395723343523,-0.13049584200314868,0.519317081224912,-0.21947198376285773,0.8652357536278695,1.2595152317068374,-0.41507148418948325,-0.4223102586988973,0.3345571318217214,-0.09510124773554209,0.4060610894888314,-0.43048436109038785,0.2690200882635566,-0.18117324405200452,0.3688028133631553,-0.30769332434254976,0.1991825689646886,-0.33792232635213787,0.6442846356871186,-0.2227031107109078,-0.5081757739516772,-0.4813658044637615
247,0,0.08540511785512968,0.4361276321505626,0.25392857366216576,-0.36542402045873185,0.19694497756037277,-0.593522971828501,0.2862172384021759,-0.46709367963473586,0.3592498250951643,-0.6515622412625789,0.2650775027944895,0.6666278947397393,-1.0075533281306657,-0.5874117844931386,0.3843875346150441,0.006555537345638784,0.33994355195653714,-0.4210342557472419,0.26902008826355667,-0.23093202812714964,0.3240689602592881,-0.31813946413111555,0.2391993829973075,-0.3436835297854675,0.6476783877007614,-0.044836909620778374,-0.5674239583457955,-0.5271567831990029
248,0,0.31539159228586655,0.37534629577917317,0.974174476247495,-0.2600189993236979,0.19694497756037277,-0.2767432495088014,0.5270918320383933,-0.3394186377745075,0.039115312835668756,-0.052397084196319825,0.35617295158167744,0.07374055777264124,-0.16115069392899803,-0.15137442149808164,0.4802152322945141,0.037705972235985805,0.42419677768342356,-0.41449187512506425,0.27702843389748655,-0.24794066244863053,0.35503855086965996,-0.3165918878661441,0.22319265738433272,-0.31770050230114966,0.6775076817153971,0.014451824075931433,-0.5801199978588212,-0.5567903903928437
249,0,-0.18291243564736037,1.0363433288182449,0.6207876377128165,-0.24184571981767178,-0.043305391453882,-0.1451578263913523,0.25180658216841306,-0.6063755434822937,0.1191489408987229,-0.3508274220428107,-0.11002140397638889,-0.5191467791944568,-0.2881110890592256,-0.15419666980225027,0.34413990158968144,0.26335668351484465,0.48430362998550774,-0.3861415590956388,0.2530033969960611,-0.26017323326436154,0.34127428837615975,-0.3370972733770327,0.23119602019063815,-0.3227127492881458,0.5726586063465888,0.07374055777264124,-0.5504959056617621,-0.5378813267548712
250,0,-0.08708473796797746,0.09727168187998274,0.3782875784251042,-0.1509793222874587,0.2770284338960298,-0.25383763881793564,0.802377081908349,-0.4013216883734074,-0.040918315231024883,-0.20506897517953368,0.2293537973877286,0.07374055777264124,-0.9652331964205898,-0.6988905925080754,0.255978419724562,0.2271917883738574,0.43849806323115975,-0.3497950000835535,0.23698670572856545,-0.2745014237815847,0.3378332227527859,-0.36572743427903004,0.2151892945776634,-0.32542051490180696,0.46173650105863173,0.07374055777264124,-0.5843520110298288,-0.5385163326233118
251,0,-0.4512299891498504,0.4254908982855755,0.3741422782663435,-0.33271211734788486,0.03677806488541685,-0.23531820889774605,-0.4364065425064762,-0.6528028314314797,0.1191489408987229,-0.44531115834938284,1.3778709262146964,-0.5191467791944568,0.21973049146177498,-1.2393511427576225,0.12373619692690467,0.1949776800970082,0.45943182903292,-0.3407083603305322,0.22097001446106987,-0.2809344889117679,0.22427805718142735,-0.40248237057213154,0.19117920615801923,-0.3314697785067989,0.5226454187771363,0.07374055777264124,-0.5631919451747849,-0.6100603271341546
252,0,1.1778408714009665,0.782581249467631,0.02075543973166497,-0.28546159063217574,-0.2034723041288379,-0.38396100167849273,0.18298526970093637,-0.6992301193806657,0.43928345315821843,-0.3554363847894702,0.42583417712486593,0.6666278947397393,-1.2191539866811052,-0.7772079829489305,0.20806457088482694,0.26639575033341584,0.41528438234207865,-0.3330755829379971,0.1809282862921488,-0.2703589197204791,0.21051379468792955,-0.43652904840153306,0.18317584335134987,-0.33723098194012846,0.48299210577564533,0.13302929146935102,-0.5589599320037772,-0.6781470674723808
253,0,1.062847634185707,0.44372529919701653,0.44564870600503603,-0.47809835339621753,0.5172788029102846,-0.28259149053619237,0.3550385508696526,-0.4438800356601649,0.19918256896541653,-0.31222735903949805,1.1224464325564656,1.2595152317068374,-0.2881110890592256,-0.5232056355731517,0.36330544112557983,0.32322629984068446,0.4379799007113146,-0.34688727536258934,0.23698670572856545,-0.28190919574966933,0.24148338529829894,-0.43652904840153306,0.17517248054504445,-0.3448357704721271,0.5271108819529823,0.3108954925594805,-0.5293358398067182,-0.581626175469588
254,0,0.7370334620755872,0.37534629577917317,0.9897193518428712,-0.5398875037167475,0.2770284338960298,-0.014547110111831204,0.07975330099969687,-0.5251277895712073,0.3592498250951643,-0.21255853964286847,0.4008275833401365,0.6666278947397393,-0.5843520110298168,-0.5316723804856827,0.3326405778681555,0.38598302964416714,0.48761987011251867,-0.35888163983657484,0.21296166882714,-0.2531553440314215,0.24148338529829894,-0.46554610336977326,0.23119602019063815,-0.34397158995712457,0.557476031548721,0.4294729599529001,-0.5039437607806667,-0.610836445417801
255,0,-0.37456783100634405,-0.2127131336142381,1.42290321843374,-0.5326181919143371,-0.12338884778953907,-0.015034463530795225,0.25180658216841306,-0.28138452783799206,-0.20098557136077266,-0.6918906652959281,1.4528907075688848,1.2595152317068374,-0.542031879319741,-0.18241915284401183,0.33839023972891846,0.43187293860458154,0.6111498148436978,-0.38250690319442937,0.1809282862921488,-0.22264702000493858,0.241483385298299,-0.45471306951496027,0.19117920615801923,-0.34967518135612485,0.6385688428220425,0.48876169364960986,-0.5251038266357076,-0.5268040021609843
256,0,0.2578949736782368,0.009138744141414511,0.8435975212464155,-0.32907746144667965,0.19694497756037277,-0.13443605117440977,1.1808943004795442,-0.24656406187613555,0.3592498250951643,-0.23329887200288862,0.6401764095653362,0.6666278947397393,-0.6266721427399228,-0.37927097206022536,0.25406186577099615,0.37686582918845357,0.6323944781573653,-0.3516123280341602,0.13287821248966203,-0.23351500124760577,0.34815641962290983,-0.46631989150225894,0.17517248054504447,-0.35105787018012796,0.6160629084157894,0.4294729599529001,-0.5462638924907515,-0.5225000734971171
257,0,1.331165187688197,0.08207634778710947,0.5938431866808485,-0.6234845894445502,0.5973622592459417,-0.5043372961600353,0.59591314450587,-0.4013216883734074,0.19918256896541653,-0.591645725555953,0.9724068698481205,0.07374055777264124,-0.5843520110298168,-0.8682254907585696,0.37863787275430283,0.3414607007521082,0.6663859394592335,-0.3774183849327421,0.17291994065821892,-0.22459643368075924,0.37912601023327924,-0.4597426923761262,0.1591657549320697,-0.3450662186094654,0.6867958451211523,0.3701842262561903,-0.5039437607806667,-0.5505814441236602
258,0,0.29622605274999,0.019775478006436167,1.2985442136708252,-0.1146327632753652,0.3571118902353287,-0.16026578237888237,0.42385986333715375,-0.4245353323479784,0.519317081224912,-0.14918530187627413,0.9581173876854224,0.6666278947397393,-0.33043122076933157,-0.7158240823331122,0.3767213188007152,0.3059036189748345,0.6988229132015665,-0.36287976132790883,0.1889366319257145,-0.2129486869677673,0.36880281336315524,-0.4682543618334732,0.207185931770994,-0.3547450403774608,0.7469902887315268,0.4294729599529001,-0.5208718134647,-0.6070264102071633
259,0,-0.4512299891498504,0.1747678857535293,1.1845484593047884,-0.6271192453457555,0.2770284338960298,-0.5072614166737308,0.3894492071034154,-0.7688710513044665,0.5993507092879662,-0.41304841912276635,0.8866699768719006,0.6666278947397393,-0.542031879319741,-0.8809256081273534,0.3498895634504662,0.219746074668363,0.7551989953607637,-0.40140711388071715,0.22097001446070572,-0.24915904599600514,0.38256707585665556,-0.4845039126156904,0.2552061086099183,-0.36096714008545633,0.8466594268163558,0.5480504273463197,-0.5462638924907516,-0.6796993040396736
260,0,-0.470395528685727,-0.13825599655925927,0.69747569064996,-0.3399814291502953,0.03677806488541685,-0.3327888926884228,0.7335557694408478,-0.47483156095959284,0.43928345315821843,-0.4170812615260803,0.38475191590707347,0.6666278947397393,-1.4307546452315145,0.31711879699501483,0.31155848437869127,0.19619330682443875,0.7871178065832494,-0.4203073245670009,0.1969449775596444,-0.25705417138305386,0.3756849446099054,-0.491854899874309,0.30322628544884267,-0.382168368720111,0.8621992386682903,0.6073391610430294,-0.592816037371844,-0.5780983650893645
261,0,-0.029588119360347706,-0.1929591992935132,0.26636447413847136,-0.31453883784181746,0.2770284338960298,0.193065446362321,-0.12671063640278216,-0.2156125365766636,0.759417965417714,-0.5818516797192884,0.4490545856392304,0.07374055777264124,-1.261474118391181,-1.0382659510851309,0.3537226713576415,0.1343482970665299,0.776340026170462,-0.41848999661639413,0.22097001446070572,-0.21421580585704714,0.40665453522027484,-0.4481358703888274,0.3672531879007418,-0.3958224208571016,0.7693176046107437,0.6666278947397394,-0.7409364983571397,-0.5579898459221154
262,0,-0.16374689611148377,-0.007576123360708082,1.0322086784701918,-0.5180795683095163,0.5172788029102846,-0.12810045672796613,0.11416395723343523,-0.3007292311501785,0.519317081224912,-0.04548364007633057,0.30794594928258356,0.6666278947397393,-0.880592933000408,-0.5803561637327169,0.21956389460639647,0.055332559783696,0.8774853500443147,-0.44175179438412815,0.29304512516461795,-0.1886297513619945,0.3997724039735247,-0.4082857815657787,0.37525655070741115,-0.3648271463857876,0.7575287818265155,0.6666278947397394,-0.7070803929890699,-0.538304664000494
263,0,0.2578949736782368,0.24314688917133812,-0.06629586360238017,-0.514444912408311,0.43719534657098574,-0.3503336157706844,0.7335557694408478,-0.3007292311501785,0.5993507092879662,-0.39173196641945307,1.0099167605251829,0.6666278947397393,0.05044996462144145,-1.0065156576631586,0.13906862855564944,0.03527471878112816,0.8262908930835732,-0.4453864502853375,0.28503677953068807,-0.19540396388544368,0.43762412583064425,-0.39397070111478005,0.41527336473966614,-0.3727776071237831,0.7462758146233872,0.6073391610430294,-0.6732242876210032,-0.5866356662094947
264,0,0.7945300806832168,0.4148541644205884,0.7710547684680328,-0.20549916080557828,0.6774457155852405,-0.10616955287511703,1.0432516755445664,-0.6141134248071507,0.27921619702847067,-0.19412268865623047,0.7330580436228891,-0.5191467791944568,-0.7113124061600745,-0.7673301138843152,0.14481829041641242,0.039225505645269686,0.8044244347460893,-0.4119476159942206,0.3250785076996091,-0.2045662081617723,0.5339739632851312,-0.4028692646383744,0.4072700019329968,-0.37093402202511927,0.7794988606516624,0.4887616936496098,-0.685920327134029,-0.610201439549358
265,0,0.6987023830036161,0.12310374983780857,0.7803816938252679,-0.6707351161602594,0.2770284338960298,0.02395380998544003,0.8711983943758257,-0.4090595696982644,0.43928345315821843,-0.395764808822767,0.23292616792839518,0.07374055777264124,-0.7113124061600745,-0.1944137081367536,0.25214531181740846,0.07280719399047436,0.740172282285242,-0.4257593084188128,0.36512023586816605,-0.20066738081014876,0.5959131445058724,-0.4156367688244016,0.47129690438489585,-0.34132143637780316,0.6575024066876135,0.37018422625619024,-0.7028483798180624,-0.6114008950786322
266,0,1.3119996481523204,0.4102955641927368,0.34512517715499513,-0.39450126766841487,0.03677806488541685,-0.17050020417694953,1.1808943004795442,-0.23882618055127855,0.519317081224912,-0.3848185222994638,0.5812322956442109,0.07374055777264124,-0.11883056221889209,-0.06670697237282203,0.3575557792648168,0.11292287599560658,0.6903250478761,-0.4323016890409864,0.34910354460067045,-0.20427379611040272,0.5959131445058724,-0.41486298069191585,0.4873036299978707,-0.3564734014074607,0.651607995295501,0.3108954925594805,-0.6520642217659594,-0.5801444951098919
267,0,0.7370334620755872,0.762827315146906,0.9244308743423196,-0.5362528478155424,0.9176960845958535,-0.45170312691307335,0.7335557694408478,-0.44774897632259336,0.6793843373546599,-0.5864606424660004,0.7741403048406499,0.07374055777264124,-0.5843520110298168,-0.7207630168654324,0.29814260670355586,0.18099797273158624,0.7233838166422473,-0.4235785148780856,0.3811369271356616,-0.19901037918570655,0.6096774069993702,-0.4195057094868345,0.5353238068367949,-0.35595489309846545,0.6317813387947538,0.31089549255948046,-0.6520642217659592,-0.5653982477205781
268,0,1.0436820946498304,0.4133346310113045,-0.24972539562770554,-0.4671943856926019,0.11686152122107392,0.138481863439503,0.49268117580463044,-0.5328656708961083,0.43928345315821843,-0.34449009826611454,1.0027720194438499,0.07374055777264124,-0.880592933000408,-0.0899905208822634,0.3728882108935399,0.22035388803207306,0.5685568557123941,-0.45883467711980924,0.3571118902342362,-0.169135614603868,0.6165595382461179,-0.4303387433416475,0.5273204440301256,-0.3754853727374495,0.6362468019705967,0.2516067588627707,-0.7070803929890669,-0.5028148915754932
269,0,0.5453780667166034,0.050166146192113605,0.3876145037823157,-0.32544280554547445,0.43719534657098574,0.09413270231475214,0.42385986333715375,-0.38197698506126493,0.43928345315821843,-0.0443313993896395,0.47048880888329325,0.07374055777264124,-1.3884345135214387,-0.6036397122421583,0.47254901648018527,0.20789371407593152,0.48886346016014687,-0.42866703313978116,0.3731285815017317,-0.10899620270501972,0.6200006038694916,-0.3916493367173274,0.5113137184171508,-0.3386136707641368,0.5946286851717358,0.19231802516606086,-0.7917206564092366,-0.47508630198697377
270,0,0.3345571318217431,1.125995799966097,0.6819308150546073,-0.888814470232779,0.43719534657098574,-0.41466426707260556,0.11416395723343523,-0.5328656708961083,0.27921619702847067,-0.6025920120793086,0.8080778249770775,1.2595152317068374,-1.0498734598407715,-1.3854024924986752,0.5530442825309322,0.33431889372846707,0.48730897260061157,-0.4835503372480295,0.41317030967028867,-0.11718374014343798,0.5580614226487505,-0.3974527477109789,0.4953069928041761,-0.3571647458194597,0.6369612760787362,0.25160675886277073,-0.7536325378701623,-0.6453384309363427
271,0,0.3537226713576197,1.584894889570241,0.3181807261230271,-0.6162152776421398,0.2770284338960298,-0.4814316854691695,0.18298526970093637,-0.5560793148706793,0.6793843373546599,-0.7362519317325389,0.602666518888242,-0.5191467791944568,-1.303794250101257,-0.4477104934364652,0.591375361602729,0.5121043026148426,0.4924905977990671,-0.5137179812280617,0.41317030967028867,-0.18463345332658704,0.5890310132591223,-0.4314994255403805,0.4873036299978707,-0.3726047710207847,0.6523224694036375,0.19231802516606086,-0.7578645510411699,-0.5862828851714762
272,0,0.8711922388267233,0.4604401666991391,1.4415570691481867,-0.5289835360131319,0.7575291719208976,-0.009186222503315612,1.2497156129470453,-0.5406035522209653,0.6793843373546599,-0.301857192859488,0.26864987333515605,0.07374055777264124,-0.880592933000408,0.03559952865354169,0.6948692750965497,0.5589059316208272,0.5334254368668667,-0.5148083779984233,0.43719534657134995,-0.17274202990412196,0.7025861788304832,-0.45548685764745916,0.5033103556108454,-0.3982421262991004,0.6483928618088947,0.13302929146935108,-0.7578645510411699,-0.5246873159328503
273,0,0.20039835507038917,1.010511260860419,0.5948795117205387,-0.27819227882976527,-0.043305391453882,-0.1631899028926665,0.2862172384021759,-0.4903073236093508,0.43928345315821843,-0.35658862547610887,1.3010649595902066,0.07374055777264124,-0.9652331964205898,-0.5083888319762413,0.6891196132357649,0.6356423687897353,0.5995429743991585,-0.4911831146405687,0.3891452727688631,-0.1540276586163202,0.6578523257266162,-0.47444466689337633,0.4873036299978707,-0.39472779220476595,0.6775076817153971,0.07374055777264125,-0.859432867145373,-0.4748746333641586
274,0,-0.08708473796797746,1.7003794286759188,0.4850290575132862,-0.7434282341844464,0.5973622592459417,-0.6178906427761702,0.59591314450587,-0.6992301193806657,0.759417965417714,-0.4072872156894158,-0.1725378884381808,0.6666278947397393,0.09277009633151731,-0.05259573085192871,0.6009581313706456,0.7641948952152684,0.5709404033036838,-0.5449760219784555,0.38113692713493325,-0.20519976760642553,0.6131184726227465,-0.4829563363507279,0.5353238068367949,-0.4160442449080845,0.58694808850929,0.19231802516606086,-0.7790246168962139,-0.40340119506092
275,0,1.8294692156214238,-0.21727173384208973,0.14822341961367394,-0.6452925248518229,0.3571118902353287,-0.26650882771073425,1.1808943004795442,-0.4245353323479784,0.43928345315821843,-0.3738722357761082,0.9098903853862969,0.07374055777264124,-1.1345137232609233,-0.4173713241665772,0.7140348146324262,0.7301573468472786,0.5077245758825245,-0.5424317628476119,0.3891452727688631,-0.23424603137604297,0.6440880632331183,-0.4845039126156993,0.5353238068367949,-0.41385498760341866,0.6546445102550802,0.19231802516606086,-0.8213447486062988,-0.4256969566639023
276,0,-0.12541581703973062,0.8114523842440245,0.7264927917613319,-0.34725074095270575,0.5973622592459417,-0.45170312691307335,1.008841019310828,-0.6682785940811937,0.6793843373546599,-0.11231359990294573,0.19005772144030114,1.2595152317068374,-1.8962760940424392,-0.48087191101052185,0.5702932681132211,0.7702730288524073,0.545861337343158,-0.537706710176041,0.44520369220491557,-0.2623663236496553,0.6268827351162468,-0.5274491539686907,0.5513305324497698,-0.3866044953637668,0.6155270528346892,0.3108954925594805,-0.9990893017886535,-0.4671134505276722
277,0,1.1586753318650898,1.3311328102195925,1.2177108605748974,-0.29273090243458616,0.43719534657098574,-0.22167231316701938,1.525000862817001,-0.6063755434822937,0.19918256896541653,-0.22465706685286277,0.5937355925365756,1.2595152317068374,-0.9229130647105139,-0.21981394287432146,0.6124574550921714,0.8271035783596761,0.5751893359664159,-0.5133545156379453,0.39715361840242885,-0.23936324227504988,0.706027244453862,-0.5433118106846608,0.5033103556108455,-0.3504241378024531,0.5974865816042818,0.4294729599529001,-1.032945407156723,-0.4170185431285612
278,0,-0.18291243564736037,-0.25526006907422105,0.590734211561778,-0.736158922382036,0.5973622592459417,-0.4015057247608429,0.59591314450587,-0.5715550775203933,0.3592498250951643,-0.37617671714943796,0.6080250746992736,1.2595152317068374,-0.542031879319741,-0.3164759472923228,0.4897980020624524,0.7602441083511234,0.6592352966853643,-0.5402509693068887,0.4452036922049157,-0.2933620010950845,0.716350441323986,-0.5471807513470893,0.49530699280454,-0.35359279969078544,0.5580118871298242,0.5480504273463197,-0.9990893017886565,-0.43966708576956715
279,0,1.1778408714009665,0.7886593831047665,1.7016746541106555,-0.4671943856926019,0.11686152122107392,-0.5481991038658222,0.8711983943758257,-0.5289967302336798,0.519317081224912,-0.4643231296793664,1.1224464325564656,0.6666278947397393,-0.41507148418948325,-0.343287306181975,0.5530442825308887,0.8340934320423887,0.7906413117181982,-0.5544261273216016,0.4131703096699244,-0.3575951817131419,0.7610842944278532,-0.5618827258643309,0.5033103556112094,-0.3955919727197581,0.6232076494971415,0.6073391610430295,-0.9017529988554609,-0.41363184516354873
280,0,0.56454360625248,1.084968397915398,0.8674329971593131,-0.5180795683095163,0.5172788029102846,-0.45608930768357225,0.9744303630770652,-0.37423910373636393,0.27921619702847067,-0.7996251694991856,0.7366304141635557,0.07374055777264124,0.1774103597516991,-0.6445623126527038,0.5760429299739623,0.8299906918373188,0.8091915299286688,-0.5173526371292753,0.4211786553038543,-0.3617376857742386,0.8471109350122162,-0.5460200691483563,0.5033103556112094,-0.41529528846174585,0.6160629084157893,0.48876169364960986,-0.7790246168962138,-0.3395478271789517
281,0,0.43038482950112605,0.19452182007421964,0.37621492834572384,-0.5398875037167475,0.2770284338960298,-0.46486166922474736,0.7679664256746106,-0.5599482555331078,0.43928345315821843,-0.33354381174281134,0.574087554562846,0.6666278947397393,-0.5843520110298168,-0.9472484432754918,0.583709145788313,0.6909533848877166,0.8149949501509385,-0.5097198597367361,0.4211786553038543,-0.36008068414979644,0.9056090506095836,-0.5464069632145991,0.47930026719156527,-0.37502447646277304,0.6132050119832497,0.6073391610430294,-0.7070803929890699,-0.38950162216285433
282,0,0.8520266992908466,-0.03492772472785233,0.7378923671979237,-0.36905867635997835,0.6774457155852405,-0.11835338834895164,1.2841262691807838,-0.5251277895712073,0.27921619702847067,-0.93731793155573,0.1132517548158112,1.2595152317068374,-0.41507148418948325,-0.30518695407562324,0.5817925918347253,0.6414165957450175,0.7446284799559122,-0.4937273737714206,0.41317030967028856,-0.37099740073436005,0.9090501162329574,-0.5448593869496234,0.4392834531589463,-0.4385705503323972,0.5976652001313152,0.7259166284364491,-0.6605282481079774,-0.42358027043577084
283,0,0.43038482950112605,-0.09570906109927631,1.3306702899012441,-0.46355972979139665,0.5172788029102846,-0.4741213841848865,0.18298526970093637,-0.4438800356601649,0.6793843373546599,-0.38654688332944803,1.0849365418793713,0.6666278947397393,-1.0498734598407715,-0.4695829177938223,0.6047912392777991,0.530794563549048,0.8182075577739827,-0.5122641188675838,0.46922872910670527,-0.402090548863582,0.8987269193628336,-0.5402166581547048,0.4632935415785905,-0.4415663761177312,0.5760523583602317,0.7852053621331588,-0.6689922744499956,-0.4196996790175289
284,0,1.2928341086164439,0.35711189486773215,1.6426041268482685,-0.547156815519158,0.03677806488541685,-0.35423244312239655,0.6647344569733711,-0.4206663916855499,0.6793843373546599,-0.4372454735427549,1.1921076580996224,0.07374055777264124,-0.41507148418948325,-0.7468688136790425,0.7427831239362412,0.3964678101682293,0.9339650647074809,-0.4926369770010549,0.4131703096706528,-0.3757247288982047,0.9056090506095836,-0.5123602853851932,0.45529017877228506,-0.4445622019030651,0.712516913014012,0.7259166284364491,-0.7197764325020957,-0.4891269873002403
285,0,0.7753645411473403,1.0302651951811095,1.3379245651790752,-0.6561964925554385,0.7575291719208976,-0.36739098543407056,0.802377081908349,-0.6025066028198652,0.9194852215474617,-0.6025920120793086,0.5347914786154502,0.07374055777264124,-0.9652331964205898,-0.2579142949806983,0.6373726564888328,0.5212215030705492,1.0529351792640211,-0.49372737377141646,0.4532120378392097,-0.3858129446705382,0.8677573287524641,-0.5301574124323819,0.5033103556112094,-0.4674341795333851,0.6750070223369273,0.7259166284364491,-0.7028483798180624,-0.4731812843816524
286,0,0.7370334620755872,1.5149963527431136,1.090242880692912,-0.41630920307568753,0.5172788029102846,-0.06182039175036618,0.6303238007396083,-0.7224437633552806,0.759417965417714,-0.6129621782593186,1.1849629170182574,0.6666278947397393,-0.542031879319741,-0.37150978922373656,0.7236175844003646,0.5915758999204581,1.0893101881571792,-0.5006332199837147,0.445203692205644,-0.34682467115426757,0.8299056068953421,-0.5355739293597905,0.5113137184175148,-0.5174990373690225,0.774497541894723,0.6666278947397393,-0.5674239583457925,-0.4622450722029739
287,0,0.5837091457883566,1.366082078633156,0.8850505228340696,-0.35088539685391096,0.5172788029102846,-0.5306543807834719,1.5594115190507394,-0.9004150338271235,0.43928345315821843,-0.554774023582677,0.4169032507731678,0.6666278947397393,-0.2881110890592256,-0.5387280012461293,0.6661209657926913,0.5950708267618146,1.0560441543830963,-0.5064486694256471,0.45321203783957387,-0.37772287791591286,0.833346672518716,-0.5649778783942736,0.5353238068367949,-0.5505107330420038,0.7568143077183821,0.6073391610430294,-0.5039437607806636,-0.4941364780401547
288,0,1.3886618062958267,0.7932179833326181,0.905777023627873,-0.6234845894445502,0.43719534657098574,0.04539736041941375,1.008841019310828,-0.49804520493420784,0.8394515934844077,-0.6371592326792549,1.8315619848804299,1.2595152317068374,-1.3884345135214387,-0.8287140145001335,0.82327838998701,0.6999186320024984,1.0875484355897058,-0.49518123613189857,0.4371953465720783,-0.33303256939788717,0.8746394599992119,-0.557626891135655,0.5833439836757194,-0.5766089845949856,0.8791679987364978,0.6073391610430295,-0.5885840242008334,-0.5453602847609357
289,0,-0.16374689611148377,0.34039702736560956,1.0011189272794632,-0.3763279881623888,0.19694497756037277,-0.3254785914041398,0.21739592593467472,-0.6141134248071507,0.519317081224912,-0.7523833013458472,1.1367359147191636,0.07374055777264124,-0.9652331964205898,-0.7440465653748738,0.689119613235765,0.6550923964285827,1.0174928629065867,-0.48609459637887725,0.4452036922060082,-0.3107605181517189,0.8092592131550967,-0.5661385605930022,0.5833439836757194,-0.6054150017616335,0.8805969469527677,0.5480504273463197,-0.6436001954239441,-0.5854362106802256
290,0,0.9861854760422006,0.3145649594077492,0.8083624698969262,-0.5253488801119267,0.3571118902353287,-0.40589190553143045,0.32062789463591423,-0.5792929588452943,0.5993507092879662,-0.25115860264618106,0.1293274222488425,1.2595152317068374,-1.0075533281306657,-1.0566105650622772,0.731283800214737,0.5780520525778179,1.0115858101803479,-0.4868215275591183,0.4291870009385126,-0.3057407779365047,0.7438789663109816,-0.5866439461038951,0.6153574349016689,-0.5505683450763331,0.8198666477612964,0.6666278947397394,-0.7620965642121805,-0.6266410359211829
291,0,1.503655043511304,-0.21119360020495423,0.42492220521120905,-0.6998123633699425,0.2770284338960298,0.12727273480359644,1.6970541439857172,-0.44774897632259336,0.5993507092879662,-0.3911558460761075,1.5404137858154061,1.2595152317068374,-0.6689922744499986,-1.1264612105906013,0.8386108216157548,0.5374805105499004,1.0164565378668964,-0.5028140135244378,0.4291870009385126,-0.24652733753367037,0.8367877381420922,-0.5754240181828438,0.6313641605146436,-0.5563295485096627,0.9164992708865523,0.7259166284364491,-0.7705605905541988,-0.6445623126526939
292,0,0.6028746853242332,0.3373579605470418,0.7783090437458876,-0.5398875037167475,0.7575291719208976,-0.1875575738403357,1.5938221752844777,-0.6528028314314797,0.5993507092879662,-0.5904934848693143,1.354650517700332,-0.5191467791944568,-1.1345137232609233,-0.6918349717476288,0.8136956202190936,0.57470907907739,1.0204982055216927,-0.5198968962601148,0.4371953465720783,-0.25344775608280873,0.8677573287524616,-0.588191522368871,0.6633776117405932,-0.5216471038410212,1.0406391471750043,0.5480504273463198,-0.8425048144613427,-0.6832271144198944
293,0,1.2161719504729374,1.0409019290460966,1.3679779913301138,-0.6525618366542333,0.8376126282601964,-0.09349836398231841,1.112072988012043,-0.29686029048775003,0.19918256896541653,-0.3001288318295038,0.8134363807880773,1.2595152317068374,-0.9229130647105139,-0.6015230260140318,0.8922743323162745,0.6883701780919271,1.0242289756645797,-0.5387971069463984,0.4692287291070695,-0.21538545406255194,0.9606661005835722,-0.5734895478516295,0.6153574349016688,-0.5130052986910268,1.013489131065875,0.6073391610430295,-0.829808774948317,-0.6964211252419154
294,0,0.5070469876448502,0.1215842164285247,1.5555528235142235,-0.9360649969484882,0.7575291719208976,-0.41515162049156956,1.1808943004795442,-0.5831618995077228,0.9194852215474617,-0.4683559720827327,0.8956009032235989,0.6666278947397393,-1.8539559623323634,-1.189961797434546,0.8136956202191152,0.6648174102480064,1.0155238453311752,-0.5776879250893314,0.5413038398106176,-0.22147737179946922,1.0122820849341896,-0.5897390986338469,0.639367523320949,-0.5161163485450245,0.9838384555782727,0.6666278947397394,-0.973697222762605,-0.7407304236174657
295,0,0.8136956202190935,0.7962570501511858,1.2239288108130622,-0.7725054813940881,0.19694497756037277,-0.04866184943860354,1.008841019310828,-0.5715550775203933,0.5993507092879662,-0.29667210976948294,0.5723013692925126,0.6666278947397393,0.1774103597516991,-1.401630420247695,0.8175287281262905,0.641416595745014,1.004124269894574,-0.5893188239731965,0.48524542037456514,-0.18960445819992253,1.0329284786744375,-0.5866439461038996,0.6073540720949995,-0.485524358314042,0.9875894446459789,0.7259166284364491,-0.8594328671453761,-0.8551020361441655
296,0,0.02790849924749993,0.9831596594932748,0.9814287515253263,-0.8851798143315738,0.5973622592459417,0.02346645656647601,0.42385986333715375,-0.7379195260049947,0.9194852215474617,-0.4262991870193993,0.8705943094388694,1.2595152317068374,-0.9229130647105139,-0.7376965066904694,0.7466162318434819,0.5882329264200301,0.9932428569778153,-0.6362058850987851,0.49325376600813076,-0.18107577336823832,1.012282084934192,-0.588191522368871,0.6233607977079743,-0.4668580591900501,0.9561525838880401,0.785205362133159,-0.8975209856844535,-0.8917207078908387
297,0,1.2161719504729374,1.6304808918487916,0.5482448849344573,-0.576234062728841,0.5973622592459417,-0.22605849393760694,0.8367877381420873,-0.6876232973933801,0.9194852215474617,-0.34103337620614615,0.347242025230011,0.6666278947397393,-0.9229130647105139,-0.5443724978544666,0.80986251231194,0.6146728077415937,0.9595622931878542,-0.658740751686278,0.5012621116416965,-0.15061618468365184,0.9400197068433268,-0.5669123487254967,0.6713809745468986,-0.445483994452397,0.9491864613337244,0.785205362133159,-0.9610011832495822,-0.8922851575516724
298,0,0.83286115975497,0.7977765835604697,0.552390185093218,-0.692543051567532,0.9176960845958535,0.16333688780613623,1.146483644245806,-0.8191672799160811,0.519317081224912,-0.755840023405868,0.9599035729557558,0.6666278947397393,-0.5843520110298168,-0.770857924264526,0.7542824476578542,0.6151286677643789,0.9242236093343887,-0.6656465978985763,0.5493121854441833,-0.13882223194497956,0.9537839693368246,-0.599024556223684,0.639367523320949,-0.45735207352505824,0.862020620141257,0.7259166284364491,-0.8805929330004201,-0.8864995485281115
299,0,0.2578949736782368,1.305300742261732,0.5534265101329082,-0.7470628900856516,0.8376126282601964,-0.25091351830424014,1.008841019310828,-0.6025066028198652,0.5993507092879662,-0.3393050151761619,1.4832558571646142,0.07374055777264124,-1.68467543549203,-1.8411955936229878,0.7964466346368263,0.7116190392539912,0.8794543676197332,-0.7027200880909025,0.6133789505141657,-0.1313657246349896,1.03292847867444,-0.5978638740249554,0.6473708861272545,-0.4160442449080898,0.896672614385802,0.7259166284364491,-0.952537156907564,-0.996214451352923
300,0,1.1970064109370608,0.16565068529779153,1.766963131611207,-0.576234062728841,0.8376126282601964,-0.35179567602757644,0.59591314450587,-0.6760164754060947,0.43928345315821843,-0.37963343920945875,0.8205811218694422,1.2595152317068374,-1.0075533281306657,-0.990993291990206,0.8175287281263124,0.6967276118429954,0.9753144337911612,-0.7078086063525939,0.6614290243166525,-0.1259561016846042,1.0604570036614356,-0.6075362256810355,0.6313641605142797,-0.4288917285644175,0.9657979843478619,0.7259166284364491,-0.9525371569075641,-0.9896527240457159
301,0,0.6220402248601098,0.5288191701169824,0.6808944900149172,-0.7397935782832411,0.8376126282601964,-0.37080245936673006,1.0776623317783047,-0.4593557983098789,0.6793843373546599,-0.22350482616622408,1.0670746891760068,0.07374055777264124,-1.0498734598407715,-0.6290399469797262,0.7293672462611929,0.770728888875189,1.0009116622715322,-0.7118067278439237,0.717487443753069,-0.17576362110163685,0.9985178224406944,-0.608696907879764,0.639367523320949,-0.4121266265734292,0.9184640746839221,0.6073391610430294,-0.9906252754466415,-0.9399105976846285
302,0,0.6795368434677395,1.9769345091658255,0.878832572595905,-0.7470628900856516,1.0778629972708094,-0.4229492751948166,1.662643487751979,-0.5289967302336798,0.43928345315821843,-0.802505771215861,0.618742186321305,0.6666278947397393,-1.3461143818113328,-0.8675199286825274,0.7370334620755435,0.9346865437370674,1.0109640151565338,-0.7325242664808141,0.7495208262880603,-0.19930279123708497,1.0053999536874445,-0.5963162977599841,0.6233607977079743,-0.43332785520808387,0.8448732415460194,0.7259166284364491,-1.0117853413016824,-0.9574790933781184
303,0,1.6186482807265636,1.364562545223872,0.914067623945418,-0.7179856428759686,0.5973622592459417,-0.31134534225444915,0.9056090506095885,-0.6179823654695792,0.9995188496141554,-0.4464633990360739,1.1849629170182574,1.8524025686739354,-1.0498734598407715,-0.5316723804856827,0.7772810951009061,0.9670526053548449,0.9655729784180643,-0.7390666471029876,0.7254957893866347,-0.22108748906429804,0.9847535599471989,-0.628428505258167,0.7033944257728482,-0.4479613119287409,0.8820258951690374,0.7852053621331588,-1.024481380814708,-0.9504940288252834
304,0,0.7945300806832168,0.7856203162861987,1.395958767401772,-0.8561025671218908,0.6774457155852405,-0.3854230619353848,0.802377081908349,-0.4903073236093508,0.6793843373546599,-0.3617737085661139,1.2010385844512887,1.2595152317068374,-0.880592933000408,-1.4940590522094184,0.8060294044047428,1.0334562153406124,0.9496135728068189,-0.731070404120328,0.717487443753069,-0.21811463320867955,0.9469018380900796,-0.6191430476683297,0.679384337353568,-0.4373030855770789,0.9125696632918064,0.8444940958298688,-0.9271450778815126,-0.9809037543027707
305,0,0.29622605274999,0.8585579199318937,0.7482556175948255,-0.5362528478155424,0.9176960845958535,-0.39127130296277574,0.6303238007396083,-0.7843468139541806,0.519317081224912,-0.2937915080528077,0.9491864613337243,0.6666278947397393,-0.03419029879874035,-1.10811659661348,0.7542824476578325,1.039686302318683,0.9020462534849953,-0.7074451407624733,0.789562554456617,-0.25237557856109677,0.9090501162329574,-0.6404222213117085,0.6713809745472625,-0.43701502540541143,0.9502581724959276,0.8444940958298688,-0.9483051437365564,-0.9515523719393493
306,0,0.4687159085728792,0.9542885247168467,1.6021874503003048,-0.8306599758134542,0.7575291719208976,-0.02429417849093434,1.0432516755445664,-0.7030990600430942,0.8394515934844077,-0.377328957836129,0.6937619676754616,1.2595152317068374,-0.6266721427399228,-1.4608976346353617,0.7983631885903704,1.0367991888410404,0.9641221233624933,-0.7019931569106614,0.8055792457241127,-0.2571516420668378,0.9709892974536988,-0.6369401747155184,0.6633776117409572,-0.43211800248708443,0.9325749383195868,0.8444940958298688,-0.9186810515394974,-1.0238724847338383
307,0,-0.31707121239871433,0.6397451089948087,0.6529137139432589,-0.5180795683095163,0.7575291719208976,-0.021370057977150213,1.0432516755445664,-0.4593557983098789,0.9995188496141554,-0.27074669431951015,0.4937092173976577,0.6666278947397393,-1.1768338549709991,-1.1052943483092865,0.6450388723032052,0.9377256105556422,0.9745890062633734,-0.696177707468729,0.8215959369916084,-0.23668279847079213,0.9916356911939467,-0.6141134248071684,0.6713809745476265,-0.4250893342984209,0.9472216575363515,0.8444940958298688,-0.944073130565546,-1.0799646697793204
308,0,1.0053510155780772,1.0393823956368127,1.8042708330400767,-0.576234062728841,1.0778629972708094,-0.0876501229548388,0.9400197068433268,-0.5754240181828657,0.43928345315821843,-0.34564233895280566,0.28472554076818735,0.6666278947397393,-1.1768338549709991,-1.246406763518044,0.6622878578855159,0.9618861917632764,1.0997770710580592,-0.6845468085848598,0.837612628259104,-0.2617814995468896,0.9709892974536988,-0.5897390986338469,0.6633776117409571,-0.38406956585311464,0.8797038543175946,0.8444940958298688,-1.003321314959664,-1.1275195537046723
309,0,1.2736685690805671,0.5728856389862493,1.8623050352627735,-0.797948072702566,0.6774457155852405,-0.29623738626691903,1.112072988012043,-0.7340505853425661,0.43928345315821843,-0.4597141669327069,1.0367095395802457,0.6666278947397393,-1.261474118391181,-1.034032578628878,0.763865217425749,0.8886446814357282,1.2306649235710458,-0.6896353268465514,0.8215959369916084,-0.2663138863431575,0.9813124943238203,-0.6028934968861168,0.6473708861279823,-0.3961104810287691,0.8350492225591578,0.9037828295265786,-0.9610011832495793,-1.0468032522052613
310,0,1.2161719504729374,-0.09266999428067402,0.7461829675154451,-0.5835033745312515,0.3571118902353287,-0.01795858404449071,1.1808943004795442,-0.5870308401701513,1.1595861057439032,-0.42860366839272906,1.426097928513822,0.07374055777264124,-0.8382728012903321,-1.6662161987641062,0.7657817713793367,0.8628126134778815,1.1285869071614696,-0.6903622580267924,0.7735458631891214,-0.23293017714484895,1.0398106099211877,-0.5939949333625225,0.7194011513865508,-0.4010075039470961,0.8956009032235958,0.785205362133159,-0.944073130565546,-1.1143255428826513
311,0,0.9861854760422006,2.0620283800857915,1.1182236567645703,-0.619849933543345,0.7575291719208976,-0.39322071663863184,1.2841262691807838,-0.8307741019033665,0.9995188496141554,-0.4971619892493808,0.6651830033500656,0.6666278947397393,-0.9229130647105139,-0.6226898882953217,0.8021962964975456,1.0161335344747624,1.172319823836435,-0.6783678935528027,0.7655375175551916,-0.23517200287203913,1.0604570036614356,-0.6311367637218713,0.7514146026125005,-0.4283732202554118,0.8554117346410017,0.8444940958298688,-0.93137709105252,-1.1136905370142107
312,0,2.366104322626404,1.180699002700351,1.2197835106543014,-0.8561025671218908,0.8376126282601964,-0.31524416960607266,1.5938221752844777,-0.865594567865267,0.759417965417714,-0.6452249174859351,1.433242669595187,1.2595152317068374,-1.980916357462621,-1.4947646142854856,0.9708530444134122,0.936509983828215,1.2064149176422745,-0.6892718612564267,0.7415124806541303,-0.2244014923131647,1.0535748724146854,-0.6647965474850299,0.7834280538384499,-0.4126451348824192,0.9368617829683898,0.9037828295265786,-0.9948572886176489,-1.1764150055745066
313,0,0.967019936506324,1.9617391750729867,0.9068133486675631,-0.7434282341844464,0.5973622592459417,-0.3527703828655045,1.4217688941157616,-0.5715550775203933,0.8394515934844077,-0.5438277370593214,1.5725651206815006,2.4452899056410335,-0.7113124061600745,-1.7452391512810286,0.9056902099913883,0.9962276468131265,1.205689490114489,-0.6918161203872744,0.7415124806541303,-0.22854399637427028,1.1051908567653028,-0.6601538186901114,0.7674213282254752,-0.42238156868474397,0.975622003334714,0.9630715632232884,-0.9610011832495792,-1.2977716826540413
314,0,0.9286888574343529,0.9056634556197283,0.6922940654515091,-0.827025319912249,0.5973622592459417,-0.42246192177585257,1.318536925414522,-0.6025066028198652,0.8394515934844077,-0.6417681954259667,0.6062388894289402,1.8524025686739354,-2.1925170160130305,-1.5949544290836979,0.9191060876665018,1.0082319607464794,1.1353230199194626,-0.6889083956663102,0.7335041350202005,-0.23224788235831703,1.15680684111592,-0.6713737466111629,0.7834280538384499,-0.4503810173707293,0.9161420338324792,1.022360296919998,-1.0921935915508416,-1.307861220341469
315,0,1.599482741190687,0.0015410770949951507,1.8965037615725964,-0.9178917174424621,0.9977795409351523,-0.23190673496508654,1.9035180813881962,-0.7650021106419941,0.9995188496141554,-0.5253918860726834,1.025992427958246,1.8524025686739354,-1.1768338549709991,-0.9839376712297594,1.0494317565105715,0.9225302764627896,1.2501478343172399,-0.7270722826290023,0.7415124806541303,-0.2163114255585481,1.2841262691807789,-0.6694392762799442,0.8314482306773743,-0.4735410551727169,0.9238226304949315,1.1409377643134178,-1.2064579471680674,-1.295443327803097
316,0,1.062847634185707,0.2522640896270759,2.2074012734799306,-0.4526557620877397,0.6774457155852405,-0.051098616533335,1.318536925414522,-0.7766089326293236,1.0795524776772096,-0.5634158287326504,0.6258869274026382,0.6666278947397393,-1.1345137232609233,-1.6633939504599375,1.1088449290718543,0.8523278329538126,1.3106692166352025,-0.6892718612564308,0.7335041350205647,-0.2189918693627882,1.3116547941677745,-0.6767902635385672,0.8554583190966545,-0.492149742262369,0.9170351264676491,1.081649030616708,-1.2572421052201674,-1.3156929593855546
317,0,0.23872943414236023,1.2171678045231984,0.7814180188649581,-0.6561964925554385,1.0778629972708094,-0.2655341208728062,1.008841019310828,-0.7766089326293236,0.5993507092879662,-0.6083532155126068,1.6583020136576887,1.2595152317068374,-0.37275135247940744,-1.0932997930165447,1.1644249937259619,0.9100701025066515,1.3235196471273725,-0.7030835536810229,0.7655375175555558,-0.24340827565235376,1.3082137285444007,-0.7085155769705116,0.8154415050640356,-0.5259103943816786,1.0334944060936522,1.1409377643134178,-1.1768338549710082,-1.3144935038562804
318,0,1.3119996481523204,0.9998745269953974,1.7265464550632432,-0.797948072702566,0.8376126282601964,-0.35374508970343255,1.112072988012043,-0.7495263479922801,0.5993507092879662,-0.6388875937092915,1.0831503566090381,1.2595152317068374,-0.8382728012903321,-0.9042091566368199,1.195089856983386,0.90611931564251,1.315747209329689,-0.7252549546783955,0.7415124806544946,-0.27001777232721313,1.3254190566612722,-0.7259258099514531,0.8314482306770105,-0.5552349198573272,1.1133368876777374,1.2002264980101276,-1.1429777496029414,-1.2802737431681581
319,0,0.7561990016114637,0.09879121528926661,1.550371198315749,-0.9724115559605817,0.8376126282601964,-0.5350405615540594,1.0432516755445664,-0.8152983392536085,1.1595861057439032,-0.657899565039275,1.2742721805351438,0.6666278947397393,-1.4730747769415904,-1.301440605449483,1.1433429002364757,0.8587098732728118,1.2845538256349864,-0.742701303004197,0.7575291719219901,-0.2938980898559272,1.3185369254145245,-0.7340505853425573,0.9034784959355788,-0.575053459667984,1.1370931517732272,1.2002264980101276,-1.1641378154579824,-1.3070145458502185
320,0,0.6028746853242332,0.17780695257209705,1.8757772607787693,-0.8197560081097972,1.3181133662850641,-0.2762558960898374,1.112072988012043,-0.5599482555331078,1.1595861057439032,-0.7109026366259117,1.426097928513822,1.8524025686739354,-1.3461143818113328,-1.5279260318595422,1.0820131737216054,0.8857575679580888,1.397513254961319,-0.7663265663620515,0.8536293195269637,-0.3197278210604618,1.3116547941677745,-0.7313423268788529,0.9034784959355788,-0.6032833564913023,1.137093151773227,1.378092699100257,-1.2149219735100825,-1.293185529159762
321,0,1.1203442527933367,1.1548669347424905,1.0860975805341277,-0.932430341047283,0.9176960845958535,-0.2650467674538422,1.6282328315182406,-0.7533952886547086,0.759417965417714,-0.41765738186942586,1.0206338721472143,1.2595152317068374,-2.3194774111432883,-1.2830959914723366,1.0954290513967189,0.7950414234237587,1.3943006473382746,-0.7975846071124455,0.8696460107944592,-0.30691042614198294,1.3460654504015201,-0.7236044455539872,0.8794684075159347,-0.5953328957533068,1.172638238652942,1.437381432796967,-1.35457840815336,-1.3592261394774634
322,0,0.44955036903700263,0.8190500512904784,1.241546336487795,-0.8633718789243012,0.7575291719208976,-0.8050343556542767,2.350856612426868,-0.7688710513044665,0.9194852215474617,-0.6325502699325953,1.7083152012271474,1.2595152317068374,-1.0075533281306657,-1.1793783662938886,0.9037736560377787,0.7588765282827714,1.3964769299216242,-0.7983115382926864,0.8616376651605293,-0.3558894447468033,1.421768894115759,-0.7139320938979071,0.8954751331289096,-0.5940654309979728,1.200145491816138,1.4373814327969667,-1.2572421052201643,-1.327687514678304
323,0,2.0211246109804075,0.8676751203875969,1.8032345080003866,-0.8742758466279582,1.398196822624363,-0.45121577349410935,1.6282328315182406,-0.6179823654695792,0.6793843373546599,-0.5179023216093486,1.6207921229805944,1.2595152317068374,-1.0498734598407715,-1.6337603432660917,1.009184123485187,0.6494701228142323,1.4861190458549065,-0.8113962995370377,0.9417211214983716,-0.3657339838096638,1.442415287856007,-0.7185748226928257,0.8794684075159347,-0.5914728894529755,1.2049681920460473,1.318803965403547,-1.2910982105882343,-1.3165396338768103
324,0,1.8486347551573004,1.8963992384737112,1.2125292353764467,-0.8779105025291634,1.1579464536101083,-0.32791535849887127,1.8002861126869567,-0.8152983392536085,1.319653361873651,-0.672302573622599,1.1278049883674655,1.2595152317068374,-1.6423553037819238,-1.065077309974808,1.101178713257482,0.7485437010996308,1.5381425628474001,-0.8164848177987292,0.9977795409347883,-0.35627932748196567,1.4905902065832506,-0.7398539963362001,0.927488584354859,-0.5945263272726388,1.2571248019399,1.2595152317068374,-1.2360820393651235,-1.2635519219659213
325,0,1.2545030295446906,0.1975608868927874,1.143095457717158,-0.8052173845049764,0.5973622592459417,-0.11981544860575505,1.2497156129470453,-0.7108369413679512,0.8394515934844077,-0.4556813245293929,1.588640788114532,1.8524025686739354,-1.1768338549709991,-0.6438567505766366,1.066680742092882,0.7681456820794099,1.4628017324618563,-0.8052173845049806,0.9577378127658671,-0.3450701988460325,1.4252099597391354,-0.7344374794087958,0.9114818587418843,-0.5875552711183097,1.3133896379555285,1.2595152317068374,-1.2360820393651235,-1.2295438299006087
326,0,1.503655043511304,0.6123935076276645,1.5721340241492663,-0.9033530938375999,1.3181133662850641,-0.30306033413223804,1.4561795503494999,-0.6798854160685232,1.319653361873651,-0.5104127571460138,1.7333217950118769,2.4452899056410335,-1.4307546452315145,-1.5900154945513776,1.110761483025442,0.8041586238794688,1.3992750075287899,-0.8502871176799666,1.0218045778358493,-0.3702663706059228,1.4389742222326334,-0.7247651277527157,0.9354919471615284,-0.582254963959646,1.4241331247164521,1.437381432796967,-1.2657061315621825,-1.222205984309753
327,0,0.8520266992908466,1.7018989620852027,1.8270699839132842,-0.736158922382036,0.9176960845958535,-0.04914920285756756,1.3529475816482603,-0.8385119832282235,0.9995188496141554,-0.7904072440058666,1.3046373301308731,0.6666278947397393,-1.7269955672021058,-1.4771255623843815,1.1720912095402904,0.8526317396356692,1.5038402040336225,-0.8582833606626263,1.0057878865683538,-0.34862787880439894,1.4733848784663763,-0.7309554328126058,0.9755087611941473,-0.600460366808972,1.3887666563637708,1.378092699100257,-1.4011305530344524,-1.2605885612465366
328,0,1.5611516621189339,1.233882672025321,1.9649012141921949,-0.6780044279626698,0.7575291719208976,-0.18901963409713912,1.2497156129470453,-0.8926771525022664,0.5993507092879662,-0.4798783789493815,0.7134100056491912,1.2595152317068374,-1.2191539866811052,-1.7501780858133238,1.197006410936952,0.8760325541386615,1.5276756799465177,-0.8462889961886366,0.9977795409344239,-0.3321553332437696,1.4871491409598767,-0.7452705132636043,0.9755087611941473,-0.584559445332981,1.351792621267786,1.378092699100257,-1.4392186715735298,-1.345185454164187
329,0,1.0245165551139537,1.452695482962406,2.10791406966958,-0.9215263733436673,0.7575291719208976,-0.3834736482595287,1.9379287376219347,-0.6953611787182371,0.9194852215474617,-0.4602902872760524,1.5493447121671045,0.07374055777264124,-1.600035172071848,-1.0283880820205156,1.2238381662872009,1.0114229809059756,1.583429967081901,-0.8412004779269452,0.9897711953004942,-0.3169986419143166,1.5766168471676134,-0.7332767972100671,0.9514986727745031,-0.5647985175566588,1.3792998744309821,1.3188039654035473,-1.4519147110865556,-1.3178802018212903
330,0,1.4844895039754276,1.4922033516038211,2.227091449234044,-0.8960837820351895,1.1579464536101083,-0.004312688313852692,1.146483644245806,-0.8578566865403661,1.2396197338069572,-0.3398811355194551,1.490400598245979,1.8524025686739354,-1.6423553037819238,-0.5641282359836972,1.3119996481523202,1.142862620809148,1.6185613859274284,-0.8488332553194844,0.9737545040329986,-0.2898043211367181,1.58005791279099,-0.763067640310793,0.9595020355808085,-0.5276963674460131,1.3857301414041978,1.318803965403547,-1.4815388032836148,-1.2215004222337058
331,0,1.3694962667599502,0.4102955641927368,2.579441962729032,-0.7906787609001555,0.9176960845958535,0.029802051012919644,1.4217688941157616,-0.6450649501066227,1.0795524776772096,-0.5697531525093465,1.3135682564825713,0.07374055777264124,-1.2191539866811052,-1.5321594043157953,1.3369148495489818,1.0684054837541725,1.7678958241469185,-0.8346580973047718,0.9737545040329986,-0.26031943929004187,1.559411519050742,-0.7522346064559844,0.9915154868067582,-0.5429059445100052,1.4150235798377335,1.2002264980101276,-1.3715064608373964,-1.2464067635180516
332,0,1.3119996481523204,1.9845321762122448,1.9493563385968422,-1.1396057274161457,1.0778629972708094,-0.5813391363546664,1.7314648002194557,-0.8230362205785096,0.759417965417714,-0.5887651238393301,1.2206866224250184,1.2595152317068374,-1.557715040361772,-2.273705146237834,1.4231597774605136,1.1849536962463492,1.8386768243578235,-0.8622814821539562,1.00578788656799,-0.23794991736008084,1.4974723378300008,-0.7576511233833887,0.9755087611937832,-0.5385274299006786,1.3662607219575205,1.2002264980101276,-1.426522632060507,-1.3558394415124462
333,1,0.5262125271807269,0.5272996367076986,1.7866533073653204,-0.9542382764545143,1.0778629972708094,-0.16270254947370247,2.006750050089436,-0.834643042565795,0.9995188496141554,-0.423418585302724,1.2867754774275084,1.8524025686739354,-1.4730747769415904,-1.8101508622770577,1.2736685690805456,1.1509161478783594,1.837018704294317,-0.8702777251366118,0.9737545040326344,-0.20909859495804017,1.53532405968712,-0.7793171910930103,1.007522212419733,-0.5290790562700163,1.332859057402212,1.2595152317068374,-1.4688427637705888,-1.373478493413543
334,1,3.0560637459186144,2.0817823144065164,1.7255101300235531,-0.8088520404061816,0.9176960845958535,-0.9278474172304622,2.006750050089436,-0.9661870250884959,1.319653361873651,-0.6636607684725732,1.233189919317383,1.2595152317068374,-1.6423553037819238,-1.609065670604566,1.3944114681566768,1.16945445547164,1.8883167937590275,-0.8633718789243137,0.9497294671312089,-0.26909180083119927,1.5559704534273682,-0.794406059676499,1.0075222124197327,-0.5282148757550136,1.3433975504972038,1.2595152317068374,-1.4688427637705888,-1.4278773294765186
335,1,1.1586753318650898,0.4665183003362746,1.5576254735936037,-0.9687769000593764,1.1579464536101083,-0.07059275329145263,1.5938221752844777,-0.7069680007055227,1.0795524776772096,-0.45164848212607894,0.9438279055227244,1.8524025686739354,-1.1345137232609233,-1.0220380233361361,1.3848286983887168,1.1963501968159886,1.929769795346672,-0.8797278304797537,1.0057878865676257,-0.264169531299769,1.5903811096611116,-0.7940191656102561,1.0315323008390131,-0.5278115915146822,1.278916262238023,1.2595152317068374,-1.4646107505995811,-1.4656954567524685
336,1,3.113560364526462,2.33554439375713,2.1421127959793793,-0.9542382764545143,1.398196822624363,-0.6135044620055826,1.6970541439857172,-0.6411960094441942,0.9995188496141554,-0.8220938628891377,1.5064762656790103,1.2595152317068374,-0.9652331964205898,-1.4235028446050522,1.5458192304902325,1.3686652854289352,1.9867676725296834,-0.884816348741445,1.0137962322015555,-0.29521394408710344,1.6144685690247331,-0.7901502249478234,0.9995188496130634,-0.5589797020889946,1.2562317093047364,1.1409377643134178,-1.4180586057184887,-1.449044191757836
337,1,2.461932020306005,1.3159374761267537,1.6198049759750612,-0.797948072702566,1.47828027896002,-0.2933132657532236,1.4561795503494999,-0.81142939859118,1.0795524776772096,-0.5864606424660004,0.9402555349820262,0.6666278947397393,-1.980916357462621,-0.8463530664012124,1.7068097625917484,1.3300691368330901,1.966041171735861,-0.8909952637734981,1.069854651637972,-0.3196303503766691,1.624791765894857,-0.787441966484119,1.007522212419369,-0.538585041935008,1.2197935297898517,1.1409377643134178,-1.4434506847445403,-1.385966942159519
338,1,1.9636279923727777,1.5286721534266685,1.7006383290709655,-0.6125806217409345,1.3181133662850641,-0.2606605866833433,2.0755713625569125,-1.0629105416492963,1.0795524776772096,-0.7771564761091813,1.4511045222985515,1.2595152317068374,-2.0655566208827727,-1.812267548505184,1.747057395617133,1.359548084973225,1.9396148832237383,-0.8844528831513244,1.1259130710743888,-0.3267944456352895,1.7073773408558437,-0.8044653053988219,1.0555423892582934,-0.5683128516509879,1.2935629814547878,1.1409377643134178,-1.528090948164707,-1.3921758884287052
339,1,2.3086077040187742,0.10790841574496984,1.3576147409332122,-0.7179856428759686,1.47828027896002,-0.5623323530154242,1.869107425154458,-0.7185748226928081,1.2396197338069572,-0.39806929019609677,1.1510253968818616,1.2595152317068374,-2.40411767456344,-1.5321594043157953,1.8754665105076147,1.2250693782514814,1.864584950350101,-0.8640988101045546,1.197988181778301,-0.344680316110879,1.700495209609096,-0.806786669796279,1.087555840484243,-0.5620907519429924,1.2537310499262635,1.2595152317068374,-1.6084991984138661,-1.442553020658233
340,1,1.6953104388702878,0.06688101369427076,1.6374225016498178,-1.2050295336379222,1.398196822624363,-0.25237557856113224,2.350856612426868,-0.9391044404514525,1.959922386392642,-0.8612700462357957,1.331430109185936,2.4452899056410335,-1.7693156989121817,-1.9103406770752698,1.896548603997101,1.0825371444605263,1.805618055591679,-0.8949933852648279,1.2220132186797263,-0.369486605135607,1.8209325064272022,-0.8149114451873878,1.1595861057428114,-0.6142296430146265,1.237834001020259,1.318803965403547,-1.621195237926892,-1.5771742647673903
341,1,1.0436820946498304,1.5757776891145032,1.0135548277557687,-0.8815451584303686,1.0778629972708094,-0.4536525405888408,2.729373830998088,-0.8926771525022664,1.4797206180033988,-0.4510723617827334,1.9440916569116806,1.2595152317068374,-1.8539559623323634,-1.798861869060358,1.8639671867860887,1.1990853569527031,1.6490293420943523,-0.9040800250178492,1.238029909947222,-0.417832064295783,1.951693000115435,-0.839672665426952,1.19960291977543,-0.602361563941965,1.3008863410631701,1.437381432796967,-1.684675435492018,-1.6038445112418465
342,1,0.21956389460626574,1.2597147399831814,1.7814716821668695,-1.1904909100331014,1.0778629972708094,0.0254158702423321,2.5917312060630855,-1.0010074910503524,1.0795524776772096,-0.7598728658091819,1.5511308974374376,1.2595152317068374,-1.8962760940424392,-1.2555790705066172,1.7547236114314835,1.1266036133297967,1.632240876451355,-0.9091685432795448,1.238029909947222,-0.3571565636360832,2.037719640699798,-0.8574697924741363,1.2316163710013797,-0.6194723381389503,1.3339307685644122,1.4373814327969667,-1.7185315408600847,-1.5020319036687249
343,1,2.960236048239232,2.2747630573857407,1.8726682856596988,-0.9469689646521039,1.2380299099457652,-0.19584258196254678,1.4217688941157616,-0.9197597371393099,0.9995188496141554,-0.672302573622599,1.460035448650218,1.8524025686739354,-1.0498734598407715,-1.9519688395618575,1.998125963537334,1.301349955397601,1.640842374280793,-0.9084416120993037,1.2540466012147176,-0.3604705668849676,1.9792215251024305,-0.8659814619314877,1.2316163710013799,-0.6443607369709378,1.351256765686683,1.437381432796967,-1.6762114091500027,-1.516213701397205
344,1,1.8294692156214238,1.0986441985989528,1.6457131019673392,-0.8851798143315738,0.9176960845958535,-0.614479168843422,2.1099820187906753,-0.881070330514981,1.4797206180033988,-0.8290073070091792,2.188799038947912,1.8524025686739354,-1.557715040361772,-2.2638272771732186,1.875466510507615,1.2030361438168446,1.6328626714751713,-0.9160743894918429,1.2540466012147176,-0.32913374204626356,1.9895447219725544,-0.8574697924741363,1.2476230966143547,-0.6608953908245985,1.446817677649736,1.4966701664936768,-1.6677473828079876,-1.5816898620540703
345,1,2.6919184947367416,2.844588085867711,2.030189691692746,-1.0814512329968209,1.558363735299319,-0.23239408838405057,2.0755713625569125,-1.0938620669487242,0.9194852215474617,-0.8923805447757736,1.6618743841983552,2.4452899056410335,-1.3461143818113328,-1.6669217608401734,2.02879082679478,1.4408431223699882,1.6801190932850858,-0.9273418227855874,1.2940883293836385,-0.3453138755555234,2.0377196406997977,-0.8961591990984565,1.2316163710013797,-0.7049685970895678,1.5186223255172988,1.5559589001903864,-1.6889074486630284,-1.646178235804474
346,1,2.5769252575212644,1.4678908170552791,2.114132019907721,-0.950603620553309,1.0778629972708094,-0.607168867559139,1.4905902065832384,-0.9197597371393099,1.0795524776772096,-0.7448937368825648,2.2155918180029746,1.8524025686739354,-2.023236489172697,-1.4340862757457096,1.9751273160942602,1.354077764699803,1.67732101567792,-0.9269783571954668,1.2620549468482833,-0.344680316110879,2.01707324695955,-0.9240155718679681,1.2396197338076853,-0.6972485844889106,1.5895338807496953,1.6152476338870962,-1.794707777938239,-1.6472365789185397
347,1,2.1936144668035147,2.010364244170105,2.5680423872924405,-0.9287956851460778,1.0778629972708094,-0.10275807894236888,2.178803331258152,-0.8307741019033665,1.0795524776772096,-0.8059624932758294,1.8404929112320962,0.6666278947397393,-1.0921935915508474,-1.8609513317522184,1.9482955607440111,1.4235204415041383,1.772144756809658,-0.940063118439818,1.2220132186793622,-0.32562479742979356,2.089335625050415,-0.9259500421991869,1.2396197338076853,-0.7191987695698935,1.6795576183747023,1.6152476338870962,-1.7058355013470616,-1.74869640545364
348,1,1.6953104388702878,1.5560237547938127,2.1255315953443366,-1.1432403833173923,1.638447191634976,-0.9336956582579418,2.5917312060630855,-0.8462498645530805,1.2396197338069572,-0.6227562240959308,2.0977035901606924,1.2595152317068374,-1.9385962257525151,-1.6676273229162157,1.921463805393762,1.4262556016408527,1.8146340834369952,-0.9931290945974638,1.2540466012143534,-0.3929283045872534,2.140951609401033,-0.9042839744895652,1.2556264594206599,-0.7037587443685684,1.7442175251609164,1.6152476338870962,-1.6931394618340359,-1.7342323828947435
349,1,1.4844895039754276,0.8068937840161728,2.2426363248294203,-0.9760462118617869,1.3181133662850641,-0.15929107554104296,1.6282328315182406,-0.881070330514981,1.1595861057439032,-0.66308464812928,1.7154599423084806,1.8524025686739354,-2.023236489172697,-1.241467828985749,1.8390519853894276,1.4961541384679728,1.903136241826616,-1.0189351514960456,1.238029909946858,-0.3526241768398153,2.1168641500374106,-0.9205335252717826,1.2476230966143544,-0.7302602801618867,1.8006609797035782,1.674536367583806,-1.6550513432949614,-1.7051632253617388
350,1,2.0594556900521606,1.8720867039251345,1.5959695000621636,-1.1904909100331014,1.47828027896002,-0.42343662861369197,2.1443926750244136,-0.9081529151519805,1.3996869899403446,-0.6048964934526383,1.4868282277052807,1.2595152317068374,-2.40411767456344,-2.2151434939262096,1.875466510507615,1.6766747074910593,1.8989909416678503,-1.0174812891355636,1.2460382555804235,-0.3697302818450713,2.0962177562971656,-0.9174383727418352,1.191599556969125,-0.704622924883571,1.816200791555513,1.5559589001903864,-1.7185315408600874,-1.735643507046833
351,1,1.1778408714009665,0.8843899878897195,2.769089444992499,-1.1650483187246234,1.398196822624363,-0.5959597389232325,2.660552518530587,-0.9855317284006384,1.3996869899403446,-0.5530456625526403,1.8119139469067003,1.8524025686739354,-2.0655566208827727,-1.4093916030841838,1.8888823881827286,1.607535937368581,2.0745444033915232,-1.045831605164989,1.278071638115779,-0.38396100167851044,2.089335625050415,-0.9267238303316724,1.1835961941628192,-0.7148202549605618,1.8029830205550148,1.6152476338870962,-1.7396916067151285,-1.6966964804492153
352,1,1.9636279923727777,0.7066045790033683,1.671621227959617,-0.8524679112206855,1.638447191634976,-0.2640720606160028,1.9379287376219347,-1.1983234648343817,1.3996869899403446,-1.0254643440857107,1.4975453393273122,1.8524025686739354,-1.303794250101257,-1.5596763252815147,2.0632887979593795,1.5522249212705996,2.0635593579707985,-1.0120293052837475,1.3341300575521955,-0.4129097947643439,2.0239553782063,-0.9464554277100754,1.2156096453891327,-0.7413794027882146,1.7976244647440023,1.674536367583806,-1.68044342232101,-1.7271062059267053
353,1,2.2319455458752677,1.4633322168274274,1.9421020633189876,-0.8561025671218908,1.3181133662850641,-0.38396100167849273,1.5594115190507394,-0.9894006690630669,1.4797206180033988,-0.4597141669327069,2.145930592459818,1.8524025686739354,-1.980916357462621,-1.475008876156255,1.990459747722983,1.4710818372147683,2.070502735736727,-1.002942665530726,1.3421384031861254,-0.43172163673593855,2.037719640699798,-0.953419520902451,1.2636298222280573,-0.7201205621192254,1.8662139791249621,1.674536367583806,-1.7735477120831953,-1.6794102095861452
354,1,2.097786769123914,2.587786939698495,2.4385017573310512,-1.4485514790188785,1.3181133662850641,-0.33522565978315433,2.350856612426868,-0.9507112624387379,0.9995188496141554,-0.5415232556859916,1.8119139469067003,0.6666278947397393,-2.5733982014038035,-2.122714861964461,2.017291503073232,1.6199961113247228,2.1497816012730984,-1.0592798319994567,1.3821801313550464,-0.4037962858299117,2.061807100063417,-0.9603836140948268,1.215609645389133,-0.6913721569869067,1.8285254699208409,1.5559589001903864,-1.8751160281873982,-1.6652989680652692
355,1,1.4844895039754276,0.5774442392141009,1.932775137961776,-0.9833155236641974,1.2380299099457652,-0.41515162049156956,2.626141862296848,-0.8926771525022664,1.319653361873651,-0.6625085277859345,1.9655258801557436,1.2595152317068374,-1.7269955672021058,-2.692809019407854,1.896548603997101,1.3932817266593616,2.1400401459000014,-1.0494662610661945,1.3501467488196912,-0.4220720390406637,2.1168641500374106,-0.940265122650181,1.2556264594217517,-0.6683849552879227,1.8588906195165797,1.4373814327969667,-1.9132041467264755,-1.7678876939220374
356,1,1.1970064109370608,2.410001530812109,2.2602538505041765,-1.201394877736717,1.3181133662850641,-0.3976068974092194,2.2132139874918906,-0.9468423217763094,1.4797206180033988,-0.5801233186893042,1.8387067259617629,1.8524025686739354,-2.023236489172697,-1.893407187250233,1.7585567193386804,1.4874927980350445,2.1546523289596466,-1.0745453867845352,1.3741717857211166,-0.40111584202567174,2.189126528128276,-0.942973381113881,1.2956432734543708,-0.6519079134685967,1.8212021103124587,1.437381432796967,-1.9132041467264755,-1.8138197850724898
357,1,2.4810975598418814,1.9070359723386983,2.2343457245118987,-1.379493016895938,1.3181133662850641,-0.10811896655088447,2.832605799699303,-1.0513037196619668,1.3996869899403446,-0.8964133871790876,2.488878164364602,1.8524025686739354,-1.4730747769415904,-1.565320821889852,1.7873050286425172,1.4771599708519036,2.1212826626815926,-1.1196151199595212,1.398196822622542,-0.4016519307865233,2.2545067749723913,-0.9650263428897409,1.327656724680684,-0.6609530028589224,1.8860406356257093,1.5559589001903862,-1.9512922652655498,-1.784256734086253
358,1,2.2511110854111442,3.0816352977162023,2.2426363248294203,-0.9905848354666078,0.9176960845958535,-0.5106728906063903,2.7637844872318262,-0.7688710513044665,1.3996869899403446,-0.8082669746491591,2.288825414086798,2.4452899056410335,-1.600035172071848,-2.0479252819038165,1.8428850932966028,1.6297211251441428,2.132993135630101,-1.1043495651744428,1.32612171191863,-0.3593496540213681,2.271712103089265,-0.9572884615648796,1.343663450294023,-0.6795040779142453,1.9051528180183197,1.674536367583806,-1.917436159897483,-1.8222865299850128
359,1,1.7144759784061643,2.2155012544236006,2.4043030310212283,-0.9833155236641974,1.558363735299319,-0.3615427444066796,2.2476246437256533,-0.942973381113881,1.4797206180033988,-0.7155115993725711,1.6743776810907198,1.8524025686739354,-2.6580384648239552,-2.0048859952651448,1.8658837407396764,1.7705818721848856,2.1491598062492816,-1.1050764963546837,1.3501467488200554,-0.3795748209079318,2.3336512843100063,-0.9634787666247695,1.3756769015199726,-0.6847467730385745,1.9010445918965437,1.674536367583806,-1.980916357462609,-1.8986283466129525
360,1,2.6919184947367416,1.2916249415781773,2.3037795021711873,-1.0923552007004365,1.798614104309932,-0.2606605866833433,2.2820352999593916,-1.395639438618411,1.3996869899403446,-0.9787985962757179,1.5725651206815006,1.8524025686739354,-1.8539559623323634,-2.1375316655613714,1.9291300212081346,1.71253569595019,2.219940806460184,-1.0952629254214172,1.3821801313550466,-0.3632972167148969,2.3474155468035045,-1.0122274189714127,1.3756769015199724,-0.7221369833208824,1.9096182811941655,1.733825101280516,-1.9259001862395013,-1.8908671637764687
361,1,2.0786212295880375,2.1653566519171985,2.83230527241367,-1.1614136628234184,1.638447191634976,-0.42441133545162,2.1099820187906753,-0.7030990600430942,1.879888758329588,-0.6135382986026118,1.9494502127226805,1.8524025686739354,-1.6423553037819238,-1.582959873790956,2.019208057026842,1.8406323623529377,2.2262623892023012,-1.0948994598312969,1.4062051682561079,-0.34614237636773565,2.292358496829513,-0.9839841521356583,1.423697078358897,-0.7281862469258795,1.9233719077757638,1.733825101280516,-1.8835800545294166,-1.9082239908471457
362,1,2.270276624947021,1.353925811358885,2.2447089749088005,-1.0087581149726752,1.798614104309932,-0.48922934017241654,1.869107425154458,-1.2292749901338538,1.959922386392642,-1.114762997302278,1.6922395337941163,2.4452899056410335,-2.0655566208827727,-2.589091394229406,2.049872920284266,1.9053644855884895,2.2835711638972196,-1.1105284802064959,1.4222218595236034,-0.36865810432337703,2.2854763655827655,-0.9870793046656055,1.4797206180041265,-0.7371161122475363,1.9428413272224447,1.7931138349772255,-1.9597562916075681,-2.011165497741935
