ciclo,target,s2_norm,s3_norm,s4_norm,s7_norm,s8_norm,s9_norm,s11_norm,s12_norm,s13_norm,s14_norm,s15_norm,s17_norm,s20_norm,s21_norm,s2_norm_mm,s3_norm_mm,s4_norm_mm,s7_norm_mm,s8_norm_mm,s9_norm_mm,s11_norm_mm,s12_norm_mm,s13_norm_mm,s14_norm_mm,s15_norm_mm,s17_norm_mm,s20_norm_mm,s21_norm_mm,s2_norm_slope,s3_norm_slope,s4_norm_slope,s7_norm_slope,s8_norm_slope,s9_norm_slope,s11_norm_slope,s12_norm_slope,s13_norm_slope,s14_norm_slope,s15_norm_slope,s17_norm_slope,s20_norm_slope,s21_norm_slope
1,0,1.235337490008814,-1.059093242586115,0.4591209315210083,-0.7216202987771737,0.3571118902353287,-0.8318387936966773,0.7679664256746106,-0.2156125365766636,0.6793843373546599,-1.0001150489790311,0.35795913685204245,0.07374055777264124,-0.9229130647105139,-0.779324669177057,1.235337490008814,-1.059093242586115,0.4591209315210083,-0.7216202987771737,0.3571118902353287,-0.8318387936966773,0.7679664256746106,-0.2156125365766636,0.6793843373546599,-1.0001150489790311,0.35795913685204245,0.07374055777264124,-0.9229130647105139,-0.779324669177057,0.0,0.0,0.0,0.0,0.0,0.0,0.0,0.0,0.0,0.0,0.0,0.0,0.0,0.0
2,0,0.8903577783625998,0.15805301825137216,-0.15852879213489973,-0.5616954391240202,0.19694497756037277,-0.7202348607563099,0.3894492071034154,-0.3394186377745075,0.9995188496141554,-0.7610251064958731,0.3150906903639167,-1.1120341161615548,-0.20347082563907387,-0.27555334688177735,1.062847634185707,-0.4505201121673714,0.15029606969305428,-0.641657868950597,0.2770284338978507,-0.7760368272264937,0.578707816389013,-0.27751558717558555,0.8394515934844076,-0.8805700777374521,0.33652491360797954,-0.5191467791944567,-0.5631919451747939,-0.5274390080294171,0.0,0.0,0.0,0.0,0.0,0.0,0.0,0.0,0.0,0.0,0.0,0.0,0.0,0.0
3,0,-0.08708473796797746,0.7385147805983295,-0.085986039356517,-0.4308478266805084,0.11686152122107392,-0.6919683624570172,0.2862172384021759,-0.25043300253856404,0.3592498250951643,-1.0721300918956513,0.3436696546893127,0.07374055777264124,-0.542031879319741,-0.7271130755498119,0.6795368434678122,-0.05417514791213777,0.07153536667653053,-0.5713878548605674,0.2236394630055918,-0.7480140056366681,0.4812109570600673,-0.268488058963245,0.6793843373546599,-0.9444234157901853,0.3389064939684239,-0.32151766687209077,-0.5561385898897763,-0.5939970305362153,0.0,0.0,0.0,0.0,0.0,0.0,0.0,0.0,0.0,0.0,0.0,0.0,0.0,0.0
4,0,0.4687159085728792,-0.8235655641469075,0.45290298128286727,-0.514444912408311,0.5973622592459417,-0.8342755607914089,0.21739592593467472,-0.49417626427177935,0.519317081224912,-1.0629121664023322,0.15790638657423853,-0.5191467791944568,-0.4573916158995892,-0.5323779425617248,0.6268316097440789,-0.2465227519708302,0.16687727032811472,-0.5571521192475033,0.3170701620656793,-0.7695793944253533,0.4152571992787192,-0.32491011029037864,0.6393675233222229,-0.9740456034432219,0.2936564671198776,-0.37092494495268225,-0.5314518463922295,-0.5785922585425928,0.0,0.0,0.0,0.0,0.0,0.0,0.0,0.0,0.0,0.0,0.0,0.0,0.0,0.0
5,0,0.9286888574343529,0.17780695257209705,0.2591101988606166,-0.45992507389019144,0.03677806488541685,-1.1456943955026815,-0.05788932393528099,-0.46322473897230737,0.43928345315821843,-0.5922218458992985,-0.08501481019165943,1.2595152317068374,-0.11883056221889209,-0.2699088502734401,0.6872030592821338,-0.16165681106224478,0.1853238560346151,-0.537706710176041,0.2610117426296268,-0.844802394640819,0.3206278946359191,-0.3525730360267644,0.599350709289422,-0.8976808519344373,0.21792221165757017,-0.044836909620778354,-0.448927589557562,-0.5168555768887623,0.0,0.0,0.0,0.0,0.0,0.0,0.0,0.0,0.0,0.0,0.0,0.0,0.0,0.0
6,0,-0.31707121239871433,0.2613812900827791,0.30678115068641165,-0.31090418194061226,0.5172788029102846,-0.8605926454149342,0.25180658216841306,-0.35102545976179295,0.1191489408987229,-0.6849772211759388,-0.004636473026471204,-0.5191467791944568,-0.4997117476096651,-0.6184565158390687,0.5198240140019924,-0.09115046087140743,0.20556673847658116,-0.49990628880346955,0.3037229193430698,-0.8474341031031715,0.30915767589133475,-0.3523151066492691,0.5193170812243054,-0.8622302468080209,0.18082909754356327,-0.12388855454972476,-0.4573916158995792,-0.5337890667138133,0.0,0.0,0.0,0.0,0.0,0.0,0.0,0.0,0.0,0.0,0.0,0.0,0.0,0.0
7,0,1.1778408714009665,0.5212215030705631,-0.011370636498753925,-0.32907746144667965,0.03677806488541685,-0.5808517829357024,0.59591314450587,-0.2929913498253215,0.3592498250951643,-1.0911420632256348,0.711623820378858,0.07374055777264124,-0.4997117476096651,0.09839455342144424,0.6138264222018458,-0.0036687517368402096,0.17457568490867617,-0.4755021706096424,0.2655879401348336,-0.8093509145078188,0.3501227428362684,-0.343840284245848,0.4964503303487139,-0.89493193486768,0.25665691509146255,-0.0956558242179582,-0.46343734900102,-0.4434771209802051,0.0,0.0,0.0,0.0,0.0,0.0,0.0,0.0,0.0,0.0,0.0,0.0,0.0,0.0
8,0,0.6028746853242332,-0.12458019587566987,0.6964393656102698,-0.35088539685391096,-0.043305391453882,-0.9463668471507404,0.14857461346719802,-0.22335041790152058,-0.040918315231024883,-0.9223388026291127,0.016797750217559953,-0.5191467791944568,-0.7959526695802562,-0.6163398296109422,0.6124574550921442,-0.018782682254193918,0.23980864499637536,-0.45992507389017595,0.22697627368624418,-0.826477906088184,0.3249292266651346,-0.32877905095280713,0.42927924965124653,-0.898357793337859,0.2266745194822247,-0.14859219359002052,-0.5050017640734246,-0.4650849595590472,0.0,0.0,0.0,0.0,0.0,0.0,0.0,0.0,0.0,0.0,0.0,0.0,0.0,0.0
9,0,-0.6620509240447107,0.4482838994248681,-0.19272751844469896,-0.46355972979139665,0.11686152122107392,-0.6495686150081225,0.3550385508696526,-0.39745274771097894,-0.20098557136077266,-1.0133658168757165,0.5026401437493558,0.6666278947397393,-0.07651043050881622,-0.8802200460513113,0.470845412965827,0.0331136045990352,0.19174907128070043,-0.46032892454586716,0.21474130119011414,-0.8068213181903994,0.3282747071323032,-0.3364094617037151,0.3592498250943555,-0.9111364626198433,0.25733736662301704,-0.05801218377560277,-0.45739161589957916,-0.5112110802804098,0.0,0.0,0.0,0.0,0.0,0.0,0.0,0.0,0.0,0.0,0.0,0.0,0.0,0.0
10,0,-0.10625027750385403,-0.12609972928495375,0.47362948207669425,-0.48173300929742274,0.5172788029102846,-1.0896487523229714,0.04534264476595851,-0.5754240181828657,0.1191489408987229,-0.9211865619424217,0.874166679979536,-0.5191467791944568,-0.03419029879874035,-0.2840200917943083,0.41313584391885894,0.017192271210636302,0.21993711236029984,-0.46246933302102267,0.2449950513621312,-0.8351040616036565,0.2999815008956688,-0.3603109173516302,0.33523973667479223,-0.912141472552101,0.31902029795866893,-0.10412564331748819,-0.41507148418949524,-0.4884919814317997,0.0,0.0,0.0,0.0,0.0,0.0,0.0,0.0,0.0,0.0,0.0,0.0,0.0,0.0
11,0,-0.08708473796797746,0.37686582918845707,0.8653603470799327,-0.41994385897689274,0.3571118902353287,-0.6656512778335806,0.6991451132071095,-0.4864383829469223,0.5993507092879662,-0.9286761264057565,0.27758079968685423,0.6666278947397393,-0.5843520110298168,-0.6572624300214878,0.28089362112117977,0.1607881783880935,0.2605610539161923,-0.4323016890409946,0.2449950513621312,-0.8184853100173468,0.2930993696489187,-0.387393501988656,0.3272363738681229,-0.9049975802947735,0.31098246424215015,-0.04483690962077839,-0.3812153788214256,-0.4762857575162428,-0.13224222279767917,0.1435959071774572,0.04062394155589244,0.030167643980028098,0.0,0.016618751586309675,-0.006882131246750111,-0.027082584637025876,-0.008003362806669367,0.007143892257327466,-0.008037833716518821,0.059288733696709804,0.03385610536806971,0.012206223915556924
12,0,1.1970064109370608,-0.9284133693875638,-0.4756442542803751,-0.45992507389019144,0.11686152122107392,-1.0998831741210386,0.802377081908349,-0.49417626427177935,0.1191489408987229,-0.611233817229282,0.8116501955177441,0.6666278947397393,-0.6689922744499986,-0.9239648947660254,0.3115584843786259,0.052141539624199915,0.22884950770164472,-0.4221246525176118,0.2369867057282013,-0.8564501413538197,0.33439215712941206,-0.40286926463838324,0.23919938299657967,-0.8900184513681145,0.3606384147575329,0.13302929146935102,-0.427767523702518,-0.5411269123046676,0.030664863257446107,-0.1086466387638936,-0.03171154621454754,0.010177036523382876,-0.008008345633929884,-0.03796483133647287,0.04129278748049336,-0.015475762649727188,-0.08803699087154325,0.014979128926659101,0.04965595051538274,0.1778662010901294,-0.04655214488109248,-0.06484115478842481
13,0,-0.2595745937910846,0.7172413128683554,0.7420376673566844,-0.6053113099385241,0.2770284338960298,-0.7533748932451542,0.7335557694408478,-0.258170883863421,0.19918256896541653,-0.9257955246890812,0.44548221509856384,0.07374055777264124,-0.07651043050881622,-0.6699625473902717,0.2943094987963152,0.050014192851202496,0.3116518783729648,-0.4395710008434133,0.25300339699569685,-0.8625907944326334,0.37912601023327924,-0.4036430527708689,0.2231926573836049,-0.8753849946474574,0.370819670798458,0.133029291469351,-0.3812153788214256,-0.5354118594887136,-0.017248985582310715,-0.0021273467729974183,0.08280237067132015,-0.01744634832580157,0.01601669126749559,-0.006140653078813696,0.04473385310386719,-0.0007737881324856976,-0.016006725612974775,0.014633456720657013,0.010181256040925114,0.0,0.04655214488109247,0.0057150528159540135
14,0,0.43038482950112605,0.49083083488485113,-0.16163776725397025,-0.25638434342249267,0.19694497756037277,-0.8586432317390781,0.010931988532195711,-0.4206663916855499,0.1191489408987229,-0.8699118513857692,1.0456404659319438,0.07374055777264124,-0.2881110890592256,-0.6205732020671952,0.29047639088913985,0.18145383275437837,0.2501978035192811,-0.4137649439448315,0.21296166882714,-0.8650275615274005,0.35847961649303134,-0.39629206551224594,0.18317584335098597,-0.8560849631458012,0.4595930787342285,0.19231802516606084,-0.36428732613738923,-0.5442313854392606,-0.003833107907175315,0.13143963990317586,-0.061454074853683746,0.025806056898581835,-0.04004172816855689,-0.002436767094766923,-0.0206463937402479,0.007350987258622943,-0.04001681403261891,0.019300031501656302,0.08877340793577053,0.059288733696709804,0.01692805268403636,-0.008819525950547047
15,0,1.6761448993344112,0.5181824362519953,0.590734211561778,-0.31453883784181746,0.11686152122107392,-1.1300990860960987,0.5615024882721316,-0.26203982452584956,0.27921619702847067,-0.8964133871790876,0.015011564947226667,0.6666278947397393,-0.16115069392899803,-0.07164590690511713,0.36522199507914566,0.21549138112236815,0.2833602047893972,-0.39922632033999406,0.22097001446070572,-0.8634680305867419,0.42041879771377255,-0.37617357406760016,0.16716911773801119,-0.8865041172737801,0.46959571624811713,0.13302929146935102,-0.3685193393083998,-0.5244050911024284,0.07474560419000584,0.03403754836798983,0.03316240127011614,0.014538623604837398,0.008008345633565707,0.0015595309406582825,0.061939181220741255,0.02011849144464578,-0.016006725612974775,-0.03041915412797891,0.01000263751388861,-0.05928873369670982,-0.004232013171010594,0.019826294336832296
16,0,0.29622605274999,0.6002372403533935,-0.06111423840392931,-0.4308478266805084,0.5973622592459417,-0.7143866197289189,0.59591314450587,-0.3781080443987924,0.3592498250951643,-0.6285174275292814,0.5169296259120539,0.07374055777264124,0.1774103597516991,0.07652212906408717,0.4265517215940161,0.24937697614942964,0.2465706658803631,-0.4112206848139836,0.22897836009427142,-0.8488474280181405,0.4548294539475182,-0.37888183253130014,0.19117920615765532,-0.8808581379091143,0.5217523261419696,0.19231802516606084,-0.3008071285722634,-0.45490722661211286,0.06132972651487043,0.03388559502706144,-0.036789538909034095,-0.011994364473989615,0.008008345633565705,0.014620602568601527,0.03441065623374569,-0.002708258463699947,0.024010088419644138,0.005645979364665743,0.05215660989385251,0.059288733696709804,0.06771221073613642,0.06949786449031559
17,0,-0.3554022914704675,-0.4907877475134286,0.3824328785838649,-0.28546159063217574,0.19694497756037277,-0.9307715377442463,0.25180658216841306,-0.26590876518827805,-0.040918315231024883,-0.6636607684725732,0.2972288376605521,0.07374055777264124,-0.03419029879874035,-0.3708042271476944,0.27322740530687273,0.14817605109103046,0.285951017388625,-0.4068590977325333,0.244995051361767,-0.8838394034989949,0.42041879771377255,-0.3761735740675958,0.1511623921250364,-0.8381100084338081,0.48031282787013907,0.19231802516606084,-0.25425498369117094,-0.5018271046690266,-0.1533243162871434,-0.10120092505839917,0.03938035150826188,0.004361587081450391,0.01601669126749559,-0.034991975480854386,-0.03441065623374569,0.002708258463704344,-0.04001681403261892,0.042748129475306165,-0.04143949827183059,0.0,0.04655214488109247,-0.04691987805691387
18,0,1.8103036760855473,-0.13521692974069152,-0.3357403739220605,-0.20549916080557828,-0.043305391453882,-0.9614748031382704,-0.29876391757149834,-0.5908997808325798,0.3592498250951643,-0.9021745906124381,0.13289979278950909,0.07374055777264124,-0.7113124061600745,-0.10410176240313165,0.3939703043830041,0.14711237770452829,0.18273304343539204,-0.39232047412770005,0.24499505136176705,-0.8853501990977479,0.375684944609903,-0.41292851036070166,0.19117920615765532,-0.8360935872321408,0.4919230321273339,0.2516067588627707,-0.24579095734915274,-0.4506032979482456,0.12074289907613141,-0.0010636733865021647,-0.10321797395323302,0.014538623604833267,0.0,-0.0015107955987530008,-0.04473385310386964,-0.03675493629310592,0.04001681403261892,0.0020164212016674623,0.011610204257194914,0.059288733696709804,0.008464026342018172,0.051223806720781064
19,0,0.5453780667166034,0.06992008051283849,0.5565354852519787,-0.4671943856926019,0.11686152122107392,-0.91371416808086,0.8367877381420873,-0.47483156095959284,0.5993507092879662,-0.8549327224591521,0.2490018353614582,0.07374055777264124,0.05044996462144145,-0.5344946287898513,0.5147132034591355,0.10927599581332534,0.2576593438050598,-0.39268393971782056,0.244995051361767,-0.9117647544050216,0.4238598633371464,-0.42066639168556313,0.27121283422252923,-0.8202502777904843,0.4665592012885441,0.19231802516606086,-0.233094917836127,-0.41603075622209956,0.12074289907613141,-0.03783638189120296,0.07492630036966777,-0.0003634655901205264,0.0,-0.026414555307273758,0.04817491872724347,-0.00773788132486139,0.08003362806487388,0.01584330944165644,-0.025363830838789764,-0.059288733696709804,0.012696039513025767,0.034572541726146
20,0,0.1812328155345126,0.028892678462139398,0.2518559235827854,-0.245480375718877,0.5973622592459417,-0.9907160082754912,-0.3675852300389995,-0.4051906290358359,0.1191489408987229,-0.6953473873558965,0.27222224387582267,0.07374055777264124,-0.16115069392899803,-0.5733005429722703,0.5434615127629722,0.12477523658803465,0.23548198795566888,-0.369058676359966,0.25300339699533275,-0.9018714800002737,0.3825670758566506,-0.40364305277086004,0.2712128342225292,-0.7976663603318317,0.40636475767817287,0.2516067588627707,-0.24579095734915274,-0.4449588013398958,0.02874830930383666,0.015499240774709313,-0.022177355849390883,0.023625263357854576,0.008008345633565705,0.00989327440474802,-0.0412927874804958,0.01702333891470298,0.0,0.022583917458652514,-0.06019444361037134,0.059288733696709804,-0.012696039513025767,-0.028928045117796196
21,0,-0.06791919843210087,0.8175305178811946,0.6166423375540558,-0.42721317077930315,0.2770284338960298,-0.8284273197640178,-0.22994260510402165,-0.4864383829469223,0.19918256896541653,-0.7610251064958731,0.05073527035398757,0.6666278947397393,0.00812983291133551,-0.32776494050902244,0.5453780667165599,0.16884170545730842,0.2106101870030812,-0.369785607540207,0.24499505136140284,-0.9181490841933174,0.2896583040255375,-0.40364305277086004,0.23119602019027422,-0.7809012583408435,0.3836802047448862,0.2516067588627706,-0.18654277295503757,-0.41200905238864927,0.0019165539535876588,0.04406646886927375,-0.024871800952587685,-0.0007269311802410416,-0.008008345633929886,-0.016277604193043728,-0.09290877183111311,0.0,-0.04001681403225497,0.01676510199098834,-0.022684552933286667,0.0,0.059248184394115236,0.032949748951246534
22,0,0.9286888574343529,0.05776381323856752,-0.04764201288793351,-0.503540944704654,0.5172788029102846,-0.7338807564870365,0.59591314450587,-0.44774897632259336,0.27921619702847067,-0.9557537825424203,0.5437224049671167,0.6666278947397393,0.1774103597516991,-1.0333270165528359,0.518546311366289,0.2674594237199216,0.2534104111423254,-0.37414719462165325,0.2850367795303239,-0.8815488424299172,0.2690119102852896,-0.39900032397594154,0.247202745803249,-0.8153532548721574,0.35688742568982346,0.2516067588627706,-0.10190250953486776,-0.4229452645673303,-0.02683175535027079,0.09861771826261313,0.042800224139244156,-0.004361587081446261,0.04004172816892107,0.03660024176340021,-0.020646393740247904,0.004642728794918599,0.016006725612974775,-0.034451996531313825,-0.026792779055062742,0.0,0.08464026342016977,-0.010936212178681048
23,0,1.2928341086164439,0.19604135348350352,0.3907234789014098,-0.1873258812995522,0.5973622592459417,-0.8859350232005314,0.11416395723343523,-0.3935838070485504,-0.040918315231024883,-1.0801957767023316,-0.013567399378169361,0.07374055777264124,-0.8382728012903321,-0.9394872604390031,0.6737871816070419,0.21533942778143636,0.2182789922967979,-0.3323486517577561,0.3170701620653151,-0.894804855425455,0.20707272906454835,-0.41254161629445446,0.22319265738360486,-0.8307932800734822,0.3109824642421501,0.2516067588627706,-0.17807874661301934,-0.44989773587220344,0.15524087024075284,-0.05211999593848519,-0.035131418845527465,0.04179854286389719,0.03203338253499118,-0.013256012995537724,-0.061939181220741255,-0.013541292318512938,-0.02401008841964414,-0.015440025201325036,-0.04590496144767332,0.0,-0.07617623707815159,-0.02695247130487314
24,0,0.9095233178984764,-0.3357953397663354,0.329580301559619,-0.3218081496442279,0.8376126282601964,-0.7348554633249647,0.5270918320383933,-0.335549697112079,0.43928345315821843,-0.7644818285558415,0.182912980358968,0.6666278947397393,-0.41507148418948325,-0.9423095087431717,0.7217010304467769,0.1326768103163177,0.26740079917815684,-0.33889103237992957,0.38113692713529745,-0.8824260785840435,0.2586887134151681,-0.40402994683710736,0.25520610860955445,-0.8202502777904895,0.22470971568485254,0.31089549255948046,-0.1907747861260451,-0.4820713665398011,0.04791384883973503,-0.08266261746511865,0.04912180688135892,-0.0065423806221735215,0.06406676506998236,0.012378776841411343,0.05161598435061976,0.008511669457347094,0.03201345122594955,0.010543002282992774,-0.08627274855729758,0.059288733696709804,-0.012696039513025763,-0.03217363066759764
25,0,0.43038482950112605,0.09271308165209657,0.07878964195438529,-0.38723195586600445,0.19694497756037277,-0.8099078898437396,1.0776623317783047,-0.5676861368579648,0.3592498250951643,-0.7132071179992414,-0.19039974114157712,0.6666278947397393,-0.4997117476096651,-0.6600846783256564,0.5971250234634484,0.09012987485632781,0.21620634221741755,-0.3461603441823483,0.38914527276922734,-0.8504069589588077,0.3103046977657854,-0.43459457807031887,0.2632094714162238,-0.8019296508725049,0.20416858507597216,0.3108954925594804,-0.2246308914941118,-0.540915243681855,-0.12457600698332852,-0.042546935459989874,-0.051194456960739265,-0.007269311802418699,0.008008345633929884,0.0320191196252359,0.05161598435061732,-0.03056463123321152,0.008003362806669361,0.01832062691798462,-0.020541130608880378,0.0,-0.0338561053680667,-0.05884387714205393
26,0,2.1936144668035147,0.10942794915425372,-0.2642339461833915,-0.08192086016447692,0.19694497756037277,-0.7967493475320656,0.6303238007396083,-0.3007292311501785,0.1191489408987229,-0.6613562870992434,0.4633440678019284,-0.5191467791944568,-0.11883056221889209,-0.3708042271476944,0.7868638648688009,0.041048945736413836,0.19589437143947133,-0.31126764753074515,0.34910354460067045,-0.8586432317391223,0.3137457633891592,-0.4268566967454575,0.23919938299657964,-0.805213536829501,0.1988100292649596,0.2516067588627707,-0.25425498369117094,-0.5856478793030331,0.18973884140535247,-0.049080929119913984,-0.02031197077794622,0.03489269665160315,-0.04004172816855689,-0.008236272780314668,0.003441065623373829,0.00773788132486139,-0.024010088419644138,-0.003283885956996202,-0.005358555811012555,-0.059288733696709804,-0.02962409219705912,-0.04473263562117816
27,0,-1.102858333370308,0.3799048960070248,-0.1346933162220022,-0.28546159063217574,0.5172788029102846,-0.9112774009860399,0.49268117580463044,-0.34715651909936446,0.43928345315821843,-0.8866193413424754,0.040018158731956126,-1.1120341161615548,-1.1345137232609233,-0.44136043475208575,0.7121182606788168,0.12811821008845917,0.1441817519588846,-0.31126764753074515,0.3811369271356616,-0.8566938180633017,0.337833222752781,-0.4349814721365662,0.28721955983550396,-0.8275093941164913,0.1730889613721,0.13302929146935102,-0.36428732613738923,-0.5927035000634723,-0.07474560418998404,0.08706926435204534,-0.05171261948058671,0.0,0.03203338253499118,0.0019494136758206326,0.02408745936362174,-0.008124775391108641,0.04802017683892433,-0.02229585728699023,-0.025721067892859596,-0.11857746739341961,-0.11003234244621829,-0.007055620760439136
28,0,0.4112192899652495,1.0864879313246818,-0.21345401923852597,-0.4926369770010384,0.6774457155852405,-0.49410287436196815,0.6647344569733711,-0.4284042730104069,0.519317081224912,-0.9321328484657773,0.3526005810410109,-1.1120341161615548,-1.0921935915508474,-0.6191620779151109,0.572209822066787,0.2502886961949965,0.15641038742723806,-0.33998142915029117,0.45321203783957387,-0.8099566251856716,0.4341830602072679,-0.41873192135434883,0.30322628544847874,-0.8305052199018252,0.1950590401972502,0.01445182407593142,-0.40237544467646646,-0.6442095316146702,-0.13990843861202978,0.12217048610653733,0.012228635468353455,-0.028713781619546012,0.07207511070391225,0.04673719287763022,0.09634983745448694,0.016249550782217285,0.016006725612974775,-0.0029958257853339165,0.02197007882515018,-0.11857746739341961,-0.03808811853907729,-0.05150603155119793
29,0,0.2770605132141134,0.38750256305344416,0.1461507695342936,-0.44902110618653446,0.2770284338960298,-0.45998813503519576,0.4582705195708921,-0.24269512121370707,0.039115312835668756,-0.7863744016025003,0.8045054544363792,0.07374055777264124,-0.16115069392899803,-0.43148256568747045,0.5453780667165381,0.2820469444490571,0.11537191585546958,-0.33816410119968443,0.4692287291070695,-0.7645840218811051,0.3963313383501484,-0.39551827737976025,0.24720274580324902,-0.8236493878161602,0.2506094021047423,0.014451824075931421,-0.42353551053151045,-0.6339083253044322,-0.026831755350249,0.03175824825406057,-0.04103847157176851,0.0018173279506067453,0.01601669126749559,0.045372603304566425,-0.03785172185711952,0.023213643974588576,-0.05602353964522975,0.006855832085665181,0.055550361907492095,0.0,-0.021160065855043948,0.010301206310238087
30,0,-0.6620509240447107,0.2553031564456436,0.49539230791021144,-0.576234062728841,0.03677806488541685,-0.43951929143923874,0.8711983943758257,-0.02216550345506276,0.3592498250951643,-0.5034993130260246,0.44369602982823053,-0.5191467791944568,-0.07651043050881622,-0.31788707144440714,0.46104969275861574,0.30468799224740745,0.13972555428821218,-0.3712394699006808,0.41317030967101703,-0.7094643501974798,0.520209700791631,-0.35721576482168294,0.27121283422289316,-0.8044645803831729,0.2677567806999831,-0.04483690962077839,-0.41507148418949236,-0.6083669781516459,-0.08432837395792232,0.02264104779835042,0.024353638432742603,-0.03307536870099641,-0.05605841943605248,0.05511967168362525,0.12387836244148251,0.03830251255807732,0.024010088419644138,0.019184807432987193,0.017147378595240785,-0.059288733696709804,0.00846402634201818,0.025541347152786314
31,0,0.23872943414236023,0.3601509616862999,0.2798366996544436,-0.33634677324909007,0.43719534657098574,-0.8674155932802532,0.14857461346719802,-0.4206663916855499,0.3592498250951643,-0.8687596106991305,0.5937355925365756,0.07374055777264124,-0.37275135247940744,-0.4836941593147156,0.4917145560160619,0.258950036627918,0.10604499049825096,-0.3621528301476595,0.4291870009385126,-0.7133631775491034,0.5580614226487529,-0.3506385656955457,0.28721955983586794,-0.8152380308034985,0.32205681291824184,-0.10412564331748819,-0.4531596027285666,-0.6239599000322151,0.030664863257446107,-0.04573795561948947,-0.033680563789961225,0.009086639753021309,0.01601669126749559,-0.003898827351623535,0.03785172185712197,0.00657719912613724,0.016006725612974775,-0.010773450420325747,0.0543000322182588,-0.059288733696709804,-0.038088118539074296,-0.015592921880569316
32,0,0.7178679225397105,0.03345127868999102,0.510937183505564,-0.18005656949710044,-0.043305391453882,-0.5481991038658222,0.802377081908349,-0.2775155871755635,0.27921619702847067,-1.0064523727557273,0.5097848848307207,0.6666278947397393,0.1774103597516991,-0.16548566301894987,0.47063246252659763,0.2565187831730603,0.1619029101376007,-0.3298043926269042,0.3731285815020959,-0.6947950122869819,0.5787078163890008,-0.3336152267808427,0.2872195598358679,-0.8203078898248293,0.3186630609046023,-0.10412564331748819,-0.4531596027285666,-0.5371757646788266,-0.021082093489464236,-0.00243125345485765,0.05585791963934975,0.032348437520755356,-0.056058419436416665,0.01856816526212144,0.020646393740247904,0.017023338914702986,0.0,-0.005069859021330702,-0.003393752013639595,0.0,0.0,0.08678413535338861
33,0,0.3537226713576197,-0.328197672719916,0.4663752067988395,-0.35088539685391096,0.3571118902353287,-0.42246192177585257,0.7335557694408478,-0.5173899082463503,0.6793843373546599,-1.0099090948156957,-0.13681418303145162,0.6666278947397393,-0.20347082563907387,-0.7870858520135458,0.3767213188007152,0.20409488055271838,0.16946808292734367,-0.34616034418234004,0.3491035446010346,-0.648447702144514,0.640646997609742,-0.3459958369006227,0.35924982509443637,-0.8132792216361657,0.30633838253927403,-0.04483690962077839,-0.38967940516344074,-0.5219356238362808,-0.09391114372588241,-0.05242390262034195,0.007565172789742969,-0.01635595155543588,-0.024025036901061298,0.04634731014246789,0.061939181220741255,-0.012380610119779995,0.07203026525856847,0.007028668188663589,-0.012324678365328226,0.059288733696709804,0.06348019756512582,0.015240140842545736
34,0,-0.12541581703973062,1.5833753561609571,0.3751786033060337,-0.31453883784181746,-0.12338884778953907,-0.8011355283025645,0.25180658216841306,-0.5676861368579648,0.1191489408987229,-1.0646405274323165,0.44369602982823053,0.07374055777264124,-0.6689922744499986,-0.13161868336885105,0.2732274053068945,0.39601195014544766,0.17402791310198515,-0.345433413002099,0.2530033969960611,-0.655075708642274,0.613118472622744,-0.36920948087521127,0.3272363738684868,-0.8432950915238132,0.33241668748620035,-0.10412564331748819,-0.41507148418949225,-0.4408665412988487,-0.10349391349382071,0.19191706959272925,0.004559830174641471,0.0007269311802410416,-0.09610014760497355,-0.0066280064977599865,-0.02752852498699802,-0.023213643974588576,-0.03201345122594955,-0.030015869887647505,0.026078304946926256,-0.059288733696709804,-0.02539207902605154,0.08106908253743206
35,0,0.5262125271807269,-0.4345650113698562,0.6083517372365345,-0.5108102565071059,0.5172788029102846,-1.0165457394799637,0.04534264476595851,-0.3162049937998925,0.519317081224912,-0.6106576968859365,0.7812850459220148,0.07374055777264124,-0.11883056221889209,-0.9902877299141638,0.28281017507485456,0.3432841408432524,0.22698412263020007,-0.3577912430662092,0.2850367795310523,-0.6757394936058965,0.5098865039215095,-0.34406136656940406,0.34324309948146164,-0.8330401494124828,0.4295851661925595,-0.163414377014198,-0.376983365650415,-0.47388684645769946,0.00958276976796008,-0.05272780930219527,0.05295620952821491,-0.012357830064110143,0.03203338253499118,-0.020663784963622412,-0.1032319687012346,0.02514811430580723,0.016006725612974775,0.01025494211133049,0.09716847870635918,-0.059288733696709804,0.0380881185390773,-0.03302030515885074
36,0,0.06623957831925309,-1.6957777410766446,0.22283882247143702,-0.33634677324909007,0.43719534657098574,-0.8318387936966773,0.14857461346719802,-0.312336053137464,0.3592498250951643,-0.8249744646058129,0.40797232442146963,0.07374055777264124,-0.4573916158995892,0.26349607921568546,0.07007268622642841,0.16276357182016254,0.27569139949568294,-0.38323383437467046,0.30906181643211356,-0.6792484382223576,0.46171158519426836,-0.3452220487681326,0.3672531879011057,-0.8494019671631398,0.42404799185451364,-0.10412564331748819,-0.41083947101848467,-0.4104568158213615,-0.2127374888484262,-0.18052056902308983,0.04870727686548285,-0.025442591308461316,0.024025036901061298,-0.0035089446164611737,-0.04817491872724102,-0.0011606821987285465,0.024010088419644138,-0.016361817750656947,-0.005537174338045875,0.059288733696709804,-0.03385610536806971,0.06343003063633798
37,0,0.31539159228586655,-0.12154112905710214,0.061172116279628805,-0.35088539685391096,0.5973622592459417,-1.0452995911982206,-0.29876391757149834,-0.320073934462321,0.27921619702847067,-0.7967445677825103,0.3686762484740422,0.6666278947397393,-0.9652331964205898,-0.6833682268350978,0.21189767879204585,0.11261896931374986,0.295277942745846,-0.38977621499684395,0.31707016206567923,-0.6926506572435758,0.3825670758566555,-0.34251379030442825,0.35124646228813095,-0.8404144898071431,0.45691380082872224,0.07374055777264124,-0.3939114183344513,-0.43465759502966267,0.14182499256561745,-0.05014460250641269,0.019586543250163103,-0.0065423806221735215,0.008008345633565705,-0.013402219021218065,-0.07914450933761288,0.002708258463704344,-0.016006725612974775,0.008987477355996509,0.032865808974208606,0.1778662010901294,0.016928052684033346,-0.024200779208301205
38,0,-0.3937333705422207,-0.19143966588422934,-0.017588586736894958,-0.3218081496442279,0.8376126282601964,-0.8903212039711189,0.5615024882721316,-0.49417626427177935,0.039115312835668756,-0.952873180825745,0.05966619670568572,0.07374055777264124,0.1774103597516991,-0.2790811572620132,0.13140241274129885,-0.01517379040714124,0.31486448599600914,-0.3726933322611629,0.33308685333317484,-0.7322724902044908,0.3722438789865315,-0.3490909894305655,0.3032262854492066,-0.84248852304314,0.4276203623951897,0.19231802516606084,-0.2669510232041967,-0.40064950296435287,-0.08049526605074701,-0.12779275972089113,0.019586543250163103,0.017082882735681055,0.016016691267495598,-0.03962183296091508,-0.010323196870123952,-0.006577199126137245,-0.04802017683892433,-0.002074033235996775,-0.029293438433532513,0.11857746739341961,0.12696039513025464,0.03400809206530977
39,0,-0.10625027750385403,0.06232241346641913,0.5855525863633271,-0.45992507389019144,0.11686152122107392,-1.1627517651659791,0.21739592593467472,-0.4051906290358359,0.039115312835668756,-0.9678523097524147,0.20077483306233257,-0.5191467791944568,-1.7269955672021058,0.23174578579371308,0.0930713336695021,-0.047691805365843734,0.35880466767891245,-0.3737837290315286,0.31707016206567923,-0.8025488532175691,0.3481564196229098,-0.3653405402127784,0.3032262854492066,-0.8606363138581313,0.36724730025778507,0.13302929146935102,-0.4235355105315074,-0.33432666781623455,-0.03833107907179674,-0.032518014958702504,0.04394018168290335,-0.001090396770365698,-0.01601669126749559,-0.07027636301307834,-0.02408745936362174,-0.016249550782212886,0.0,-0.01814779081499144,-0.06037306213740466,-0.059288733696709804,-0.15658448732731078,0.06632283514811835
40,0,0.83286115975497,-0.6640145561719282,0.32025337620240746,-0.48173300929742274,0.11686152122107392,-0.6822212940780027,0.9056090506095885,-0.3935838070485504,0.43928345315821843,-0.9955060862323716,0.318663060904615,-0.5191467791944568,0.00812983291133551,0.38767500459938115,0.24256254204947014,-0.13962357662760091,0.34129077450813206,-0.3643336236883868,0.32507850769924496,-0.8268190534814455,0.3515974852462861,-0.4024823705721271,0.311229648255512,-0.9098369911787663,0.3547440033654235,0.13302929146935102,-0.41507148418949236,-0.26377046021185574,0.14949120837996807,-0.09193177126175718,-0.0175138931707804,0.00945010534314183,0.008008345633565707,-0.024270200263876395,0.0034410656233762825,-0.03714183035934877,0.008003362806305415,-0.0492006773206347,-0.012503296892361553,0.0,0.008464026342015173,0.07055620760437883
41,0,0.14290173646275942,0.27049849053848235,-0.11603946550755555,-0.47809835339621753,0.5973622592459417,-0.7962619941131016,-0.47081719874021455,-0.4284042730104069,0.27921619702847067,-0.7915594846925054,0.4597716972612618,0.6666278947397393,-0.8382728012903321,-0.38491546866856263,0.23297977228151012,-0.14858882374238266,0.30170315799193215,-0.37850878170309954,0.34109519896674056,-0.8197036935647303,0.2896583040255448,-0.40325615870461284,0.30322628544884267,-0.9021169785781036,0.34134761383789214,0.19231802516606084,-0.46162362907058474,-0.2538925911472404,-0.00958276976796008,-0.008965247114781754,-0.039587616516199915,-0.014175158014712747,0.01601669126749559,0.0071153599167151586,-0.061939181220741255,-0.0007737881324856976,-0.008003362806669361,0.007720012600662518,-0.013396389527531378,0.059288733696709804,-0.046552144881092467,0.009877869064615297
42,0,0.04707403878337651,0.007619210732130639,0.26947344925754185,0.008945537365736172,0.3571118902353287,-0.8951947381605818,0.5615024882721316,-0.5908997808325798,0.3592498250951643,-0.8820103785957635,0.4758473646942931,0.07374055777264124,-0.4573916158995892,-0.9811154229255907,0.16590038390587666,-0.1511720305381687,0.27755678456712995,-0.35960857101681587,0.3811369271356616,-0.8544032569942063,0.26557084466192304,-0.43459457807031443,0.3112296482555121,-0.8896727791621073,0.33795386182424936,0.13302929146935102,-0.5251038266357135,-0.33545556713790453,-0.0670793883756334,-0.002583206795786038,-0.02414637342480222,0.018900210686283662,0.04004172816892107,-0.034699563429475964,-0.024087459363621742,-0.03133841936570163,0.008003362806669361,0.012444199415996383,-0.003393752013642759,-0.059288733696709804,-0.06348019756512883,-0.08156297599066409
43,0,0.5070469876448502,0.6306279085391056,0.967956526009354,-0.590772686333662,0.2770284338960298,-0.9546518552729514,-0.29876391757149834,-0.4400110949977364,0.43928345315821843,-0.9897448827990735,0.5776599251035442,-0.5191467791944568,0.26205062317185085,-1.021332461260094,0.18123281553459974,-0.055289472412266547,0.3277149164881814,-0.38359729996479097,0.3731285815017317,-0.9076222503439162,0.16233887596068847,-0.42685669674545307,0.2872195598358679,-0.8876563579604448,0.409401272637749,0.01445182407593142,-0.47855168175462104,-0.3588802280625593,0.015332431628723053,0.09588255812590216,0.05015813192105145,-0.023988728947975102,-0.008008345633929886,-0.05321899334970988,-0.1032319687012346,0.007737881324861395,-0.024010088419644145,0.0020164212016622217,0.07144741081349959,-0.11857746739341961,0.04655214488109247,-0.02342466092465483
44,0,-0.8153752403319412,0.3996588303277497,-0.10878519022972434,-0.42357851487809794,0.19694497756037277,-0.7611725479484013,0.7335557694408478,-0.5328656708961083,0.6793843373546599,-0.87336857344579,0.5812322956442109,0.07374055777264124,-0.4573916158995892,-0.4674662315656958,0.11223687320537867,-0.17366112499558733,0.2793185371346055,-0.39450126766841903,0.4051619640367229,-0.9036259523084998,0.21051379468793194,-0.4233746501492674,0.3432430994814616,-0.8685291625617924,0.42315489921934696,0.01445182407593142,-0.4573916158995802,-0.39246498288224385,-0.06899594232922106,-0.11837165258332075,-0.048396379353575804,-0.010903967703628049,0.03203338253499118,0.003996298035416323,0.04817491872724347,0.0034820465961856507,0.0560235396455937,0.019127195398652652,0.013753626581598033,0.0,0.021160065855040943,-0.03358475481968447
45,0,0.2770605132141134,0.08967401483352883,0.1876037711219476,-0.547156815519158,0.6774457155852405,-0.5360152683919875,0.11416395723343523,-0.16144736730262063,0.1191489408987229,-0.7915594846925054,0.4490545856392304,0.07374055777264124,-0.41507148418948325,-0.44841605551250735,0.08732167180871733,-0.12123722237524884,0.2372437405231469,-0.39813592356962424,0.42117865530421855,-0.8555729051997021,0.2173959259346796,-0.40789888749954023,0.3032262854488427,-0.8866193413424494,0.3899318531910686,0.01445182407593142,-0.48701570809663935,-0.3382778154420782,-0.024915201396661348,0.052423902620338504,-0.04207479661145869,-0.003634655901205208,0.016016691267495588,0.04805304710879762,0.006882131246747672,0.015475762649727184,-0.04001681403261891,-0.018090178780656885,-0.033223046028278434,0.0,-0.029624092197059117,0.05418716744016565
46,0,0.1812328155345126,0.595678640125542,0.308853800765792,-0.42721317077930315,-0.043305391453882,-0.47217197050903037,-0.33317457380523674,-0.26977770585070654,0.5993507092879662,-0.6584756853826206,0.7348442288932224,0.07374055777264124,-0.542031879319741,-0.40890457925407125,0.09882099553024329,0.10790841574496983,0.24584523835258237,-0.40722256332264556,0.3731285815017317,-0.8196062228809374,0.16922100720743613,-0.4036430527708645,0.3272363738681229,-0.8699694634201298,0.4226190436382439,0.01445182407593142,-0.4954797344386545,-0.40551788128905386,0.01149932372152595,0.22914563812021865,0.008601497829435497,-0.009086639753021309,-0.04805007380248678,0.035966682318764695,-0.04817491872724348,0.004255834728675745,0.02401008841928019,0.016649877922319235,0.03268719044717528,0.0,-0.008464026342015174,-0.06724006584697567
47,0,0.56454360625248,-0.4178501438677336,0.30574482564672145,-0.31090418194061226,-0.043305391453882,-0.5287049671077044,0.6647344569733711,-0.3084671124750355,0.039115312835668756,-0.6567473243525839,0.47048880888329325,0.07374055777264124,-0.41507148418948325,-0.602228588090074,0.12373619692690463,0.0782775142639067,0.27030250928929167,-0.40322444183131567,0.3090618164317494,-0.7679467604718859,0.26557084466192304,-0.40248237057213593,0.30322628544884267,-0.8559697390771375,0.432800299679169,-0.04483690962077839,-0.4404635632155438,-0.3974039174145515,0.024915201396661348,-0.02963090148106315,0.024457270936709262,0.00399812149132987,-0.06406676506998236,0.051659462409051615,0.09634983745448694,0.001160682198728552,-0.02401008841928019,0.013999724342992648,0.010181256040925107,-0.059288733696709804,0.05501617122311066,0.008113963874502384
48,0,1.1970064109370608,-0.44976034546272947,0.4373581056874911,-0.44902110618653446,0.5973622592459417,-0.5092108303494982,0.5615024882721316,-0.3239428751247495,0.6793843373546599,-0.9914732438290577,0.10789319900477962,0.6666278947397393,-0.6266721427399228,-0.45547167627295404,0.28281017507483275,0.05244544630605667,0.3157971785317303,-0.4159457374855463,0.2850367795303239,-0.7298357231097239,0.26557084466192304,-0.38545903165743295,0.3672531879007418,-0.8598297453774686,0.4376229999090784,0.01445182407593142,-0.520871813464706,-0.41504296931564555,0.15907397814792815,-0.025832067957850015,0.045494669242438605,-0.012721295654230658,-0.02402503690142548,0.03811103736216207,0.0,0.017023338914702986,0.06402690245189911,-0.0038600063003312647,0.004822700229909389,0.059288733696709804,-0.08040825024916218,-0.017639051901094084
49,0,0.12373619692688284,0.15805301825137216,0.4000504042586214,-0.5217142242107214,0.7575291719208976,-0.8386617415619964,0.49268117580463044,-0.4090595696982644,0.43928345315821843,-0.7633295878692028,0.661610632809399,0.07374055777264124,-0.33043122076933157,-1.1405724521114946,0.3058088225179065,0.06201850678455197,0.2972469603212597,-0.42212465251759934,0.34910354460030624,-0.6974267207493255,0.29309936964891864,-0.3858459257236758,0.4072700019329968,-0.8393774731891475,0.483706579883785,0.07374055777264123,-0.3812153788214286,-0.5522747931061663,0.02299864744307369,0.009573060478495304,-0.018550218210470572,-0.006178915032053001,0.06406676506998236,0.03240900236039827,0.027528524986995574,-0.0003868940662428488,0.04001681403225497,0.020452272188321186,0.04608357997470665,0.059288733696709804,0.13965643464327743,-0.13723182379052076
50,0,0.3920537504293729,1.0074721940418514,-0.34092199912053495,-0.44902110618653446,0.5172788029102846,-0.7246210415268974,0.14857461346719802,-0.24656406187613555,0.6793843373546599,-0.8566610834891363,0.09003134630141503,0.07374055777264124,-0.4997117476096651,-0.21840281872223713,0.2617280815853468,0.22916718180592993,0.23112942278896548,-0.4188534622065105,0.38914527276922734,-0.701666695494215,0.2173959259346796,-0.3711439512064343,0.4312800903526409,-0.8254929729148239,0.46084340842346494,0.13302929146935102,-0.43199953687352866,-0.6128825754383281,-0.04408074093255971,0.16714867502137795,-0.06611753753229424,0.0032711903110888285,0.04004172816892107,-0.004239974744889474,-0.07570344371423905,0.014701974517241484,0.024010088419644145,0.01388450027432353,-0.02286317146032,0.059288733696709804,-0.050784158052100056,-0.06060778233216183
51,0,0.8136956202190935,0.5212215030705631,0.243565323265264,-0.5253488801119267,0.2770284338960298,-1.1213267245550123,0.18298526970093637,-0.258170883863421,0.6793843373546599,-0.9154253585091235,0.2490018353614582,1.2595152317068374,-0.542031879319741,0.25150152392294367,0.3288074699609802,0.254239483059138,0.2670899016662474,-0.4235785148780814,0.3571118902342362,-0.7341731685384061,0.2827761727787947,-0.35412061229173575,0.47129690438525984,-0.8378795602964857,0.4397664222334846,0.19231802516606086,-0.4023754446764696,-0.5492408761791776,0.0670793883756334,0.025072301253208078,0.03596047887728195,-0.004725052671570917,-0.03203338253499118,-0.03250647304419106,0.0653802468441151,0.017023338914698587,0.04001681403261892,-0.012386587381661818,-0.021076986189980364,0.05928873369670982,0.029624092197059117,0.06364169925915063
52,0,1.1970064109370608,1.1138395326917914,0.08397126715283615,-0.2273070962128096,0.2770284338960298,-1.2373168382658786,0.25180658216841306,-0.2194814772390921,0.5993507092879662,-0.7160877197159167,0.797360713355046,0.6666278947397393,-0.33043122076933157,-0.6346844435880885,0.44380070717634856,0.3648615152551041,0.24853968345577684,-0.447203778235936,0.34910354460030624,-0.7683853785489358,0.25180658216842283,-0.31697878193238693,0.49530699280454005,-0.821287294408501,0.47191775709955996,0.2516067588627706,-0.38967940516344374,-0.5145977782454273,0.11499323721536843,0.11062203219596607,-0.018550218210470572,-0.023625263357854576,-0.008008345633929886,-0.034212210010529674,-0.03096959061037185,0.037141830359348774,0.02401008841928019,0.01659226588798468,0.032151334866075285,0.059288733696709804,0.012696039513025763,0.03464309793375022
53,0,0.10457065739100625,-0.550049550475534,0.7689821183886525,-0.4708290415938071,0.6774457155852405,-0.6617524504819571,0.59591314450587,-0.18079207061476313,0.039115312835668756,-0.5737859949126605,1.147453026341195,0.07374055777264124,-0.542031879319741,-1.233001084073218,0.4035530741509642,0.24679376935364009,0.2286422426937067,-0.43520941376195055,0.38914527276922734,-0.7390954380698364,0.3412742883761597,-0.29105687949408965,0.455290178772285,-0.7796914056198597,0.528897067223325,0.31089549255948046,-0.47008765541260294,-0.5357646405267398,-0.0402476330253844,-0.11806774590146396,-0.019897440762070152,0.011994364473985487,0.04004172816892106,0.02928994047909943,0.08946770620773684,0.02592190243829733,-0.04001681403225497,0.0415958887886413,0.05697931012376508,0.059288733696709804,-0.08040825024915918,-0.02116686228131239
54,0,-1.3328448078010446,0.7765031158304609,-0.47460792924068496,-0.33634677324909007,0.2770284338960298,-0.5345532081350954,-0.09229998016901934,-0.11888902001586317,0.519317081224912,-0.8002012898425311,0.7348442288932224,0.07374055777264124,-0.542031879319741,-0.29530908501100794,0.3518061174040539,0.28447819790391127,0.19205996879261064,-0.42648623959904974,0.397153618402793,-0.7164335040885057,0.25868871341517297,-0.24965921440606512,0.4392834531593103,-0.7723746772595338,0.5442582605482261,0.31089549255948046,-0.47855168175461815,-0.5185489258712709,-0.05174695674691034,0.037684428550271126,-0.036582273901096064,0.008723174162900787,0.008008345633565705,0.022661933981330585,-0.0825855749609867,0.04139766508802451,-0.01600672561297478,0.007316728360325886,0.015361193324901157,0.0,-0.008464026342015174,0.017215714655468783
55,0,-0.24040905425499012,-0.13521692974069152,0.43943075576687146,-0.3036348701382018,0.19694497756037277,-0.9400312527042968,-0.02347866770154264,-0.44774897632259336,0.1191489408987229,-0.7713952726758831,1.0706470597166733,-1.704921453128653,-0.41507148418948325,-0.19511927021279576,0.30005916065714355,0.26198910344648924,0.217242667257103,-0.4021340450609541,0.34910354460030624,-0.7568351025197366,0.24492445092167517,-0.2782893753080624,0.43928345315931033,-0.7703582560578717,0.6064175079559704,0.13302929146935102,-0.47855168175461815,-0.49321924734129974,-0.05174695674691036,-0.022489094457422035,0.025182698464492385,0.024352194538095617,-0.04805007380248677,-0.04040159843123092,-0.013764262493497787,-0.02863016090199727,0.0,0.0020164212016622217,0.06215924740774429,-0.17786620109012943,0.0,0.025329678529971155
56,0,0.2578949736782368,-0.06835745973213206,0.504719233267423,-0.34361608505150054,0.7575291719208976,-0.7319313428112691,-0.33317457380523674,-0.3781080443987924,0.039115312835668756,-1.2092467336089026,0.08645897576074846,-0.5191467791944568,-0.03419029879874035,-1.2746292465598057,0.30772537647151593,0.19558549346072182,0.2368292105072661,-0.39377433648817384,0.42918700093778417,-0.7828110397499606,0.24492445092167517,-0.289122409162871,0.3832599135140805,-0.8254353608804997,0.541578982642723,0.07374055777264124,-0.42776752370251814,-0.5797917140718731,0.007666215814372423,-0.0664036099857674,0.019586543250163096,0.008359708572780261,0.08008345633747796,-0.02597593723022388,0.0,-0.010833033854808587,-0.05602353964522975,-0.055077104822628196,-0.0648385253132474,-0.059288733696709804,0.050784158052100056,-0.08657246673057344
57,0,0.02790849924749993,0.5318582369355502,0.8767599225165246,-0.37996264406359403,0.5973622592459417,-0.5516105777984817,0.04534264476595851,-0.2929913498253215,0.19918256896541653,-1.0997838683756607,0.7937883428143795,0.07374055777264124,-0.4573916158995892,-0.17889134246377597,0.2540618657710179,0.2905563315410502,0.2939307201942464,-0.400680182700472,0.49325376600776655,-0.7851016008190383,0.18298526970093393,-0.2875748328978996,0.3992666391270553,-0.8697390152828076,0.5739089360358316,0.07374055777264123,-0.4319995368735287,-0.5374579895092434,-0.053663510700498004,0.09497083808032838,0.057101509686980315,-0.0069058462122981775,0.06406676506998236,-0.0022905610690777236,-0.061939181220741255,0.0015475762649714009,0.016006725612974775,-0.04430365440230768,0.032329953393108624,0.0,-0.004232013171010596,0.0423337245626298
58,0,0.7945300806832168,0.5713661055769654,0.10677041802604349,-0.5180795683095163,0.19694497756037277,-0.40004366450395085,0.3550385508696526,-0.47096262029716435,0.5993507092879662,-0.6705742125926148,0.13289979278950909,0.6666278947397393,-0.7113124061600745,-0.6643180507819093,0.21381423274563352,0.3926689766450197,0.2608719514281016,-0.4075860289127702,0.4532120378392097,-0.7741848842344835,0.16233887596068602,-0.30227680741514107,0.39126327632038593,-0.8376491121591633,0.5764095954143046,0.07374055777264123,-0.4404635632155438,-0.5583426269601389,-0.0402476330253844,0.10211264510396949,-0.03305876876614476,-0.006905846212298184,-0.04004172816855689,0.010916716584554736,-0.020646393740247897,-0.014701974517241484,-0.008003362806669367,0.03208990312364428,0.002500659378472947,0.0,-0.008464026342015174,-0.020884637450895527
59,0,0.967019936506324,-0.5029440147876996,0.5513538600535278,-0.27819227882976527,0.19694497756037277,-0.7621472547863293,0.802377081908349,-0.25430194320099253,0.039115312835668756,-0.7656340692425325,0.25257420590212476,1.2595152317068374,-0.6266721427399228,-0.5090943940522834,0.2981426067035776,0.3265692733411125,0.27600229700759227,-0.38323383437467456,0.3971536184031572,-0.7665334355569169,0.19330846657105788,-0.28680104476541385,0.35124646228813095,-0.8378795602964961,0.5355059527235771,0.19231802516606084,-0.47008765541260294,-0.49519482115421776,0.08432837395794411,-0.06609970330390717,0.015130345579490645,0.024352194538095617,-0.056058419436052484,0.0076514486775667075,0.030969590610371855,0.015475762649727188,-0.04001681403225497,-0.00023044813733297254,-0.040903642690727424,0.11857746739341961,-0.02962409219705912,0.06314780580592112
60,0,0.3728882108934963,0.14285768415853345,0.35859740267096735,-0.49990628880344884,0.2770284338960298,-0.6437203739806429,0.14857461346719802,-0.3858459257236934,0.43928345315821843,-1.0306494271757158,0.7151961909195246,0.07374055777264124,-0.37275135247940744,-0.16125229056269694,0.2962260527499899,0.2401078223527807,0.3459542371867425,-0.38832235263636605,0.3731285815017317,-0.7584433688022914,0.19330846657105788,-0.30072923115016964,0.32723637386848686,-0.8552783946651541,0.5980224371853881,0.19231802516606084,-0.4573916158995773,-0.4894797683382638,-0.001916553953587663,-0.0864614509883318,0.06995194017915023,-0.005088518261691438,-0.02402503690142548,0.008090066754625458,0.0,-0.013928186384755787,-0.024010088419644145,-0.017398834368657957,0.06251648446181095,0.0,0.012696039513025763,0.00571505281595402
61,0,0.43038482950112605,-0.2187912672513736,0.6280419129906712,-0.8233906640110438,0.43719534657098574,-0.7119498526340988,0.49268117580463044,-0.5251277895712073,0.519317081224912,-0.7575683844358522,0.06681093778701887,-0.5191467791944568,-0.7113124061600745,-0.3263538163569381,0.25789497367819325,0.16610654532058705,0.3844018961592833,-0.4181265310262777,0.38914527276922734,-0.7175056816102001,0.2242780571814273,-0.3274249217209483,0.3112296482555121,-0.839492697257827,0.5798033474279441,0.014451824075931407,-0.4743196685836105,-0.5472653023662519,-0.03833107907179674,-0.07400127703219368,0.038447658972540724,-0.029804178389911708,0.01601669126749559,0.04093768719209134,0.030969590610369406,-0.02669569057077863,-0.01600672561297478,0.01578569740732714,-0.018219089757443935,-0.17786620109012943,-0.016928052684033357,-0.05778553402798818
62,0,0.5070469876448502,0.8464016526575882,0.3254350014008583,-0.514444912408311,-0.2034723041288379,-0.6368974261153239,-0.26435326133776,-0.45161791698502185,0.27921619702847067,-0.9522970604823995,0.8080778249770775,0.07374055777264124,-0.7536325378701804,-0.44347712098021225,0.18889903134897218,0.1393627573171667,0.4085482695840855,-0.4468403126458279,0.34109519896674056,-0.6574637403951445,0.17266207283080998,-0.35063856569554125,0.27921619702956246,-0.8631136313344753,0.5808750585901473,-0.044836909620778395,-0.5166398002936955,-0.5281445701054643,-0.06899594232922106,-0.02674378800342032,0.024146373424802213,-0.028713781619550145,-0.04805007380248677,0.060041941215055475,-0.0516159843506173,-0.023213643974592975,-0.03201345122594955,-0.02362093407664828,0.0010717111622031484,-0.059288733696709804,-0.04232013171008488,0.019120732260787626
63,0,0.5837091457883566,-0.02277145745358135,-0.03831508753072196,-0.36905867635997835,0.19694497756037277,-0.6900189487812497,0.32062789463591423,-0.35876334108665,0.3592498250951643,-0.9747657538724038,0.8866699768719006,0.07374055777264124,-0.9229130647105139,-0.3743320375279052,0.2368128801887072,0.192090566619362,0.327818548992148,-0.436663276122445,0.2930451251642538,-0.6602903902250739,0.1451335478438144,-0.36843569274272997,0.311229648255512,-0.9032116072304497,0.5547967536432179,-0.044836909620778395,-0.5547279188327727,-0.442277665450933,0.04791384883973504,0.05272780930219527,-0.08072972059193745,0.010177036523382876,-0.04805007380248677,-0.002826649829929262,-0.027528524986995574,-0.017797127047188686,0.03201345122594955,-0.04009797589597434,-0.02607830494692944,0.0,-0.0380881185390773,0.08586690465453127
64,0,0.6220402248601098,0.42093229805772386,-0.2590523209849407,-0.11099810737415998,0.19694497756037277,-0.5750035419082228,0.25180658216841306,-0.4013216883734074,0.43928345315821843,-1.0825002580756613,0.5222881817230854,0.6666278947397393,-0.6266721427399228,-0.459705048729207,0.43230138345482266,0.1565334848420883,0.34937410981772243,-0.4141284095349519,0.2850367795306881,-0.6643354236023866,0.17954420407755767,-0.3966789595784844,0.3032262854488427,-0.9314415040537627,0.5335411489262042,0.014451824075931407,-0.5631919451747909,-0.45871726182275296,0.19548850326611544,-0.03555708177727371,0.021555560825574426,0.022534866587493006,-0.008008345633565705,-0.004045033377312735,0.034410656233743245,-0.028243266835754427,-0.008003362806669361,-0.028229896823313016,-0.0212556047170137,0.059288733696709804,-0.008464026342018182,-0.016439596371819902
65,0,0.7370334620755872,0.8707141872061647,0.3420162020359246,-0.5362528478155424,0.11686152122107392,-0.8469467496842075,0.59591314450587,-0.47483156095959284,0.19918256896541653,-0.6440726767992965,0.5455085902374499,1.2595152317068374,0.1774103597516991,-0.18524140114818047,0.5300456350878804,0.2571265965367739,0.33963265444462776,-0.437390207302686,0.2770284338967582,-0.6550269733003776,0.24148338529829888,-0.39938721804218436,0.3112296482555121,-0.918709244466104,0.48102730197828186,0.3108954925594804,-0.5039437607806726,-0.4577294749162914,0.09774425163305774,0.10059311169468561,-0.009741455373094687,-0.02326179776773406,-0.008008345633929884,0.009308450302008931,0.061939181220741255,-0.002708258463699947,0.008003362806669363,0.012732259587658667,-0.05251384694792234,0.2964436684835491,0.05924818439411823,0.0009877869064615296
66,0,0.12373619692688284,0.7962570501511858,-0.35439422463650716,-0.5980419981361137,0.43719534657098574,-0.5759782487461508,0.5615024882721316,-0.4013216883734074,0.43928345315821843,-0.7235772841791991,0.5151434406417206,0.6666278947397393,0.1774103597516991,-0.35669298562682616,0.516629757412745,0.3435880475251057,0.25372130865423476,-0.4628327986111473,0.24499505136176705,-0.6394316638938657,0.33095109150603574,-0.40170858243964586,0.351246462287767,-0.8701422995231336,0.5238957484663791,0.4294729599529,-0.4827836949256287,-0.36593584882299346,-0.013415877675135399,0.08646145098833177,-0.08591134579039301,-0.025442591308461316,-0.03203338253499119,0.015595309406511836,0.08946770620773684,-0.0023213643974615006,0.04001681403225497,0.04856694494297035,0.04286844648809721,0.11857746739341961,0.021160065855043948,0.09179362609329796
67,0,1.062847634185707,0.1322209502935118,0.0539178410017976,-0.2636536552249031,0.19694497756037277,-0.8995809189311694,0.21739592593467472,-0.3084671124750355,0.19918256896541653,-1.130318246572293,0.8009330838957126,1.2595152317068374,-0.03419029879874035,0.10192236380165504,0.6201236709065657,0.30362431886090185,0.17143710050276206,-0.4512018997272783,0.20495332319321008,-0.6742286980071346,0.34815641962290733,-0.4032561587046172,0.351246462287767,-0.8731957373427968,0.5246102225745124,0.5480504273463197,-0.4404635632155438,-0.33785447819645037,0.10349391349382071,-0.03996372866420385,-0.0822842081514727,0.011630898883869095,-0.04004172816855689,-0.034797034113268774,0.017205328116871622,-0.0015475762649714009,0.0,-0.0030534378196632296,0.0007144741081333116,0.11857746739341961,0.042320131710084884,0.0280813706265431
68,0,0.1812328155345126,0.015216877778549999,0.21040292199515495,-0.590772686333662,0.11686152122107392,-0.5267555534318484,0.32062789463591423,-0.3084671124750355,0.519317081224912,-1.087109220822321,1.126018803097132,0.07374055777264124,-0.880592933000408,-0.31435926106419637,0.5587939443916953,0.24800939608106032,0.1818003508996732,-0.45847121152969283,0.19694497755928025,-0.6868998868999243,0.3447153539995335,-0.3870066079224044,0.3432430994814616,-0.9148492381657676,0.6239221236052748,0.4887616936496098,-0.45739161589957716,-0.3028585992246791,-0.06132972651487043,-0.05561492277984155,0.010363250396911146,-0.0072693118024145685,-0.008008345633929884,-0.012671188892789759,-0.0034410656233738344,0.016249550782212886,-0.008003362806305415,-0.04165350082297061,0.0993119010307623,-0.059288733696709804,-0.016928052684033346,0.034995878971771296
69,0,0.4112192899652495,1.0621753967761052,-0.02484286201472616,-0.3036348701382018,0.5172788029102846,-0.46486166922474736,0.59591314450587,-0.46709367963473586,0.3592498250951643,-0.7921356050358509,0.675900114972097,0.07374055777264124,-0.11883056221889209,-0.9267871430702191,0.5032138797375878,0.4045213372374407,0.12418067869284781,-0.4610154706605365,0.22897836009427142,-0.6571713283437661,0.3240689602592856,-0.4082857815657787,0.37525655070741115,-0.9174993917450992,0.6662547145122719,0.37018422625619024,-0.40660745784747415,-0.34462787412647267,-0.055580064654107454,0.15651194115638048,-0.0576196722068254,-0.002544259130843651,0.03203338253499118,0.02972855855615819,-0.020646393740247904,-0.02127917364337433,0.03201345122594955,-0.0026501535793318374,0.042332590906997224,-0.11857746739341961,0.05078415805210307,-0.04176927490179357
70,0,1.062847634185707,0.09575214847069886,0.967956526009354,-0.46355972979139665,0.19694497756037277,-0.736317523581768,0.5615024882721316,-0.26590876518827805,0.519317081224912,-0.8370729918158072,-0.33329456276855723,0.6666278947397393,-0.4573916158995892,-0.1781857803877338,0.5722098220668089,0.3998107836686573,0.18511659102668648,-0.45738081475933123,0.2209700144607057,-0.6664310433038787,0.365361747739779,-0.39629206551223717,0.3832599135140805,-0.8981417482091084,0.5614056391434639,0.4294729599529,-0.41507148418949225,-0.3463212231089764,0.06899594232922106,-0.004710553568783459,0.06093591233383866,0.0036346559012052195,-0.008008345633565705,-0.00925971496011252,0.04129278748049335,0.011993716053541537,0.008003362806669361,0.019357643535990864,-0.10484907536880819,0.059288733696709804,-0.008464026342018177,-0.0016933489825036868
71,0,0.9095233178984764,0.2872133580406395,-0.35439422463650716,-0.6671004602590541,-0.043305391453882,-0.3824989414216893,0.14857461346719802,-0.24269512121370707,0.19918256896541653,-1.0139419372190097,0.709837635108493,0.6666278947397393,-0.37275135247940744,-0.3919710894290093,0.6201236709065439,0.45041124619785855,0.08687297726396863,-0.44175179438413237,0.17291994065821895,-0.6334859521826377,0.33095109150603574,-0.3680487986764871,0.35124646228813095,-0.9237791034874242,0.6257083088756111,0.5480504273463196,-0.3812153788214256,-0.3528829504161835,0.04791384883973503,0.05060046252920132,-0.09824361376271784,0.015629020375198966,-0.04805007380248678,0.03294509112124096,-0.034410656233743245,0.028243266835750024,-0.03201345122594955,-0.025637355278315753,0.0643026697321474,0.11857746739341961,0.033856105368066707,-0.0065617273072071216
72,0,-0.48956106822182144,0.46803783374555846,-0.22588991971480804,-0.30726952603940705,-0.043305391453882,-0.4965396414566996,0.9056090506095885,-0.3935838070485504,0.43928345315821843,-1.2190407794455669,0.711623820378858,0.6666278947397393,-0.542031879319741,-0.5648337980597393,0.5204628653198767,0.41257486430665563,0.031740485152402007,-0.4210342557472419,0.18893663192571453,-0.6194501737167752,0.44794732270077053,-0.3622453876828399,0.3672531879011057,-0.950453475383741,0.6160629084157893,0.6073391610430294,-0.3600553129663816,-0.3650186181241362,-0.09966080558666716,-0.03783638189120297,-0.055132492111566636,0.0207175386368904,0.01601669126749559,0.014035778465862426,0.11699623119473486,0.005803410993647146,0.016006725612974775,-0.02667437189631674,-0.009645400459821952,0.059288733696709804,0.02116006585504394,-0.012135667707952708
73,0,1.2736685690805671,-0.2051154665677842,0.2756913994956829,-0.5944073422348671,0.19694497756037277,-0.9093279873102725,-0.40199588627273786,-0.16531630796504912,0.27921619702847067,-0.6728786939659446,0.8348706040321402,0.6666278947397393,-0.6689922744499986,-0.498510962911626,0.5894588076490977,0.3943404633952353,0.06314113385504247,-0.4435691223347308,0.18893663192571453,-0.6413810775696775,0.3756849446099054,-0.3429006843706799,0.35924982509443637,-0.9202647693930951,0.6108829711318131,0.6666278947397393,-0.33466323394033015,-0.3774365106625083,0.06899594232922104,-0.018234400911420284,0.031400648702640484,-0.022534866587488878,0.0,-0.021930903852902285,-0.0722623780908652,0.019344703312160087,-0.008003362806669361,0.030188705990645926,-0.005179937283976044,0.059288733696709804,0.025392079026051527,-0.012417892538372078
74,0,0.5837091457883566,-0.2187912672513736,0.47881110727514514,-0.2672883111261083,0.3571118902353287,-0.8771626616593563,0.8711983943758257,-0.5057830862590649,0.519317081224912,-0.7904072440058666,0.33831109887831284,0.07374055777264124,-1.303794250101257,-0.559189301451402,0.5856256997419225,0.3303681068643256,0.13692747668105104,-0.4591981427099256,0.20495332319321014,-0.6715969895447909,0.43762412583064664,-0.3533468241592456,0.3672531879011057,-0.8910554679861156,0.5924852628473359,0.6073391610430294,-0.4023754446764635,-0.3873849359347277,-0.003833107907175315,-0.06397235653090974,0.07378634282600857,-0.01562902037519483,0.01601669126749559,-0.030215911975113353,0.06193918122074127,-0.010446139788565744,0.008003362806669361,0.02920930140697947,-0.01839770828447726,-0.059288733696709804,-0.06771221073613341,-0.009948425272219502
75,0,0.14290173646275942,-0.49382681433199627,-0.09842193983279907,-0.24184571981767178,0.5973622592459417,-0.5520979312174457,0.42385986333715375,-0.289122409162893,0.3592498250951643,-0.8762491751624654,0.6741139297017638,0.07374055777264124,-0.5843520110298168,-0.37997653413626753,0.5262125271806397,0.19391400671050954,0.0928836624941787,-0.42975742991013854,0.2530033969956969,-0.6421121076981148,0.42041879771377505,-0.33477590897957565,0.3832599135140805,-0.9142731178224324,0.6053457967937673,0.4887616936496098,-0.4785516817546152,-0.4068584492335365,-0.05941317256128278,-0.1364541001538161,-0.044043814186872365,0.02944071279978706,0.04805007380248678,0.02948488184667618,-0.017205328116871622,0.018570915179669984,0.016006725612974775,-0.02321764983631689,0.012860533946431385,-0.11857746739341961,-0.0761762370781516,-0.019473513298808705
76,0,-0.06791919843210087,-0.27805307021347914,0.5409906096566026,-0.5616954391240202,0.5172788029102846,-0.723646334689058,0.3894492071034154,-0.34715651909936446,0.27921619702847067,-0.8491715190258015,0.8956009032235989,0.6666278947397393,-0.6266721427399228,-0.5140333285845785,0.5070469876447413,0.08648299467404302,0.18242214592348965,-0.4261227740089292,0.2610117426296268,-0.6568789162924056,0.40321346959690335,-0.32935939205217135,0.3672531879011057,-0.9268325413070928,0.6433915430519551,0.4887616936496098,-0.5589599320037772,-0.42259248352931167,-0.01916553953589837,-0.1074310120364665,0.08953848342931098,0.0036346559012093494,0.008008345633929886,-0.014766808594290725,-0.017205328116871615,0.005416516927404297,-0.016006725612974775,-0.012559423484660237,0.03804574625818783,0.0,-0.08040825024916218,-0.015734034295775235
77,0,-0.20207797518323695,0.34039702736560956,0.28709097493229835,-0.48173300929742274,0.5172788029102846,-0.6685753983472761,0.2862172384021759,-0.5638171961955363,0.5993507092879662,-0.6227562240959308,-0.10644903343572232,0.07374055777264124,-0.03419029879874035,-0.7348742583863007,0.38055442670784695,0.1073006023812528,0.20573945931653975,-0.4479307094161812,0.29304512516461795,-0.6337783642340161,0.4100956008436535,-0.35489440042422143,0.4072700019333607,-0.8760763390594566,0.5526533313188117,0.3701842262561902,-0.5589599320037774,-0.5062721457481073,-0.12649256093689437,0.020817607707209775,0.023317313393050078,-0.021807935407251965,0.03203338253499118,0.023100552058389335,0.006882131246750117,-0.025535008372050076,0.04001681403225497,0.05075620224763622,-0.09073821173314349,-0.11857746739341961,0.0,-0.08367966221879557
78,0,-0.16374689611148377,-0.5318151495641277,0.7586188679917507,-0.18369122539830565,0.5973622592459417,-0.7558116603399743,-0.26435326133776,-0.3858459257236934,0.43928345315821843,-0.8526282410858222,1.1224464325564656,1.2595152317068374,-0.542031879319741,0.04971077017440994,0.3460564555432473,0.052597399646985045,0.26056105391619927,-0.4072225633226455,0.3410951989671047,-0.6566839749248288,0.3515974852462861,-0.36263228174908724,0.39926663912669136,-0.8526282410858066,0.5522960942647449,0.4887616936496098,-0.5251038266357106,-0.4698651426242467,-0.03449797116459964,-0.054703202734267764,0.05482159459965957,0.04070814609353564,0.04805007380248678,-0.022905610690812584,-0.058498115597367416,-0.007737881324865792,-0.008003362806669361,0.023448097973649874,-0.0003572370540666503,0.11857746739341961,0.0338561053680667,0.03640700312386063
79,0,1.4078273458317032,0.08359588119639334,1.0114821776763883,-0.5435221596179528,0.8376126282601964,-0.8259905526691977,0.25180658216841306,-0.25430194320099253,0.5993507092879662,-0.8364968714724617,0.2472156500910932,0.07374055777264124,0.3043707548819267,0.18941206123108328,0.44571726112989263,-0.045260551910986144,0.36419355788531077,-0.43121129227062066,0.3731285815020959,-0.6927968632692737,0.3171868290125404,-0.3413531081057129,0.42327672754597157,-0.8570643677294676,0.5094276477766446,0.4887616936496098,-0.4827836949256287,-0.3582452221941164,0.09966080558664538,-0.09785795155797118,0.10363250396911143,-0.023988728947975102,0.03203338253499118,-0.03611288834444504,-0.03441065623374569,0.02127917364337433,0.02401008841928019,-0.004436126643661076,-0.042868446488100384,0.0,0.04232013171008188,0.11161992043013025
80,0,0.2770605132141134,0.44980343283415203,1.1804031591460278,-0.32907746144667965,0.5172788029102846,-0.7260831017837895,-0.22994260510402165,-0.5328656708961083,0.5993507092879662,-0.7483504589425332,0.09717608738274817,0.6666278947397393,0.3466908865920326,-0.2621476674369513,0.36713854903273335,-0.009855423474640823,0.38543822119897814,-0.41776306543614894,0.40516196403708715,-0.6917734210894759,0.23804231967492512,-0.3680487986764959,0.4312800903522769,-0.8481921144421403,0.5524747127917751,0.4887616936496098,-0.40237544467646663,-0.3666414108990381,-0.07857871209715936,0.035405128436345315,0.021244663313667377,0.013448226834471699,0.03203338253499118,0.001023442179797851,-0.07914450933761533,-0.02669569057078302,0.008003362806305415,0.008872253287327403,0.043047065015130545,0.0,0.08040825024916218,-0.008396188704921748
81,0,-0.2787401333269612,0.07751774755925786,0.7700184434283427,-0.663465804357849,0.8376126282601964,-0.9405186061232608,0.11416395723343523,-0.5676861368579648,0.3592498250951643,-1.1187958397056443,0.961689758226089,0.6666278947397393,-0.7536325378701804,-0.16125229056269694,0.24831220391018954,-0.030824984522778986,0.49787948800546306,-0.4173995998460285,0.4932537660084949,-0.747575387559633,0.23460125405154883,-0.4005479002409217,0.4472868159652517,-0.8586775046908037,0.5776599251035348,0.4887616936496098,-0.4404635632155438,-0.3435695310124069,-0.11882634512254375,-0.020969561048138165,0.11244126680648499,0.00036346559012051527,0.08809180197140784,-0.05580196647015715,-0.00344106562337628,-0.03249910156442577,0.016006725612974775,-0.010485390248663462,0.02518521231175961,0.0,-0.038088118539077294,0.023071879886631237
82,0,0.1812328155345126,0.11094748256353759,-0.08702236439620717,-0.15824863408986914,0.5172788029102846,-0.6583409765492976,0.4582705195708921,-0.45161791698502185,0.039115312835668756,-0.985712040395707,0.5044263290196892,1.2595152317068374,0.13509022804159318,-0.7468688136790425,0.315391592285823,-0.06653401964098107,0.5117662435373231,-0.40249751065107464,0.5493121854449117,-0.7637555210688929,0.18986740094767918,-0.40635131123456886,0.40727000193299673,-0.8353446307858178,0.5569401759676179,0.5480504273463197,-0.37275135247941044,-0.36177303257433724,0.0670793883756334,-0.03570903511820209,0.013886755531860088,0.014902089194953791,0.056058419436416665,-0.016180133509259797,-0.04473385310386964,-0.005803410993647146,-0.04001681403225497,0.023332873904985986,-0.020719749135916878,0.05928873369670982,0.06771221073613341,-0.01820350156193031
83,0,0.04707403878337651,0.7962570501511858,0.0860439172322165,-0.29636555833579137,0.2770284338960298,-0.8869097300383708,0.14857461346719802,-0.12662690134072016,0.5993507092879662,-0.38078567989609746,1.3064235154012065,0.07374055777264124,-0.7113124061600745,-0.39126552735296716,0.19273213925610388,0.03360323203091592,0.49280149531097656,-0.3726933322611671,0.5573205310784773,-0.7615136953417027,0.24492445092167275,-0.40248237057213593,0.4392834531589463,-0.8061353293788329,0.6040954671045244,0.4887616936496098,-0.376983365650418,-0.3510484890184713,-0.12265945302971906,0.10013725167189699,-0.01896474822634664,0.029804178389907576,0.008008345633565705,0.002241825727190172,0.05505704997399359,0.003868940662432896,0.03201345122594955,0.02920930140698471,0.04715529113690663,-0.059288733696709804,-0.004232013171007587,0.010724543555865884
84,0,0.2578949736782368,-0.08355279382497079,0.2591101988606166,-0.7834094490977451,0.9176960845958535,-0.7085383787014393,0.9400197068433268,-0.47096262029716435,0.5993507092879662,-0.6884339432359073,0.16862349819626998,0.07374055777264124,-1.303794250101257,0.3446357179607092,0.1601507220450919,0.04712707937355621,0.47083140446952376,-0.42430544605833076,0.6133789505145298,-0.744651267045911,0.2518065821684229,-0.39900032397594587,0.4472868159652517,-0.7959379993018371,0.5871267070363202,0.4887616936496098,-0.376983365650418,-0.2606659870772602,-0.03258141721101198,0.013523847342640283,-0.021970090841452856,-0.05161211379716368,0.05605841943605248,0.0168624282957917,0.006882131246750111,0.0034820465961900525,0.008003362806305415,0.010197330076995925,-0.016968760068204285,0.0,0.0,0.09038250194121111
85,0,0.48788144810897366,0.3616704950956183,0.10469776794666315,-0.3581547086563214,0.43719534657098574,-1.0033871971682897,0.5615024882721316,-0.6179823654695792,0.039115312835668756,-0.87336857344579,0.6008803336179087,0.6666278947397393,-0.4997117476096651,-1.10317766208116,0.1946486932097133,0.13267681031631767,0.49114337524747,-0.4359363449421957,0.5973622592470342,-0.7897801936409954,0.26557084466192066,-0.4318863196066145,0.4152733647393022,-0.7956499391301695,0.5798033474279347,0.5480504273463196,-0.36851933930840286,-0.33298609987174943,0.03449797116462142,0.08554973094276146,0.02031197077794622,-0.01163089888386496,-0.01601669126749559,-0.045128926595084405,0.01376426249349778,-0.032885995630668616,-0.03201345122594955,0.0002880601716675368,-0.007323359608385505,0.059288733696709804,0.008464026342015174,-0.07232011279448924
86,0,0.008742959711623347,-0.36618600795204737,0.8353069209288941,-0.4890023210998332,0.2770284338960298,-0.8854476697815674,0.3894492071034154,-0.48256944228449383,0.5993507092879662,-0.5778188373159745,0.27043605860548936,0.6666278947397393,-0.33043122076933157,-0.5648337980597393,0.20231490902408575,0.12386351654246086,0.5205750063746991,-0.42866703313977705,0.5733372223456088,-0.8059603271502465,0.2655708446619206,-0.4454276119251275,0.4472868159652517,-0.7685146709591868,0.5172868629661237,0.5480504273463196,-0.33889524711134367,-0.3380661468192655,0.0076662158143724225,-0.008813293773856822,0.02943163112722915,0.007269311802418699,-0.02402503690142548,-0.01618013350925094,0.0,-0.013541292318512938,0.03201345122594955,0.027135268170982697,-0.06251648446181095,0.0,0.02962409219705912,-0.005080046947516082
87,0,0.10457065739100625,0.0911935482428127,0.043554590604872316,-0.37996264406359403,0.6774457155852405,-0.9965642493028821,0.3894492071034154,-0.289122409162893,0.519317081224912,-0.7443176165392192,0.9920549078218184,0.6666278947397393,-0.5843520110298168,-0.5556614910711661,0.23297977228151007,0.09894316863018116,0.49622136794195654,-0.41848999661639413,0.5893539136131044,-0.838759212245807,0.2758940415320446,-0.4179581332218631,0.4392834531589463,-0.7806708102035157,0.6271372570918777,0.6073391610430294,-0.39391141833445137,-0.3201448700877521,0.03066486325742432,-0.024920347912279685,-0.024353638432742603,0.01017703652338287,0.016016691267495588,-0.0327988850955606,0.010323196870123952,0.027469478703264327,-0.008003362806305415,-0.012156139244328845,0.10985039412575408,0.059288733696709804,-0.055016171223107646,0.017921276731513457
88,0,-0.24040905425499012,0.4938699017034188,-0.2517980457070859,-0.05647826885604039,0.8376126282601964,-0.48874198675345254,-0.19553194887025885,-0.4361421543353079,0.3592498250951643,-0.5161739605793644,0.4222618065841677,0.07374055777264124,-0.41507148418948325,-0.736285382538385,0.22531355646715948,0.2015116737569358,0.39517967657207287,-0.40576870096216766,0.6133789505145297,-0.8120522448871548,0.2827761727787947,-0.4229877560830245,0.4312800903526409,-0.74702538215287,0.5571187944946481,0.4887616936496098,-0.3812153788214256,-0.39874448535903156,-0.007666215814350635,0.10256850512675464,-0.10104169136988365,0.012721295654226528,0.02402503690142548,0.026706967358652172,0.006882131246750115,-0.005029622861161448,-0.008003362806305415,0.033645428050645784,-0.0700184625972298,-0.11857746739341961,0.01269603951302577,-0.0785996152712795
89,0,0.08540511785512968,0.4467643660155843,0.8829778727546892,-0.8415639435170699,0.43719534657098574,-0.7553243069210103,0.6991451132071095,-0.35876334108665,0.27921619702847067,-0.7898311236625211,0.3722486190147405,0.6666278947397393,-0.7536325378701804,-0.770857924264526,0.09307133366950207,0.2378285222388549,0.38232924607990293,-0.43557287935207933,0.5733372223456088,-0.804985620312336,0.3275100258826643,-0.4334338958715903,0.39926663912669136,-0.7423588073718759,0.5696220913870127,0.5480504273463196,-0.4870157080966363,-0.4947714839085925,-0.13224222279765735,0.036316848481919094,-0.012850430492169907,-0.029804178389911708,-0.04004172816892107,0.007066624574818747,0.04473385310386964,-0.010446139788565744,-0.03201345122594955,0.004666574780994059,0.01250329689236473,0.059288733696709804,-0.1058003292752107,-0.09602699854956094
90,0,0.967019936506324,-0.8235655641469075,-0.5170972558680056,-0.46355972979139665,0.3571118902353287,-1.1997906250064467,0.8367877381420873,-0.1923988926020926,0.5993507092879662,-0.7005324704459016,0.42583417712486593,-0.5191467791944568,-1.303794250101257,-0.6085786467744534,0.16206727599872311,0.11049162254074896,0.2125792045784996,-0.44902110618655094,0.5573205310781131,-0.8523563726346017,0.43418306020727526,-0.39938721804218874,0.39926663912669136,-0.7375770085222128,0.6024879003612246,0.4294729599529,-0.6520642217659652,-0.5294145818423427,0.06899594232922106,-0.12733689969810597,-0.16975004150140333,-0.013448226834471699,-0.01601669126749559,-0.047370752322265716,0.10667303432461091,0.03404667782940156,0.0,0.004781798849663154,0.03286580897421178,-0.11857746739341961,-0.16504851366932896,-0.034643097933750214
91,0,0.5070469876448502,-0.3114828052177589,0.8218346954128983,-0.40177057947082534,0.19694497756037277,-0.6217894701277937,0.04534264476595851,-0.3316807564496065,0.27921619702847067,-0.676335416025913,0.4794197352349597,0.07374055777264124,-0.07651043050881622,-0.38914884112484066,0.2406459880959043,0.07159156726304727,0.21776082977695516,-0.42285158369784864,0.49325376600813076,-0.820483459035055,0.42730092896052757,-0.3757866800013529,0.391263276320022,-0.6933309661542395,0.5542608980621115,0.37018422625619024,-0.5843520110298288,-0.5522042368985571,0.07857871209718115,-0.03890005527770167,0.005181625198455564,0.026169522488702364,-0.06406676506998236,0.03187291359954671,-0.006882131246747672,0.02360053804083583,-0.008003362806669361,0.04424604236797314,-0.048227002299112934,-0.059288733696709804,0.06771221073613641,-0.022789655056214372
92,0,0.14290173646275942,-0.496865881150564,0.69851201568965,-0.4308478266805084,0.6774457155852405,-0.7665334355569169,1.2497156129470453,-0.5173899082463503,0.19918256896541653,-0.7690907913025009,0.5365776638857835,0.07374055777264124,-0.41507148418948325,-1.2823904293962944,0.23681288018872895,0.010810230891637119,0.2963142677855409,-0.4501115029569126,0.5092704572756264,-0.8313027049358169,0.5064454382981429,-0.38236387912748576,0.4072700019329968,-0.671668841244919,0.557476031548721,0.25160675886277056,-0.6393681822529365,-0.6057563984702823,-0.0038331079071753176,-0.060781336371410165,0.07855343800858572,-0.027259919259063924,0.016016691267495588,-0.010819245900761932,0.07914450933761533,-0.006577199126132849,0.016006725612974775,0.021662124909320613,0.003215133486609434,-0.11857746739341961,-0.055016171223107646,-0.053552161571725196
93,0,0.8520266992908466,0.3723072289606054,0.35963372771065755,-0.39450126766841487,0.19694497756037277,-0.8167308377091473,0.8711983943758257,-0.2852534685004645,0.759417965417714,-0.7696669116458464,0.7205547467305243,-0.5191467791944568,-0.41507148418948325,-0.3037758299235389,0.31730814623947595,-0.03158475122742092,0.323673248833385,-0.4599250738901749,0.5012621116420607,-0.8242848157028947,0.5787078163890056,-0.3982265358434602,0.42327672754597157,-0.7105569644198939,0.49888915468165285,0.19231802516606078,-0.6097440900558774,-0.5970074287273395,0.08049526605074701,-0.04239498211905803,0.027358981047844105,-0.00981357093326235,-0.008008345633565705,0.0070178892329223475,0.07226237809086276,-0.015862656715974435,0.01600672561297478,-0.0388881231749749,-0.05858687686706822,-0.059288733696709804,0.029624092197059127,0.008748969742942824
94,0,-0.029588119360347706,-0.09722859450856018,0.175167870645642,-0.35452005275511617,0.19694497756037277,-0.9254106501357307,0.21739592593467472,-0.48256944228449383,0.43928345315821843,-1.0439001950723488,0.29544265239021883,0.6666278947397393,0.1774103597516991,-0.5316723804856827,0.2885598369356175,-0.03295233129577986,0.3152790160118875,-0.417036134255912,0.4291870009385126,-0.8459720428463238,0.5064454382981405,-0.3993872180421932,0.4072700019329968,-0.746103589603538,0.5115710701010477,0.2516067588627706,-0.46162362907058174,-0.6846382385719787,-0.028748309303858455,-0.0013675800683589396,-0.00839423282149746,0.04288893963426289,-0.07207511070354808,-0.021687227143429133,-0.0722623780908652,-0.0011606821987329486,-0.016006725612974775,-0.03554662518364414,0.012681915419394885,0.059288733696709804,0.1481204609852956,-0.08763080984463918
95,0,0.31539159228586655,1.136632533831084,0.638405163387573,-0.33271211734788486,0.6774457155852405,-0.8001608214647251,0.7335557694408478,-0.49804520493420784,0.43928345315821843,-0.6135382986026118,0.5990941483475754,1.2595152317068374,-0.7959526695802562,-0.4392437485239342,0.2713108513533068,0.04454387257776672,0.3686497555559785,-0.41449187512506835,0.453212037839938,-0.8256494052759674,0.5236507664150121,-0.38739350198865596,0.4472868159652517,-0.7201205621192202,0.5113924515740144,0.3108954925594804,-0.4912477212676409,-0.618244847216256,-0.01724898558231071,0.07749620387354658,0.05337073954409098,0.002544259130843651,0.024025036901425472,0.02032263757035646,0.017205328116871622,0.011993716053537135,0.04001681403225497,0.02598302748431782,-0.00017861852703333626,0.05928873369670982,-0.029624092197059117,0.06639339135572257
96,0,0.08540511785512968,1.364562545223872,0.6238966128319106,-0.0964594837693391,0.3571118902353287,-0.5584335256638007,0.4582705195708921,-0.5096520269214934,0.1191489408987229,-0.7685146709592078,0.7473475257855872,0.07374055777264124,-0.5843520110298168,-1.1278723347426856,0.27897706716765747,0.21761872789535866,0.34750872474628014,-0.37523759139201895,0.4612203834738679,-0.7929479908641905,0.5305328976617598,-0.39010176045235595,0.3992666391263274,-0.7391901454835434,0.5590835982920241,0.2516067588627706,-0.5166398002936894,-0.6745487008845508,0.007666215814350633,0.17307485531759195,-0.02114103080969836,0.039254283733049414,0.008008345633929886,0.03270141441177667,0.006882131246747669,-0.002708258463699953,-0.04802017683892433,-0.01906958336432333,0.04769114671800978,-0.059288733696709804,-0.025392079026048526,-0.05630385366829462
97,0,1.0436820946498304,0.6762139108176562,0.4052320294570722,-0.47809835339621753,0.8376126282601964,-0.775305797098092,0.32062789463591423,-0.4051906290358359,0.3592498250951643,-0.8969895075224331,0.30794594928258356,0.07374055777264124,-0.4997117476096651,-0.11680187977191557,0.3728882108935399,0.27612076415284303,0.3836764686315001,-0.38505116232528136,0.47723707474136356,-0.7708221456437115,0.5236507664150096,-0.4017085824396503,0.38325991351335265,-0.7544573345818649,0.4906727024381007,0.1923180251660608,-0.5081757739516742,-0.6306627397546257,0.09391114372588241,0.05850203625748436,0.03616774388521999,-0.00981357093326235,0.016016691267495598,0.02212584522047901,-0.006882131246750117,-0.011606821987294291,-0.016006725612974775,-0.015267189098321388,-0.06841089585392349,-0.059288733696709804,0.008464026342015174,0.04388596112992506
98,0,1.3886618062958267,1.0621753967761052,0.6197513126731263,-0.4671943856926019,0.5172788029102846,-0.6052194538833716,0.3894492071034154,-0.5638171961955363,0.19918256896541653,-0.5588068659859909,0.9491864613337243,0.6666278947397393,-0.2881110890592256,-0.5902340327973071,0.5357952969486215,0.33295131366011166,0.4708314044695213,-0.42612277400893744,0.4452036922063723,-0.7824698923567035,0.5821488820123771,-0.4144760866256731,0.36725318790037786,-0.7587206251225276,0.5433651679130562,0.2516067588627706,-0.49547973443864846,-0.6160576047805179,0.1629070860550817,0.05683054950726864,0.08715493583802122,-0.04107161168365615,-0.03203338253499118,-0.011647746712991907,0.05849811559736743,-0.012767504186022838,-0.016006725612974775,-0.0042632905406626564,0.052692465474955666,0.059288733696709804,0.012696039513025763,0.014605134974107791
99,0,-0.08708473796797746,-0.025810524272149096,0.46119358160038865,-0.29273090243458616,0.11686152122107392,-0.784078158639267,0.42385986333715375,-0.39745274771097894,0.8394515934844077,-0.929252246749102,0.18827153616996783,0.6666278947397393,-0.24579095734914974,-0.13302980752093538,0.5185463113663108,0.2856938246313383,0.4286529753540913,-0.37123946990068907,0.4131703096713812,-0.7853452775285292,0.5546203570253814,-0.41834502728810596,0.42327672754597157,-0.7726627374311856,0.524967459628579,0.2516067588627706,-0.44469557638654544,-0.5522747931061589,-0.017248985582310715,-0.04725748902877334,-0.04217842911543006,0.054883304108248376,-0.03203338253499118,-0.002875385171825673,-0.027528524986995574,-0.003868940662432896,0.0560235396455937,-0.013942112308658095,-0.018397708284477267,0.0,0.050784158052103054,0.06378281167435906
100,0,0.2770605132141134,-1.3888319924010262,1.2591638621625516,-0.25638434342249267,0.43719534657098574,-0.7777425641928234,0.2862172384021759,-0.327811815787178,0.1191489408987229,-0.7811893185124953,0.21149194468436402,0.07374055777264124,-0.37275135247940744,-0.4145490758624085,0.4495503690370898,0.2291671818059265,0.6062790871571471,-0.3505219312637987,0.42117865530494686,-0.7431404714471668,0.4995633070513903,-0.4318863196066145,0.3752565507070472,-0.780728422237845,0.5035332363845288,0.3108954925594804,-0.3515912866243605,-0.5328718360149542,-0.06899594232922106,-0.056526642825411866,0.1776261118030557,0.0207175386368904,0.008008345633565705,0.04220480608136233,-0.05505704997399115,-0.013541292318508539,-0.04802017683892433,-0.008065684806659368,-0.021434223244050192,0.059288733696709804,0.09310428976218495,0.019402957091204487
101,0,1.1011787132574602,1.0500191295018342,0.2995268754085804,-0.3181734937430227,0.2770284338960298,-0.08375129560321527,0.32062789463591423,-0.48256944228449383,0.3592498250951643,-0.8854671006557844,0.2454294648207599,0.07374055777264124,0.5159714134323662,-0.6523234954891676,0.5089635415983508,0.3653173752778857,0.5540483051567153,-0.3421622226910185,0.4291870009385126,-0.689336653994709,0.5270918320383859,-0.4469751881901033,0.3832599135137166,-0.8016415907008321,0.48013420934310885,0.3108954925594804,-0.2923431022302422,-0.559189301451387,0.059413172561260996,0.1361501934719593,-0.05223078200043178,0.008359708572780266,0.008008345633565705,0.053803817452457846,0.027528524986995574,-0.015088868583488735,0.008003362806669361,-0.02091316846298714,-0.023399027041419978,0.0,0.05924818439411824,-0.02631746543643269
102,0,0.9861854760422006,0.5728856389862493,0.69747569064996,-0.4890023210998332,0.43719534657098574,-0.6515180286838899,-0.05788932393528099,-0.36263228174907847,0.19918256896541653,-0.6169950206626327,0.6794724855127636,0.6666278947397393,-0.9229130647105139,-0.5210889493450251,0.5932919155562949,0.47229252729156707,0.5539446726527462,-0.34797767213295094,0.40516196403708715,-0.6778351133074063,0.3963313383501533,-0.43149942554037607,0.3832599135137166,-0.7864320136368452,0.49442369150580684,0.3701842262561902,-0.3431272602823453,-0.48305915344626005,0.08432837395794412,0.10697515201368132,-0.00010363250396900891,-0.00581544944193248,-0.024025036901425472,0.011501540687302702,-0.13076049368823262,0.015475762649727188,0.0,0.015209577063986823,0.014289482162698009,0.059288733696709804,-0.05078415805210307,0.07613014800512694
103,0,-0.010422579824471123,0.06992008051283849,0.40730467953645255,-0.2091338167067835,0.5172788029102846,-0.4604754884541598,0.5270918320383933,-0.5212588489087788,0.519317081224912,-0.5501650608360175,0.5455085902374499,-0.5191467791944568,-0.7536325378701804,-0.9154981498535195,0.5070469876447631,0.44205381244679043,0.5587117678353257,-0.3294409270367878,0.43719534657207826,-0.6422095783819076,0.36192068211641004,-0.4550999635812075,0.35924982509443637,-0.7644818285558624,0.4769190758564994,0.3701842262561902,-0.376983365650415,-0.5442313854392581,-0.08624492791153178,-0.030238714844776693,0.004767095182579501,0.018536745096163137,0.03203338253499118,0.035625534925498754,-0.034410656233743245,-0.023600538040831433,-0.024010088419280196,0.021950185080982898,-0.017504615649307442,0.0,-0.03385610536806971,-0.06117223199299806
104,0,1.503655043511304,0.7309171135519101,0.7306380919200925,-0.40903989127323576,0.5172788029102846,-0.41953780126206847,0.2862172384021759,-0.4206663916855499,0.6793843373546599,-0.6423443157692599,0.2490018353614582,-1.1120341161615548,-0.33043122076933157,-1.0100434680433694,0.6603713039319283,0.5248683832528374,0.6142587899627708,-0.33489291088859974,0.4692287291070695,-0.5916222934945413,0.3688028133631602,-0.44890965852131315,0.38325991351408056,-0.7243262406255535,0.47227499415362334,0.19231802516606078,-0.427767523702518,-0.5920684941950267,0.1533243162871652,0.08281457080604702,0.055547022127445056,-0.005451983851811959,0.03203338253499118,0.05058728488736621,0.006882131246750117,0.006190305059894391,0.024010088419644145,0.04015558793030889,-0.0046440817028760625,-0.1778662010901294,-0.05078415805210307,-0.04783710875576867
105,0,0.5070469876448502,0.5014675687498382,-0.34403097423960544,-0.40903989127323576,0.11686152122107392,-0.5311417342024359,0.42385986333715375,-0.23882618055127855,0.1191489408987229,-0.7754281150791971,0.574087554562846,0.6666278947397393,-1.0075533281306657,-1.1433947004156633,0.6795368434678266,0.46135188674471284,0.5160151762000529,-0.34252568828113483,0.4131703096706527,-0.5647203847683124,0.33783322275279076,-0.4229877560830202,0.351246462288131,-0.7405152222732121,0.4697743347751505,0.133029291469351,-0.44892758955755896,-0.6624835893841997,0.01916553953589837,-0.06351649650812459,-0.09824361376271784,-0.00763277739253509,-0.05605841943641665,0.02690190872622892,-0.030969590610369403,0.025921902438292933,-0.03201345122594955,-0.01618898164765853,-0.002500659378472936,-0.05928873369670982,-0.021160065855040943,-0.07041509518917291
106,0,0.14290173646275942,-0.2947679377156363,-0.2435074453895645,-0.3763279881623888,0.3571118902353287,-0.8167308377091473,0.3550385508696526,-0.4438800356601649,0.27921619702847067,-0.5403710149993529,0.7812850459220148,0.6666278947397393,-0.5843520110298168,-0.2960146470870501,0.6852865053285896,0.295418838450762,0.4292747703779055,-0.3705125387204398,0.4131703096706528,-0.590550115972847,0.32751002588266676,-0.41641055695688733,0.3672531879011057,-0.7177008566772266,0.4731680867887932,0.19231802516606078,-0.44892758955755896,-0.5792978206186361,0.005749661860762974,-0.16593304829395084,-0.08674040582214751,-0.02798685043930497,0.0,-0.02582973120453467,-0.010323196870123952,0.006577199126132849,0.016006725612974775,0.022814365595985486,0.003393752013642759,0.059288733696709804,0.0,0.08318576876556354
107,0,-0.6237198449729575,0.028892678462139398,-0.15127451685704496,-0.41994385897689274,0.8376126282601964,-1.0150836792231603,1.1808943004795442,-0.4593557983098789,0.519317081224912,-0.7950162067525262,0.3436696546893127,0.6666278947397393,-0.880592933000408,-1.3635300681413183,0.5185463113663109,0.23068671521521028,0.37362411574649373,-0.3646970892785073,0.4131703096706528,-0.614527904185354,0.4135366664670298,-0.42182707388429164,0.3832599135140805,-0.7075035266002359,0.4767404573294661,0.2516067588627706,-0.4870157080966333,-0.7039706394555765,-0.1667401939622788,-0.06473212323555169,-0.05565065463141172,0.00581544944193248,0.0,-0.023977788212506835,0.086026640584363,-0.005416516927404297,0.016006725612974775,0.010197330076990696,0.0035723705406729145,0.059288733696709804,-0.03808811853907429,-0.12467281883694029
108,0,0.08540511785512968,1.3432890774938635,1.089206555653222,-0.547156815519158,0.3571118902353287,-0.7967493475320656,0.3550385508696526,-0.3239428751247495,0.43928345315821843,-0.831311788382509,0.44369602982823053,0.07374055777264124,-1.0075533281306657,0.16330626441747326,0.3882206425222411,0.2587980832869861,0.4205696400445033,-0.37269333226116286,0.3971536184031572,-0.6336808935502234,0.4100956008436535,-0.3978396417772129,0.4072700019333607,-0.7347540188398877,0.4261914141789167,0.1923180251660608,-0.5589599320037772,-0.6286166097340984,-0.1303256688440697,0.028111368071775833,0.046945524298009564,-0.007996242982655605,-0.01601669126749559,-0.0191529893648694,-0.0034410656233762825,0.023987432107078675,0.02401008841928019,-0.027250492239651803,-0.05054904315054938,-0.059288733696709804,-0.07194422390714401,0.07535402972147805
109,0,0.3537226713576197,0.702045978775482,-0.3875566259066162,-0.5507914714204045,0.3571118902353287,-0.5028752359031432,0.802377081908349,-0.39745274771097894,0.43928345315821843,-0.8941089058057577,0.8563048272761714,0.6666278947397393,-0.9229130647105139,-0.16407453886686557,0.4323013834548009,0.3315837335917492,0.33569461929380284,-0.39849938915974475,0.4211786553045827,-0.6055606012766109,0.44794732270077303,-0.3978396417772129,0.3672531879007418,-0.7312396847455532,0.4929947432895371,0.19231802516606078,-0.6266721427399137,-0.6317210828686914,0.04408074093255972,0.07278565030476311,-0.08487502075070048,-0.025806056898581835,0.02402503690142548,0.02812029227361238,0.037851721857119526,0.0,-0.040016814032618926,0.0035143340943344257,0.06680332911062035,0.0,-0.06771221073613642,-0.0031044731345930194
110,0,0.6795368434677395,0.2917719582684911,0.2083302719157746,-0.5362528478155424,0.3571118902353287,-1.1047567083105903,0.32062789463591423,-0.26203982452584956,0.519317081224912,-0.9678523097524147,-0.09037336600265929,0.07374055777264124,-0.5843520110298168,-0.7892025382416723,0.47254901648016345,0.4996441286587009,0.23061126026912512,-0.42648623959904974,0.413170309671017,-0.6382620156883876,0.4513883883241469,-0.3912624426510801,0.40727000193336077,-0.7499059838695452,0.46280821222083485,0.19231802516606078,-0.6478322085949546,-0.6691864291066179,0.040247633025362606,0.16806039506695175,-0.10508335902467769,-0.02798685043930497,-0.008008345633565705,-0.03270141441177669,0.0034410656233738344,0.0065771991261328435,0.04001681403261891,-0.018666299123991936,-0.03018653106870233,0.0,-0.02116006585504094,-0.03746534623792638
111,0,1.2928341086164439,2.0301181784907953,0.5710440358076647,-0.5507914714204045,0.6774457155852405,-0.6047321004644075,0.07975330099969687,-0.7185748226928081,0.19918256896541653,-0.6066248544826226,0.5169296259120539,0.07374055777264124,-1.3884345135214387,-0.9430150708192139,0.4917145560160618,0.597654033557597,0.25776297630903355,-0.4497480373667879,0.453212037839938,-0.6903600961745068,0.4273009289605252,-0.4148629806919115,0.39126327632038593,-0.7220217592522291,0.4899582283299642,0.1923180251660608,-0.8382728012903351,-0.6982555866396224,0.01916553953589837,0.09800990489889612,0.02715171603990843,-0.023261797767738186,0.04004172816892106,-0.052098080486119226,-0.02408745936362174,-0.023600538040831433,-0.016006725612974775,0.027884224617316176,0.027150016109129406,0.0,-0.1904405926953805,-0.02906915753300463
112,0,-0.08708473796797746,1.3448086109031474,0.364815352909132,-0.37269333226118356,-0.12338884778953907,-0.8469467496842075,0.5270918320383933,-0.4554868576474504,0.43928345315821843,-1.0531181205656677,0.9402555349820262,0.6666278947397393,-0.37275135247940744,-0.5662449222118237,0.384387534615044,0.6748463307492869,0.22449694253495073,-0.4381171384829229,0.3971536184038855,-0.7099029682745386,0.4857990445578926,-0.4241484382817487,0.41527336473966614,-0.7656340692425325,0.5160365332768904,0.1923180251660608,-0.7832566300672246,-0.7027711839263023,-0.10732702140101782,0.07719229719168981,-0.0332660337740828,0.011630898883864964,-0.05605841943605248,-0.01954287210003176,0.05849811559736743,-0.009285457589837193,0.02401008841928019,-0.0436123099903035,0.026078304946926256,0.0,0.055016171223110644,-0.004515597286679851
113,0,1.2928341086164439,0.9056634556197283,0.5803709611648762,-0.44902110618653446,0.43719534657098574,-0.8391490949809605,0.3894492071034154,-0.36263228174907847,0.19918256896541653,-0.7327952096725705,0.7330580436228891,1.2595152317068374,-1.0921935915508474,-0.21628613249411066,0.5147132034591355,0.7584206682599759,0.2418035706977931,-0.4621058674308981,0.3891452727699557,-0.7477703289272186,0.47203478206439475,-0.4082857815657787,0.3832599135137166,-0.7838970841261877,0.5347914786154343,0.3701842262561902,-0.8171127354352912,-0.6328499821903614,0.1303256688440915,0.08357433751068898,0.017306628162842362,-0.023988728947975095,-0.008008345633929886,-0.037867360652680065,-0.013764262493497787,0.015862656715970036,-0.03201345122594955,-0.018263014883655303,0.018754945338543917,0.17786620109012943,-0.0338561053680667,0.06992120173594088
114,0,-0.010422579824471123,0.07903728096854172,0.22180249743174685,-0.39450126766841487,0.19694497756037277,-0.5759782487461508,0.2862172384021759,-0.6141134248071507,0.1191489408987229,-1.3031543495721816,0.440123659287564,0.6666278947397393,-0.7959526695802562,-0.3806820962123097,0.36330544112555796,0.693232685001639,0.19092001124895855,-0.460652005070416,0.3571118902349645,-0.7634143736756268,0.47203478206439475,-0.42763048487793875,0.3272363738681229,-0.8499780875064801,0.5539036610080449,0.5480504273463196,-0.8636648803163837,-0.5699138450072555,-0.1514077623335775,-0.06518798325833684,-0.05088355944883457,0.0014538623604820888,-0.03203338253499118,-0.01564404474840823,0.0,-0.019344703312160077,-0.0560235396455937,-0.06608100338029217,0.019112182392610578,0.1778662010901294,-0.046552144881092467,0.06293613718310598
115,0,-0.22124351471911352,-0.34339300681275475,0.30678115068641165,-0.5362528478155424,0.6774457155852405,-0.5389393889056829,0.3550385508696526,-0.3084671124750355,0.9194852215474617,-0.9252194043457357,0.47227499415362656,0.07374055777264124,-0.2881110890592256,-1.2647513774951904,0.29047639088916155,0.6087466274453798,0.2560012237415602,-0.4733733007246467,0.4131703096713812,-0.7641941391459516,0.4651526508176446,-0.43459457807031443,0.40727000193299673,-0.8649572164331338,0.543722404967123,0.4887616936496098,-0.7917206564092397,-0.5820495127152081,-0.07282905023639638,-0.08448605755625929,0.06508121249260171,-0.012721295654230663,0.05605841943641665,-0.0007797654703247004,-0.006882131246750117,-0.0069640931923756946,0.08003362806487388,-0.014979128926653863,-0.010181256040921943,-0.059288733696709804,0.07194422390714401,-0.012135667707952713
116,0,1.4844895039754276,1.7170942961780415,1.2892172883135902,-0.31453883784181746,0.6774457155852405,-0.39370807005759584,0.32062789463591423,-0.6798854160685232,0.19918256896541653,-0.49600974856268976,0.7955745280847127,0.6666278947397393,-1.3884345135214387,0.42013086009739564,0.4246351676404284,0.8099328508347476,0.4092736971118757,-0.4671943856925894,0.4452036922063723,-0.7218918623807965,0.46171158519427086,-0.45819511611115027,0.39926663912669136,-0.8605210897894675,0.5451513531833927,0.4887616936496098,-0.8721289066584019,-0.5104349619967635,0.1341587767512668,0.2011862233893678,0.15327247337031547,0.0061789150320571366,0.032033382534991175,0.04230227676515515,-0.0034410656233738344,-0.02360053804083583,-0.008003362806305415,0.004436126643666316,0.0014289482162697987,0.0,-0.08040825024916218,0.07161455071844458
117,0,0.23872943414236023,0.7901789165140503,0.5772619860458057,-0.28546159063217574,0.5172788029102846,-0.7640966684621854,0.11416395723343523,-0.47870050162206534,0.27921619702847067,-0.6838249804892478,0.9152489411972967,0.07374055777264124,-0.2881110890592256,-0.049067920471717916,0.5108800955519601,0.8860614746399387,0.48212734740216073,-0.4537461588581177,0.4131703096713812,-0.6967931613046989,0.35503855086965996,-0.46012958644236895,0.3752565507070472,-0.8494019671631398,0.6023092818341912,0.4294729599529,-0.8128807222642835,-0.3789887472298035,0.08624492791153178,0.07612862380519109,0.07285365029028507,0.013448226834471699,-0.03203338253499118,0.025098701076097497,-0.10667303432461091,-0.0019344703312186462,-0.024010088419644138,0.011119122626327837,0.057157928650798405,-0.059288733696709804,0.05924818439411823,0.13144621476696003
118,0,0.23872943414236023,0.9786010592654232,-0.24868907058801537,-0.6271192453457555,0.5172788029102846,-0.3834736482595287,0.6647344569733711,-0.37037016307393544,0.8394515934844077,-0.8186371408291692,0.7794988606516497,0.07374055777264124,-0.6266721427399228,-0.25861985705674045,0.5262125271806832,0.8495926728170945,0.348337784778037,-0.4617424018407775,0.42918700093887674,-0.6554655913774452,0.38600814148003176,-0.4647723152372875,0.41527336473966614,-0.8481345024078057,0.6358895649165331,0.4294729599529,-0.7747926037252093,-0.42118135937722484,0.015332431628723053,-0.03646880182284403,-0.13378956262412373,-0.007996242982659751,0.01601669126749559,0.04132756992725369,0.03096959061037185,-0.004642728794918593,0.040016814032618926,0.00126746475533398,0.03358028308234192,0.0,0.03808811853907429,-0.04219261214742137
119,0,0.008742959711623347,0.9466908576704274,0.047699890763633006,-0.47809835339621753,0.3571118902353287,-0.9239485898788385,0.5615024882721316,-0.6489338907690512,0.519317081224912,-0.27362729603618546,1.011702945795548,0.6666278947397393,-0.33043122076933157,-0.3806820962123097,0.49171455601608355,0.874057160706589,0.39186343644506194,-0.45447309003835895,0.42918700093887674,-0.6975729267750148,0.36192068211641004,-0.48992042954309484,0.4232767275463355,-0.7860863414308485,0.6514293767684707,0.4294729599529001,-0.7155444193310911,-0.44284211511176935,-0.034497971164599635,0.024464487889494534,0.04352565166702492,0.007269311802418699,0.0,-0.042107335397569536,-0.024087459363621742,-0.025148114305807222,0.008003362806669361,0.06204816097695722,0.015539811851937656,0.0,0.05924818439411823,-0.02166075573454441
120,0,0.31539159228586655,0.6443037092226603,0.1834584709631869,-0.4708290415938071,0.6774457155852405,-0.5647691201102443,-0.12671063640278216,-0.4090595696982644,0.9194852215474617,-0.9160014788524167,0.1989886477919993,0.07374055777264124,-0.2881110890592256,-0.8738699873669319,0.4553000308978962,0.909310335802006,0.3893762563498032,-0.4479307094161853,0.4612203834738679,-0.6435741679549802,0.3171868290125404,-0.5046224040603362,0.4632935415785905,-0.7809012583408487,0.6803655781479365,0.4294729599529,-0.685920327134032,-0.45130886002429527,-0.03641452511818729,0.03525317509541692,-0.0024871800952587703,0.006542380622173527,0.032033382534991175,0.0539987588200346,-0.04473385310386964,-0.014701974517241484,0.04001681403225497,0.005185083089999798,0.02893620137946586,0.0,0.02962409219705912,-0.00846674491252596
121,0,1.1395097923292132,0.6139130410369484,-0.0973856147931089,-0.36178936455752664,0.19694497756037277,-0.8186802513849147,-0.09229998016901934,-0.320073934462321,0.519317081224912,-0.750654940315863,0.5812322956442109,-0.5191467791944568,-0.24579095734914974,-0.7588633689717842,0.4399675992691733,0.7676898220566214,0.3225332912897258,-0.4290304987298975,0.41317030967138113,-0.6649689830470309,0.2999815008956688,-0.4647723152372875,0.49530699280454,-0.7953042669241727,0.6867958451211523,0.3701842262561902,-0.571655971516803,-0.4328936898395523,-0.015332431628723064,-0.1416205137453847,-0.06684296506007736,0.018900210686287788,-0.04805007380248677,-0.021394815092050722,-0.017205328116871622,0.03985008882304871,0.03201345122594955,-0.01440300858332404,0.0064302669732156925,-0.059288733696709804,0.11426435561722889,0.01841517018474297
122,0,-0.37456783100634405,0.5288191701169824,0.12956956889922727,0.016214849168146608,0.11686152122107392,-0.5233440794991889,1.008841019310828,-0.4361421543353079,0.1191489408987229,-0.7183922010892464,-0.1743240737085458,0.07374055777264124,-1.0921935915508474,-1.0220380233361361,0.4112192899653365,0.6860908779780048,0.2990087128887354,-0.3901396805869645,0.43719534657244247,-0.632608716028529,0.3481564196229122,-0.4628378449060732,0.4632935415785905,-0.7618316749765306,0.5753378842520951,0.3108954925594804,-0.6436001954239471,-0.47847299995198356,-0.02874830930383666,-0.0815989440786165,-0.02352457840099047,0.03889081814293301,0.024025036901061298,0.03236026701850185,0.048174918727243464,0.0019344703312142498,-0.03201345122594955,0.03347259194764213,-0.1114579608690572,-0.059288733696709804,-0.07194422390714399,-0.04557931011243125
123,0,-0.5278921472935746,0.6655771769526692,-0.17925529292870315,-0.7143509869747633,0.9176960845958535,-0.532603794459328,1.0432516755445664,-0.35102545976179295,0.43928345315821843,-0.6538667226359086,0.8616633830872029,0.07374055777264124,-1.68467543549203,-0.2127583221138748,0.22914666437433473,0.662082250111299,0.22304608747937738,-0.41667266866578745,0.4852454203749293,-0.6019541859763657,0.41353666646702736,-0.4616771627073447,0.4873036299978707,-0.7539388262728643,0.5881984181985265,0.1923180251660608,-0.7028483798180652,-0.47812021891395995,-0.18207262559100185,-0.024008627866705913,-0.07596262540935793,-0.026532988078822883,0.04805007380248678,0.030654530052163242,0.0653802468441151,0.001160682198728552,0.02401008841928019,0.007892848703666189,0.012860533946431385,-0.11857746739341961,-0.059248184394118254,0.00035278103802358627
124,0,0.6987023830036161,0.041048945736410374,1.0664074047800145,-0.1509793222874587,0.3571118902353287,-0.912252107823968,0.802377081908349,-0.4864383829469223,0.43928345315821843,-0.8318879087258021,0.08645897576074846,0.07374055777264124,0.26205062317185085,-1.3437743300121128,0.3000591606571435,0.6582834165880858,0.3075065782142042,-0.3923204741276918,0.501262111642425,-0.6355815718841475,0.4651526508176446,-0.4489096585213219,0.5193170812238203,-0.7068121821882264,0.552831949845845,0.133029291469351,-0.5970480505428546,-0.5744294422939402,0.07091249628280873,-0.003798833523213135,0.08446049073482677,0.024352194538095617,0.01601669126749559,-0.03362738590778173,0.05161598435061732,0.012767504186022838,0.03201345122594955,0.047126644084637945,-0.03536646835268155,-0.059288733696709804,0.1058003292752107,-0.09630922337998031
125,0,0.6028746853242332,-0.07595512677855143,0.06428109139869932,-0.5544261273216098,0.8376126282601964,-0.652980088940782,0.25180658216841306,-0.38197698506126493,0.5993507092879662,-0.6406159547392757,0.5669428134815128,0.07374055777264124,-0.880592933000408,0.10192236380165504,0.38247098066147817,0.685027204591506,0.283256572285433,-0.3941378020782985,0.5172788029099203,-0.6469856418876574,0.4548294539475207,-0.4562606457799448,0.4873036299978707,-0.6783518372275804,0.5622987317786337,0.133029291469351,-0.6562962349369729,-0.4377620681642558,0.08241182000433467,0.02674378800342033,-0.024250005928771235,-0.0018173279506067397,0.016016691267495598,-0.011404070003509903,-0.010323196870123952,-0.007350987258622943,-0.03201345122594955,0.028460344960646,0.009466781932788621,0.0,-0.05924818439411823,0.13666737412968455
126,0,0.2770605132141134,0.06688101369427076,1.3068348139883466,-0.5835033745312515,0.3571118902353287,-0.18463345332655157,0.7335557694408478,-0.47096262029716435,0.3592498250951643,-0.7840699202291705,0.7669955637593168,0.07374055777264124,-0.6689922744499986,-0.18594696322422263,0.2617280815853467,0.520005876343129,0.28501832485290857,-0.4210342557472419,0.4852454203749293,-0.626078180214553,0.49612224142801403,-0.43536836620280894,0.5033103556108455,-0.7071578543942285,0.559440835346094,0.07374055777264119,-0.5843520110298288,-0.4983698504964176,-0.12074289907613141,-0.16502132824837706,0.0017617525674756384,-0.026896453668943398,-0.032033382534991175,0.02090746167310443,0.04129278748049335,0.02089227957713588,0.016006725612974775,-0.02880601716664808,-0.0028578964325395974,-0.059288733696709804,0.071944223907144,-0.06060778233216183
127,0,0.6412057643959863,0.1215842164285247,0.4021230543380017,-0.5507914714204045,0.5172788029102846,-0.851332930454795,0.4582705195708921,-0.5212588489087788,0.039115312835668756,-0.8820103785957635,1.1724596201258928,1.2595152317068374,-0.542031879319741,-0.11821300392402496,0.3019757146107093,0.4531464063345765,0.2675044316821282,-0.4475672438260648,0.4852454203749293,-0.6348018064138139,0.5305328976617597,-0.4396242009314803,0.47930026719156527,-0.7269763942048801,0.5851619032389536,0.19231802516606084,-0.6097440900558804,-0.5052843588416482,0.040247633025362606,-0.06685947000855255,-0.0175138931707804,-0.02653298807882288,0.0,-0.008723626199260958,0.03441065623374569,-0.004255834728671348,-0.02401008841928019,-0.01981853981065157,0.025721067892859606,0.11857746739341961,-0.025392079026051534,-0.006914508345230705
128,0,-0.029588119360347706,-0.630584821167683,0.18034949584409282,-0.6307539012469606,0.7575291719208976,-0.6583409765492976,1.0776623317783047,-0.34715651909936446,0.3592498250951643,-0.6331263902759409,0.8009330838957126,1.2595152317068374,-0.7536325378701804,-1.1483336349479585,0.27514395926043855,0.2922278182912659,0.310408288325339,-0.4479307094161853,0.5092704572759905,-0.6622885392427909,0.5718256851422531,-0.43730283653402324,0.4312800903526409,-0.7084253191495573,0.5873053255633598,0.3108954925594804,-0.6224401295689062,-0.59425573663077,-0.02683175535027079,-0.1609185880433106,0.04290385664321082,-0.00036346559012051527,0.0240250369010613,-0.02748673282897689,0.041292787480493365,0.0023213643974570987,-0.04802017683892434,0.01855107505532283,0.0021434223244062856,0.11857746739341961,-0.012696039513025758,-0.08897137778912181
129,0,-0.6812164635805873,-0.07443559336926756,0.41766792993337787,-0.32544280554547445,0.5172788029102846,-0.7597104876915979,0.4582705195708921,-0.6179823654695792,0.3592498250951643,-1.149906338245622,0.6723277444314305,-0.5191467791944568,-1.600035172071848,-1.0072212197392008,0.20614801693121754,0.19011517318729637,0.34740509224231353,-0.432665154631111,0.5252871485434862,-0.6458647290240668,0.5615024882721291,-0.434207684004076,0.41527336473966614,-0.7960532233705009,0.5533678054269481,0.1923180251660608,-0.7494005246991577,-0.656909648983459,-0.06899594232922106,-0.10211264510396949,0.036996803916974484,0.015265554785074308,0.01601669126749559,0.016423810218724067,-0.010323196870123947,0.0030951525299471984,-0.016006725612974775,-0.08762790422094366,-0.03393752013641175,-0.11857746739341961,-0.12696039513025165,-0.0626539123526891
130,0,-0.31707121239871433,0.41789323123915617,1.5700613740698859,-0.5944073422348671,0.3571118902353287,-0.8771626616593563,0.9056090506095885,-0.4129285103606929,0.519317081224912,-0.7938639660658351,0.5276467375340853,0.07374055777264124,-0.6689922744499986,-1.5060536075021853,0.14290173646275942,0.16747412538894596,0.48606538255298337,-0.445022984695217,0.493253766008495,-0.677104083178978,0.6647344569733662,-0.43459457807031887,0.37525655070741115,-0.7838394720918428,0.5862336144011567,0.1923180251660608,-0.7874886432382351,-0.7201280109969845,-0.06324628046845808,-0.022641047798350418,0.1386602903106699,-0.012357830064106002,-0.032033382534991175,-0.031239354154911202,0.10323196870123708,-0.0003868940662428488,-0.04001681403225497,0.012213751278658157,0.0328658089742086,0.0,-0.0380881185390773,-0.06321836201352535
131,0,-0.4512299891498504,0.4482838994248681,0.7845269939840286,-0.5398875037167475,0.6774457155852405,-0.6481065547512304,0.49268117580463044,-0.335549697112079,0.5993507092879662,-0.9304044874357407,0.6580382622687325,0.07374055777264124,-0.20347082563907387,-0.45829392457712265,-0.01617224168514696,0.15091121122773793,0.5742566434306972,-0.46283279861113913,0.5413038398109817,-0.6600467135156096,0.7232325725707313,-0.43614215433529474,0.3832599135137166,-0.8018144268038305,0.5939142110636089,0.2516067588627706,-0.7832566300672275,-0.6900710665575184,-0.15907397814790636,-0.01656291416120803,0.08819126087771376,-0.01780981391592209,0.04805007380248677,0.01705736966336844,0.05849811559736497,-0.0015475762649757973,0.008003362806305415,-0.01797495471198777,0.007680596662452166,0.059288733696709804,0.004232013171007587,0.030056944439466153
132,0,0.2770605132141134,-0.45887754591843266,0.8809052226752853,-0.4308478266805084,0.3571118902353287,-0.8854476697815674,0.3550385508696526,-0.41679745102312143,0.759417965417714,-0.6521383616059244,0.2132781299546973,0.07374055777264124,-1.0921935915508474,-0.7207630168654324,0.048990592736898785,0.05214153962419642,0.6493902088083029,-0.5075390661960045,0.5653288767124073,-0.6962570725438474,0.6578523257266137,-0.434207684004076,0.4472868159656157,-0.7951890428554983,0.6326744314299332,0.25160675886277056,-0.7832566300672275,-0.659943565910448,0.06516283442204575,-0.09876967160354151,0.07513356537760581,-0.0447062675848655,0.02402503690142548,-0.03621035902823785,-0.06538024684411754,0.0019344703312186462,0.06402690245189911,0.006625383948332198,0.03876022036632431,0.0,0.0,0.03012750064707037
133,0,0.16206727599863602,1.4800470843295501,0.007283214215692733,-0.6162152776421398,0.5172788029102846,-0.65395479577871,0.32062789463591423,-0.6063755434822937,0.6793843373546599,-0.8670312496691464,-0.3779491945270163,0.6666278947397393,-0.7113124061600745,-0.20852494965762183,0.11798653506611982,0.1335885303618845,0.6680440595227426,-0.49772549526274223,0.5252871485438503,-0.7083921726757857,0.5855899476357485,-0.4597426923761261,0.47129690438525984,-0.8165054955588221,0.5087131736685113,0.3108954925594804,-0.685920327134032,-0.6595202286648226,0.06899594232922106,0.0814469907376881,0.018653850714439587,0.00981357093326235,-0.04004172816855689,-0.012135100131938192,-0.07226237809086522,-0.025535008372050076,0.024010088419644145,-0.021316452703323774,-0.12396125776142193,0.059288733696709804,0.09733630293319553,0.0004233372456252965
134,0,0.04707403878337651,0.3479946944120289,0.914067623945418,-0.46355972979139665,0.8376126282601964,-0.790901106504586,0.6303238007396083,-0.4554868576474504,0.5993507092879662,-0.7575683844358522,0.8563048272761714,0.6666278947397393,-0.03419029879874035,-0.49286646630326364,0.05282370064409588,0.1642831052294464,0.6528100814392828,-0.5289835360131361,0.5733372223463371,-0.6962570725438474,0.5683846195188744,-0.45664753984617895,0.48730362999823457,-0.8090735431298273,0.5856977588200535,0.3701842262561902,-0.715544419331091,-0.5744294422939378,-0.06516283442202396,0.03069457486756185,-0.015233978083459655,-0.0312580407503938,0.04805007380248678,0.012135100131938203,-0.017205328116874075,0.003095152529947193,0.016006725612974775,0.007431952428994993,0.0769845851515423,0.059288733696709804,-0.02962409219705912,0.08509078637088492
135,0,0.5837091457883566,0.5121043026148253,0.8539607716433173,-0.44538645028532925,0.9176960845958535,-0.6554168560355134,0.8367877381420873,-0.6063755434822937,0.19918256896541653,-0.4136245394661119,0.20434720360299916,0.07374055777264124,-0.4997117476096651,-0.9973433506745855,0.050907146690508234,0.22308904816878403,0.7317780494637447,-0.518079568309508,0.5813455679799028,-0.6965007492533205,0.6268827351162418,-0.4790873956882818,0.44728681596597963,-0.7863744016025108,0.5494381978322023,0.3701842262561902,-0.6774563007920168,-0.6843560137415617,-0.0019165539535876519,0.05880594293933768,0.0789679680244618,0.010903967703628054,0.008008345633565705,-0.00024367670947313957,0.058498115597367416,-0.02243985584210288,-0.04001681403225497,0.02269914152731638,-0.03625956098785136,0.0,0.03808811853907429,-0.10992657144762405
136,0,1.9061313737649301,-0.49990494796913176,0.6632769643401607,-0.6671004602590541,0.03677806488541685,-0.4473169461424858,0.6991451132071095,-0.35102545976179295,0.5993507092879662,-0.479302258606036,0.3347387283376463,1.2595152317068374,-0.03419029879874035,-0.8336529490324286,0.21381423274558992,0.16641045200244378,0.667422264498926,-0.5264392768822882,0.5493121854449117,-0.7227690985349139,0.623441669492868,-0.4670936796347447,0.47129690438525984,-0.7558976354401973,0.5062125142900351,0.4887616936496098,-0.6139761032268909,-0.7491266123223823,0.1629070860550817,-0.05667859616634026,-0.06435578496481859,-0.008359708572780266,-0.03203338253499118,-0.026268349281593422,-0.003441065623373829,0.01199371605353714,0.02401008841928019,0.030476766162313457,-0.04322568354216705,0.11857746739341961,0.06348019756512582,-0.0647705985808206
137,0,0.2578949736782368,0.6868506446826433,-0.480825879478826,-0.6307539012469606,0.3571118902353287,-0.1977919956383142,0.3894492071034154,-0.37423910373636393,0.43928345315821843,-0.779460957482511,0.7884297870033479,0.6666278947397393,-0.37275135247940744,-1.0142768404996474,0.17548315367381495,0.22293709482785565,0.5791273711172433,-0.5344355198649439,0.533295494177416,-0.6574150050532659,0.6165595382461203,-0.45239170511750315,0.5113137184175148,-0.745642693328872,0.46780953097778066,0.4294729599529001,-0.5970480505428576,-0.8387329959799447,-0.03833107907177495,0.056526642825411866,-0.08829489338168277,-0.00799624298265561,-0.01601669126749559,0.06535409348164808,-0.006882131246747669,0.014701974517241489,0.04001681403225497,0.010254942111325249,-0.03840298331225449,-0.05928873369670982,0.01692805268403335,-0.08960638365756224
138,0,1.4078273458317032,-0.5880378857076655,0.5834799362839468,-0.19096053720075742,0.43719534657098574,-0.2518882251421682,-0.29876391757149834,-0.4864383829469223,0.5993507092879662,-0.5830039204059795,0.22756761211739532,0.6666278947397393,-0.880592933000408,-0.48722196969492637,0.3192247001930201,0.2271917883738574,0.6194404151612287,-0.49045618346032355,0.501262111642425,-0.616769729912553,0.47891691331113995,-0.46631989150225894,0.5353238068367949,-0.7406304463418759,0.4104729837999489,0.3701842262561902,-0.6097440900558804,-0.7726218294546415,0.1437415465192051,0.004254693546001753,0.0403130440439854,0.04397933640462032,-0.03203338253499119,0.040645275140712936,-0.1376426249349803,-0.013928186384755787,0.02401008841928019,0.005012246986996138,-0.05733654717783173,-0.05928873369670982,-0.01269603951302276,0.06611116652530322
139,0,0.3728882108934963,-0.16104899769851735,0.41144997969521324,-0.40903989127323576,0.5973622592459417,-0.8986062120932413,0.4582705195708921,-0.39745274771097894,0.519317081224912,-0.8756730548191198,0.8580910125465047,0.6666278947397393,-0.6689922744499986,-0.878808921899227,0.4246351676404284,0.21853044794093246,0.6188186201374123,-0.4988158920330997,0.5092704572759905,-0.6306593023527173,0.47891691331113995,-0.4442669297263989,0.5513305324497698,-0.7132071179992256,0.4290493106114564,0.4887616936496098,-0.5166398002936954,-0.7597805996706442,0.10541046744740837,-0.00866134043292498,-0.0006217950238164627,-0.00835970857277613,0.008008345633565705,-0.013889572440164344,0.0,0.022052961775860025,0.016006725612974775,0.02742332834265022,0.018576326811507414,0.11857746739341961,0.09310428976218493,0.012841229783997377
140,0,-0.4512299891498504,0.6397451089948087,0.42492220521120905,-0.4344824825817136,0.6774457155852405,-0.7967493475320656,1.146483644245806,-0.5715550775203933,0.43928345315821843,-0.6504100005759402,0.13111360751917578,0.07374055777264124,-0.880592933000408,-0.9839376712297594,0.41121928996531476,0.24071563571649768,0.5043047032515446,-0.48282340606778434,0.5413038398109817,-0.6226179709399882,0.5030043726747617,-0.46012958644236895,0.5433271696431003,-0.6988617214502362,0.3893959976099654,0.4887616936496098,-0.5377998661487364,-0.7075690060434014,-0.013415877675113607,0.022185187775565256,-0.11451391688586768,0.01599248596531535,0.032033382534991175,0.008041331412729068,0.024087459363621742,-0.015862656715970036,-0.008003362806669361,0.014345396548989486,-0.039653313001490956,0.0,-0.021160065855040933,0.05221159362724259
141,0,0.7370334620755872,0.6245497749019355,0.48917435767204687,-0.19096053720075742,0.6774457155852405,-0.20753906401741734,0.21739592593467472,-0.6063755434822937,0.1191489408987229,-0.6878578228925618,0.23471235319872846,1.2595152317068374,-1.0075533281306657,-0.7574522448197,0.5300456350878585,0.2583422232642044,0.4747694396203464,-0.4479307094161853,0.5413038398109817,-0.5785612218666069,0.4754758476877662,-0.48721217107939035,0.4953069928041761,-0.6746070549959182,0.34706340670296504,0.6073391610430294,-0.6182081163978956,-0.7374848380676592,0.11882634512254375,0.01762658754770674,-0.029535263631198173,0.03489269665159901,0.0,0.0440567490733813,-0.027528524986995574,-0.027082584637021474,-0.04802017683892433,0.024254666454317887,-0.04233259090700041,0.11857746739341961,-0.08040825024915918,-0.02991583202425773
142,0,0.6412057643959863,-0.6700926898090982,0.7979992195000009,-0.8052173845049764,0.43719534657098574,-0.5447876299331627,0.42385986333715375,-0.36263228174907847,0.3592498250951643,-0.34449009826611454,0.4222618065841677,0.6666278947397393,-0.9229130647105139,-0.027195496114360854,0.5664601602060458,0.2372207088751379,0.46647883930281797,-0.4853676651986321,0.5493121854445474,-0.5444952178817665,0.4823579789345162,-0.48179565415198616,0.45529017877192113,-0.6438422286619374,0.36796177436591204,0.6666278947397393,-0.6012800637138622,-0.668128085992552,0.03641452511818729,-0.021121514389066554,-0.00829060031752844,-0.037436955782446796,0.008008345633565705,0.03406600398484048,0.006882131246750117,0.005416516927404297,-0.040016814032254974,0.030764826333980987,0.02089836766294704,0.059288733696709804,0.016928052684033346,0.06935675207510715
143,0,0.2770605132141134,0.4984285019312705,0.2155845471936058,-0.4671943856926019,0.43719534657098574,-0.6617524504819571,0.04534264476595851,-0.5792929588452943,0.5993507092879662,-0.5616874677026662,0.6884034118644617,0.6666278947397393,-1.0075533281306657,-0.5457836220065508,0.5779594839275936,0.13905885063530993,0.4873089726006092,-0.47046557600367833,0.5413038398106176,-0.5452749833520911,0.4548294539475207,-0.47908739568828623,0.4472868159652517,-0.6133078504652894,0.4745970350050598,0.6666278947397392,-0.6309041559109213,-0.701853953227445,0.011499323721547739,-0.09816185823982797,0.02083013329779131,0.014902089194953788,-0.008008345633929886,-0.0007797654703247114,-0.027528524986995574,0.002708258463699942,-0.008003362806669367,0.030534378196648015,0.10663526063914781,0.0,-0.029624092197059117,-0.0337258672348929
144,0,2.3086077040187742,0.29481102508705886,1.2260014608924426,-0.29273090243458616,0.5172788029102846,-0.3756759935562816,1.0432516755445664,-0.35489440042422143,0.27921619702847067,-0.4683559720827327,0.7009067087568265,0.6666278947397393,-0.16115069392899803,-0.9846432333058015,0.8041128504511332,0.1337404837028129,0.5185023562953117,-0.4533826932679973,0.5092704572756264,-0.5037524720572607,0.49612224142801653,-0.4690281499659633,0.4152733647393022,-0.5843866092299773,0.45905722315312536,0.6666278947397392,-0.6436001954239471,-0.7510316299276988,0.2261533665235398,-0.005318366932497004,0.03119338369470246,0.017082882735681048,-0.03203338253499118,0.041522511294830436,0.04129278748049582,0.010059245722322896,-0.03201345122594955,0.028921241235311944,-0.015539811851934492,0.0,-0.012696039513025767,-0.04917767670025379
145,0,0.7370334620755872,1.0424214624553803,0.7327107419994728,-0.5180795683095163,0.2770284338960298,-0.5028752359031432,0.32062789463591423,-0.5019141455966363,-0.12095194329407902,-0.6331263902759409,0.588377036725544,0.07374055777264124,-1.4307546452315145,-0.6255121365995154,0.8194452820798563,0.1867721996868684,0.5063773533309273,-0.460652005070416,0.445203692205644,-0.4884983100440238,0.44450625707739927,-0.4585820101773976,0.38325991351335265,-0.6063367943109602,0.4974602064653798,0.6666278947397393,-0.736704485186132,-0.7138485085201918,0.015332431628723053,0.0530317159840555,-0.012125002964384447,-0.007269311802418704,-0.06406676506998236,0.015254162013237016,-0.0516159843506173,0.010446139788565744,-0.03201345122594955,-0.021950185080982898,0.03840298331225448,0.0,-0.09310428976218495,0.037183121407507
146,0,0.3728882108934963,0.29329149167777496,0.3813965535441747,-0.4671943856926019,0.5172788029102846,-0.35666921021712805,0.6303238007396083,-0.45161791698502185,0.6793843373546599,-0.9021745906124381,0.8527324567355048,0.6666278947397393,-0.4997117476096651,-1.1589170660886159,0.666120965792713,0.266091843651559,0.47818931225132866,-0.44066139761377077,0.49325376600813076,-0.4794335364514879,0.43762412583064914,-0.4686412558997205,0.391263276320022,-0.6486240275116005,0.5492595793051657,0.6073391610430294,-0.7832566300672246,-0.7463749202258105,-0.15332431628714338,0.07931964396469067,-0.028188041079598603,0.019990607456645222,0.04805007380248678,0.009064773592535774,-0.006882131246750123,-0.01005924572232289,0.008003362806669367,-0.04228723320064021,0.05179937283978585,-0.05928873369670982,-0.04655214488109247,-0.03252641170561873
147,0,0.6603713039318629,-0.5758816184333945,-0.24143479531018416,-0.5544261273216098,0.2770284338960298,-0.8025975885594566,0.59591314450587,-0.5251277895712073,0.27921619702847067,-0.7034130721625769,0.6169560010509717,0.6666278947397393,-0.9652331964205898,-0.5810617258087591,0.7063685988180757,0.13981861733995532,0.5021284206681929,-0.4330286202212356,0.4852454203742009,-0.5399140957436022,0.4582705195708946,-0.4837301244832048,0.3752565507070472,-0.641019238979607,0.5321122007099282,0.6073391610430294,-0.8425048144613427,-0.7030534087567217,0.04024763302536261,-0.1262732263116038,0.023939108416864183,0.007632777392535084,-0.008008345633929886,-0.060480559292114246,0.020646393740245454,-0.015088868583484339,-0.016006725612974775,0.0076047885319934115,-0.017147378595237617,0.0,-0.05924818439411823,0.04332151146908882
148,0,0.31539159228586655,0.10638888233568597,0.6498047388241884,-0.5071756006059006,0.19694497756037277,-0.42441133545162,0.25180658216841306,-0.25430194320099253,0.759417965417714,-0.7080220349092363,0.6884034118644617,-0.5191467791944568,-1.4730747769415904,-0.7983748452302454,0.5971250234634919,0.20926129414429046,0.508760900922217,-0.46465012656175003,0.46122038347313954,-0.5571664067745473,0.5133275695448857,-0.4605164805086118,0.391263276320022,-0.6535210504299328,0.5781957806846347,0.4887616936496098,-0.901752998855461,-0.7341686963102535,-0.10924357535458366,0.06944267680433515,0.006632480254024164,-0.03162150634051432,-0.024025036901061298,-0.017252311030945183,0.05505704997399115,0.02321364397459298,0.01600672561297478,-0.012501811450325685,0.04608357997470665,-0.11857746739341961,-0.05924818439411824,-0.0311152875535319
149,0,0.5070469876448502,0.3479946944120289,0.2943452502101296,-0.4744636974950123,0.6774457155852405,-0.3649542183393391,0.8367877381420873,-0.46322473897230737,0.6793843373546599,-0.5092605164593751,0.6151698157806067,0.6666278947397393,0.1774103597516991,-0.636801129816215,0.6105409011386274,0.2601656633553451,0.4970504279737086,-0.4711925071839277,0.4692287291070694,-0.5038012073991571,0.5511792914020053,-0.4670936796347446,0.4072700019329968,-0.6168797965939583,0.5539036610080449,0.4887616936496098,-0.8171127354352912,-0.7099679171019524,0.013415877675135395,0.05090436921105462,-0.011710472948508365,-0.006542380622177657,0.00800834563392988,0.053365199375390214,0.03785172185711952,-0.0065771991261328435,0.01600672561297478,0.036641253835974476,-0.024292119676589796,0.0,0.08464026342016977,0.024200779208301205
150,0,0.8903577783625998,0.08511541460567722,0.4549756313622476,-0.28909624653338095,-0.043305391453882,-0.5014131756462511,0.4582705195708921,-0.5367346115585367,0.27921619702847067,-0.9211865619424217,0.8062916397067125,0.6666278947397393,-0.11883056221889209,-0.6607902404016985,0.7446996778898723,0.2047026939164319,0.5000557705888126,-0.45665388357909437,0.39715361840315716,-0.47426759021057563,0.4823579789345138,-0.46361163303855896,0.391263276320022,-0.6439574527306064,0.6214214642267986,0.5480504273463196,-0.7409364983571396,-0.6776531740191463,0.13415877675124502,-0.05546296943891316,0.0030053426151038566,0.014538623604833267,-0.07207511070391225,0.02953361718858145,-0.06882131246749139,0.0034820465961856507,-0.016006725612974775,-0.027077656136648143,0.06751780321875367,0.059288733696709804,0.07617623707815159,0.03231474308280609
151,0,0.7561990016114637,1.7672388986844783,0.6549863640226393,-0.5725994068276359,0.43719534657098574,-0.46827314315740687,0.6303238007396083,-0.5289967302336798,0.3592498250951643,-0.6838249804892478,1.3492919618893005,0.6666278947397393,-0.6266721427399228,-0.9507762536557027,0.74661623184346,0.3189716062946862,0.5166369712238718,-0.4948177705417822,0.37312858150173167,-0.5003409981245747,0.5236507664150072,-0.4558737517136976,0.41527336473966614,-0.643554168490275,0.7328794250958558,0.4887616936496098,-0.7028483798180652,-0.6969855749027466,0.0019165539535876519,0.11426891237825428,0.016581200635059246,-0.03816388696268784,-0.024025036901425472,-0.026073407913998953,0.04129278748049335,0.007737881324861395,0.024010088419644138,0.00040328424033140295,0.1114579608690572,-0.05928873369670982,0.03808811853907429,-0.019332400883600276
152,0,-0.1445813565756072,0.888948588117571,0.5938431866808485,-0.7070816751723529,0.5172788029102846,-0.23824232941144155,0.4582705195708921,-0.5483414335458223,0.519317081224912,-0.9183059602257464,0.9491864613337243,0.6666278947397393,-0.6689922744499986,-1.2739236844837636,0.6680375197463007,0.47487573408735306,0.49622136794195654,-0.4850041996085198,0.3811369271356616,-0.46968646807240255,0.5270918320383811,-0.474444666893372,0.4312800903526409,-0.7009357546862381,0.7855718905708114,0.4887616936496098,-0.6774563007920138,-0.8216583937396867,-0.07857871209715936,0.15590412779266694,-0.02041560328191524,0.00981357093326235,0.008008345633929886,0.030654530052172113,0.0034410656233738344,-0.018570915179674387,0.016006725612974775,-0.05738158619596319,0.052692465474955666,0.0,0.025392079026051527,-0.12467281883694029
153,0,-0.5087266077576981,1.2156482711139145,0.7223474916025476,-0.7761401372952933,0.7575291719208976,-0.6890442419433217,1.112072988012043,-0.3897148663861219,0.5993507092879662,-0.7034130721625769,0.6705415591610655,0.6666278947397393,-0.9229130647105139,-0.3708042271476944,0.5894588076491195,0.5465977110056175,0.5468976623828506,-0.515898774768789,0.4131703096706528,-0.4724156472185389,0.6337648663629895,-0.4554868576474547,0.43128009035264087,-0.7151083151322293,0.7837857053004719,0.4887616936496098,-0.6689922744499986,-0.804160454253801,-0.07857871209718115,0.0717219769182644,0.050676294440894186,-0.03089457516026914,0.03203338253499119,-0.0027291791461364623,0.10667303432460844,0.01895780924591724,0.0,-0.014172560445991068,-0.0017861852703396242,0.0,0.008464026342015174,0.017497939485885645
154,0,0.9095233178984764,0.46347923351770687,1.4881916959342916,-0.4344824825817136,0.11686152122107392,-0.5613576461775848,0.9400197068433268,-0.5289967302336798,0.5993507092879662,-0.9160014788524167,-0.008208843567137775,1.2595152317068374,-0.5843520110298168,-1.0227435854121782,0.4495503690370898,0.5634645318486823,0.5731166858870356,-0.5300739327835018,0.3731285815017317,-0.49098381248066936,0.6234416694928655,-0.4728970906284006,0.46329354157859043,-0.7598728658091977,0.7128741500680754,0.5480504273463196,-0.7113124061600805,-0.8079704894644388,-0.13990843861202978,0.0168668208430648,0.026219023504184903,-0.014175158014712747,-0.04004172816892107,-0.018568165262130315,-0.010323196870123962,-0.017410232980945833,0.03201345122594955,-0.0447645506769684,-0.07091155523239642,0.05928873369670982,-0.04232013171008188,-0.0038100352106376746
155,0,1.2161719504729374,0.3631900285049022,0.44564870600503603,-0.7688708254928829,0.8376126282601964,-0.4346457572496872,0.9056090506095885,-0.7030990600430942,0.519317081224912,-0.3663826713127734,0.7312718583525558,0.07374055777264124,-0.880592933000408,-1.098944289624907,0.49746421787682477,0.4955413884536345,0.5444104822875919,-0.5551530585018384,0.42918700093814843,-0.48416086461532365,0.6819397850902329,-0.4930155820730463,0.5273204440304895,-0.7331984939128808,0.7271636322307766,0.5480504273463196,-0.6562962349369699,-0.8553137047669779,0.04791384883973502,-0.06792314339504782,-0.028706203599443682,-0.025079125718336658,0.056058419436416665,0.006822947865345602,0.05849811559736743,-0.02011849144464579,0.0640269024518991,0.026674371896316745,0.014289482162701183,0.0,0.05501617122311066,-0.04734321530253917
156,0,0.8711922388267233,0.27505709076633394,1.4394844190688063,-0.48173300929742274,1.0778629972708094,-0.7494760658935307,1.0776623317783047,-0.5870308401701513,0.6793843373546599,-0.4729649348293922,0.42762036239519924,0.07374055777264124,-0.9229130647105139,-0.9289038292983456,0.5472946206701474,0.49371794836249033,0.6502192688400552,-0.5566069208623204,0.4852454203742009,-0.523441550182964,0.7266736381941026,-0.5065568743915593,0.5273204440304896,-0.6902775283345763,0.6846524227967461,0.4887616936496098,-0.6986163666470546,-0.8323123810879508,0.049830402793322695,-0.0018234400911441018,0.10580878655246315,-0.0014538623604820832,0.05605841943605248,-0.039280685567640264,0.044733853103869646,-0.013541292318512943,0.0,0.04292096557830459,-0.042511209434030556,-0.059288733696709804,-0.042320131710084884,0.02300132367902703
157,0,0.5070469876448502,0.7415538474169319,1.6436404518879588,-0.6889083956663268,1.0778629972708094,-0.7182854470805424,-0.09229998016901934,-0.47870050162206534,0.519317081224912,-0.602015891735963,1.0777918007980065,0.07374055777264124,-1.0498734598407715,-1.2859182397765052,0.5319621890414462,0.625461494947523,0.8387267935598693,-0.5700551476967922,0.5653288767116789,-0.5150103360350726,0.6578523257266137,-0.501914145596645,0.5513305324501336,-0.6801378102919149,0.7307360027714495,0.4294729599529,-0.707080392989073,-0.9027980324847256,-0.01533243162870127,0.13174354658503265,0.1885075247198143,-0.013448226834471699,0.08008345633747796,0.008431214147891419,-0.06882131246748893,0.0046427287949141974,0.024010088419644138,0.010139718042661384,0.046083579974703484,-0.059288733696709804,-0.008464026342018172,-0.07048565139677461
158,0,0.29622605274999,1.2065310706582113,1.1368775074789934,-0.638023213049371,0.7575291719208976,0.003972319808358381,1.008841019310828,-0.3858459257236934,0.5993507092879662,-0.9471119773923945,0.604452704158607,1.8524025686739354,-0.7536325378701804,-0.9507762536557027,0.5300456350878585,0.7354757137797756,0.8874340704253498,-0.5831399089411392,0.6213872961477314,-0.47217197050907467,0.7335557694408552,-0.5150685438489152,0.535323806837159,-0.7040468045402307,0.722340932000864,0.6666278947397392,-0.6351361690819319,-0.9180381733272712,-0.0019165539535876575,0.11001421883225253,0.0487072768654805,-0.013084761244347043,0.056058419436052484,0.04283836552599784,0.0757034437142415,-0.013154398252270088,-0.01600672561297478,-0.02390899424831582,-0.008395070770585478,0.23715493478683922,0.071944223907141,-0.015240140842545736
159,0,1.5419861225830573,-0.0607597926857127,0.028009715009519737,-0.8015827286037712,0.2770284338960298,-0.8118573035195957,0.9056090506095885,-0.5212588489087788,0.6793843373546599,-0.35831698650614546,0.3722486190147405,0.6666278947397393,-1.261474118391181,-0.4244269449270238,0.6335395485816793,0.6946002650700014,0.8608005169052888,-0.6158518120520151,0.5813455679788102,-0.5168622790271004,0.7404379006876052,-0.5208719548425622,0.5353238068371589,-0.6889524515449078,0.6980488123242774,0.6666278947397392,-0.7790246168962199,-0.8968007548383522,0.10349391349382071,-0.04087544870977416,-0.02663355352006098,-0.03271190311087589,-0.04004172816892106,-0.04469030851802566,0.006882131246750123,-0.005803410993647146,0.0,0.015094352995322963,-0.02429211967658662,0.0,-0.14388844781428803,0.021237418488919114
160,0,0.8520266992908466,-0.901061768020454,0.42077690505244836,-0.6452925248518229,0.5973622592459417,-0.3142694627681446,0.6647344569733711,-0.5251277895712073,0.3592498250951643,-0.6244845851259674,0.8348706040321402,0.07374055777264124,-0.37275135247940744,-0.9232593326899833,0.6297064406745039,0.5959825468073883,0.8573806442743089,-0.6514714398838592,0.6454123330487926,-0.49814790773928974,0.7610842944278532,-0.5197112726438294,0.5433271696438283,-0.6592822538632623,0.7009067087568202,0.6073391610430294,-0.8044166959222714,-0.9230476640671806,-0.003833107907175315,-0.09861771826261312,-0.0034198726309799254,-0.03561962783184419,0.06406676506998236,0.01871437128781065,0.020646393740247897,0.001160682198732943,0.008003362806669361,0.029670197681645426,0.0028578964325427724,-0.059288733696709804,-0.025392079026051534,-0.026246909228828476
161,0,-0.010422579824471123,0.6807725110455078,0.02490073989042566,-0.7179856428759686,0.5973622592459417,-0.5179831918906733,0.3550385508696526,-0.4284042730104069,0.8394515934844077,-0.4182335022127714,1.0974398387717361,0.6666278947397393,-0.7959526695802562,-0.9698264297088911,0.5530442825309104,0.4873359080434912,0.7943720818610877,-0.6660100634886926,0.6614290243162882,-0.5031189126126164,0.7335557694408575,-0.5096520269215021,0.5913473464827527,-0.6327231060356147,0.6757214964450637,0.6073391610430294,-0.8213447486063048,-0.9249526816724994,-0.07666215814359348,-0.10864663876389705,-0.06300856241322136,-0.014538623604833267,0.01601669126749559,-0.004971004873326646,-0.027528524986995567,0.010059245722327286,0.04802017683892434,0.02655914782764764,-0.02518521231175643,0.0,-0.016928052684033346,-0.0019050176053188373
162,0,0.06623957831925309,1.8067467673258935,0.5451359098153868,-0.5544261273216098,0.5973622592459417,-0.3142694627681446,0.3894492071034154,-0.46709367963473586,0.43928345315821843,-0.6037442527659472,0.574087554562846,0.07374055777264124,-0.20347082563907387,-1.1314001451229214,0.5741263760203965,0.5791157259643235,0.7895013541745415,-0.6507445087036183,0.6694373699498539,-0.5107216259482866,0.7266736381941099,-0.5015272515303935,0.5833439836760832,-0.6012669352896348,0.638211605767976,0.5480504273463196,-0.7747926037252123,-0.9107003277364152,0.021082093489486028,0.09177981792083224,-0.004870727686546161,0.015265554785074308,0.008008345633565705,-0.0076027133356703054,-0.006882131246747669,0.008124775391108646,-0.008003362806669361,0.031456170745979915,-0.037509890677087834,-0.059288733696709804,0.04655214488109248,0.014252353936084216
163,0,0.29622605274999,0.015216877778549999,0.7182021914437869,-0.6271192453457555,0.5973622592459417,-0.19486787512461873,0.07975330099969687,-0.3897148663861219,0.3592498250951643,-0.8814342582524703,1.1420944705301634,0.6666278947397393,-1.0075533281306657,-1.0671939962029346,0.6546216420711654,0.4590725866307871,0.7890868241586654,-0.6358424195086646,0.6534206786823583,-0.46130398926641636,0.6234416694928753,-0.5015272515303935,0.5593338952568031,-0.6190690538986242,0.6853668969048856,0.5480504273463196,-0.7832566300672275,-0.9803393046419393,0.0804952660507688,-0.12004313933353646,-0.000414530015876069,0.014902089194953783,-0.016016691267495598,0.0494176366818703,-0.1032319687012346,0.0,-0.02401008841928019,-0.017802118608989347,0.04715529113690979,0.0,-0.008464026342015174,-0.06963897690552404
164,0,-0.5278921472935746,0.38142442941630866,0.09018921739097718,-0.5435221596179528,0.43719534657098574,-0.4590134281973564,1.2841262691807838,-0.4903073236093508,0.5993507092879662,-0.4574096855593771,0.4794197352349597,0.6666278947397393,-1.0498734598407715,-0.21840281872223713,0.5108800955519601,0.45086710622064724,0.6492865763043338,-0.6467463872122885,0.6854540612173496,-0.45106956746839355,0.6578523257266211,-0.49765831086796053,0.5593338952568031,-0.5732098745693202,0.7341297547850953,0.4887616936496098,-0.829808774948323,-0.8999052279729453,-0.1437415465192051,-0.00820548041013982,-0.13980024785433143,-0.010903967703623918,0.03203338253499118,0.010234421798022836,0.034410656233745694,0.003868940662432896,0.0,0.04585917932930396,0.048762857880209745,-0.05928873369670982,-0.04655214488109547,0.08043407666899412
165,0,0.6603713039318629,-0.10634579496426341,1.068480054859395,-0.32544280554547445,0.5172788029102846,-0.35520714996023595,0.6991451132071095,-0.6334581281193372,0.9194852215474617,-0.6509861209192858,0.29544265239021883,0.6666278947397393,-1.3884345135214387,-1.4291473412133895,0.4553000308978527,0.4039135238737307,0.7115697111897699,-0.6024035852175476,0.6534206786823583,-0.4431257067394484,0.6372059319863731,-0.4906942176755849,0.5993507092890581,-0.6016702195299715,0.6905468341888616,0.5480504273463196,-0.8805929330004261,-0.9329255331317935,-0.05558006465410744,-0.04695358234691656,0.06228313488543589,0.044342801994740846,-0.03203338253499118,0.007943860728945124,-0.020646393740247904,0.006964093192375698,0.04001681403225497,-0.028460344960651234,-0.0435829205962337,0.059288733696709804,-0.05078415805210307,-0.03302030515884824
166,0,0.8136956202190935,-0.2127131336142381,0.15858667001059923,-0.5871380304324567,0.3571118902353287,-0.5525852846364097,0.8711983943758257,-0.5715550775203933,0.5993507092879662,-0.41477678015275055,0.8205811218694422,0.07374055777264124,-0.8382728012903321,-0.6099897709265377,0.4495503690370898,0.35513650143567344,0.5834799362839491,-0.612944087331051,0.5813455679788102,-0.4234366286137363,0.6165595382461252,-0.48914664141060904,0.5913473464823887,-0.5958514040623072,0.729842910136286,0.5480504273463196,-0.8721289066584079,-0.9010341272946126,-0.005749661860762978,-0.048777022438057205,-0.12808977490582069,-0.010540502113503398,-0.07207511070354806,0.0196890781257121,-0.020646393740247904,0.001547576264975803,-0.008003362806669367,0.0058188154676641676,0.0392960759474243,0.0,0.008464026342018182,0.03189140583718079
167,0,0.43038482950112605,0.878311854252584,1.2508732618450302,-0.47809835339621753,0.3571118902353287,-0.05938362465554607,0.9744303630770652,-0.5406035522209653,0.9995188496141554,-0.7500788199725175,0.9259660528193282,0.07374055777264124,-1.303794250101257,-1.353652199076703,0.4418841532227173,0.36881230211923866,0.5442032172796563,-0.59186308310404,0.5092704572752622,-0.35754644637123667,0.7232325725707336,-0.49533694647049903,0.6393675233213131,-0.6106576968859627,0.7146603353384182,0.5480504273463196,-0.8975209856844565,-0.9078075232246323,-0.007666215814372418,0.01367580068356521,-0.03927671900429286,0.021081004227010924,-0.07207511070354806,0.06589018224249964,0.10667303432460847,-0.00619030505989,0.04802017683892433,-0.014806292823655443,-0.015182574797867832,0.0,-0.025392079026048543,-0.006773395930019776
168,0,1.062847634185707,0.8631165201597453,1.4001040675605563,-0.5580607832228149,0.3571118902353287,-0.33912448713477783,0.6303238007396083,-0.6373270687817657,0.27921619702847067,-0.48391122135269543,0.8438015303838067,1.8524025686739354,-0.6689922744499986,-1.0756607411154655,0.518546311366289,0.3344708470693921,0.5705258732878125,-0.5838668401213845,0.4692287291067053,-0.39185612706555034,0.6853808507136117,-0.5204850607763063,0.6073540720953635,-0.5643376212819928,0.7385952179609381,0.5480504273463196,-0.8890569593424382,-0.9202959719706086,0.07666215814357169,-0.034341455049846606,0.026322656008156288,0.00799624298265561,-0.040041728168556896,-0.03430968069431362,-0.03785172185712197,-0.02514811430580723,-0.03201345122594955,0.046320075603969904,0.02393488262251997,0.0,0.008464026342018172,-0.012488448745976276
169,0,0.6795368434677395,0.2780961575849017,1.3047621639089662,-0.5653300950252255,0.5172788029102846,-0.2976994465237225,0.802377081908349,-0.5057830862590649,0.43928345315821843,-0.4395499549160847,0.40261376861046977,0.6666278947397393,-0.6266721427399228,-0.42583806907910815,0.43230138345475727,0.3683564420964535,0.6982011181777572,-0.5602415767635299,0.49325376600813076,-0.34044034136596296,0.6750576538434878,-0.5189374845113349,0.5833439836757194,-0.5724609181229867,0.7416317329205111,0.5480504273463196,-0.8255767617773124,-0.9204370843858172,-0.0862449279115318,0.03388559502706144,0.12767524488994464,0.023625263357854576,0.02402503690142548,0.051415785699587324,-0.010323196870123952,0.0015475762649713952,-0.024010088419644145,-0.00812329684099392,0.0030365149595729278,0.0,0.06348019756512582,-0.0001411124152084331
170,0,0.7753645411473403,0.8418430524297364,1.490264346013672,-0.44175179438412404,0.3571118902353287,-0.2860029644688519,0.9056090506095885,-0.35489440042422143,0.759417965417714,-0.5369142929393321,0.09181753157174832,1.2595152317068374,-0.6689922744499986,-0.12174081430423575,0.4246351676404066,0.5426469241414725,0.8051498622738794,-0.53988750371676,0.4692287291070694,-0.3376136915360337,0.6991451132071095,-0.5019141455966363,0.6233607977079743,-0.5637038889043231,0.667326425674472,0.6666278947397392,-0.8552008539743715,-0.8402852325472423,-0.00766621581435063,0.17429048204501904,0.10694874409612236,0.020354073046769883,-0.024025036901061298,0.002826649829929273,0.024087459363621742,0.017023338914698587,0.040016814032254974,0.008757029218663526,-0.07430530724603919,0.11857746739341961,-0.02962409219705912,0.08015185183857475
171,0,0.9286888574343529,1.0925660649618172,1.2488006117656498,-0.7506975459868568,0.11686152122107392,-0.5365026218109515,0.5615024882721316,-0.39745274771097894,0.759417965417714,-0.8036580119024996,0.8116501955177441,0.6666278947397393,-0.5843520110298168,-1.1617393143928096,0.518546311366289,0.5838262795331035,0.927539849461402,-0.5431586940278488,0.4211786553045827,-0.3394656345280615,0.7197915069473574,-0.4988189930666935,0.6153574349013049,-0.602246339873296,0.6387474613490728,0.6666278947397392,-0.8340407881193276,-0.8594765210156343,0.09391114372588241,0.04117935539163094,0.1223899871875224,-0.003271190311088823,-0.04805007380248678,-0.001851942992027822,0.020646393740247897,0.003095152529942796,-0.008003362806669367,-0.038542450968972825,-0.028578964325399202,0.0,0.02116006585504394,-0.019191288468391854
172,0,-0.3554022914704675,0.2157952878042284,1.053971504303709,-0.7179856428759686,0.6774457155852405,-0.1763484452043405,0.7335557694408478,-0.24656406187613555,0.8394515934844077,-0.4631708889927277,0.888456162142234,0.6666278947397393,-0.6266721427399228,-1.7163111061632248,0.476382124387317,0.42473113158093695,0.9784234089102342,-0.5595146455832847,0.4291870009385126,-0.32567353277168115,0.7542021631811007,-0.4767660312908334,0.6553742489339238,-0.588189003495974,0.6701843221070114,0.725916628436449,-0.8763609198294123,-0.9179676171196647,-0.042164186978972056,-0.1590951479521665,0.050883559448832216,-0.01635595155543588,0.00800834563392988,0.013792101756380409,0.03441065623374324,0.022052961775860032,0.040016814032618926,0.014057336377321955,0.0314368607579388,0.059288733696709804,-0.04232013171008489,-0.05849109610403034
173,0,0.10457065739100625,0.4011783637370335,0.6135333624349854,-0.41630920307568753,0.2770284338960298,0.006409086903178491,0.802377081908349,-0.3935838070485504,0.6793843373546599,-0.3790573188661132,0.76878174902965,0.6666278947397393,-0.9652331964205898,-0.576122791276439,0.4572165848514186,0.46332728017678526,0.967956526009354,-0.5384336413562778,0.39715361840352137,-0.3055458365689014,0.8264645412719658,-0.4771529253570764,0.6873877001598734,-0.5379513095573383,0.6328530499569601,0.725916628436449,-0.8721289066584049,-0.868860496627015,-0.019165539535898373,0.038596148595848354,-0.010466882900880159,0.021081004227006796,-0.03203338253499118,0.02012769620277972,0.0722623780908652,-0.0003868940662428488,0.032013451225949556,0.05023769393863571,-0.037331272150051345,0.0,0.004232013171007587,0.04910712049264957
174,0,0.20039835507038917,0.6336669753576732,1.0342813285495722,-0.6416578689506176,0.3571118902353287,-0.5603829393396567,0.8367877381420873,-0.6721475347436662,0.3592498250951643,-0.3485229406694809,0.9974134636328182,-0.5191467791944568,-0.4573916158995892,-0.7814413554051834,0.5300456350878149,0.4885515347709218,1.0623657371252135,-0.5482472122895444,0.3891452727699557,-0.3156827876831314,0.7817306881680962,-0.4953369464705079,0.6633776117405932,-0.5270626350683487,0.6846524227967461,0.6073391610430294,-0.8128807222642866,-0.9251643502953095,0.07282905023639638,0.025224254594136457,0.09440921111585951,-0.00981357093326648,-0.008008345633565705,-0.010136951114230025,-0.044733853103869646,-0.018184021113431537,-0.02401008841928019,0.010888674488989619,0.05179937283978586,-0.11857746739341961,0.05924818439411823,-0.056303853668294636
175,0,0.2770605132141134,1.1731013356539315,1.523426747283781,-0.4926369770010384,0.5172788029102846,-0.47802021153651,0.9056090506095885,-0.6141134248071507,0.519317081224912,-0.6250607054692605,0.7884297870033479,0.6666278947397393,-0.8382728012903321,-1.1751449938376357,0.49171455601604,0.6164962478327413,1.1078604063676523,-0.5649666294351008,0.3891452727699557,-0.3279640938407588,0.802377081908344,-0.49340247613928917,0.6233607977083382,-0.5244700935233462,0.733951136258059,0.6073391610430294,-0.757864551041176,-0.8997641155577343,-0.03833107907177495,0.12794471306181948,0.04549466924243861,-0.016719417145556397,0.0,-0.012281306157627403,0.020646393740247904,0.0019344703312186517,-0.04001681403225497,0.0025925415450025247,0.049298713461312905,0.0,0.05501617122311066,0.025400234737575376
176,0,0.8520266992908466,0.6245497749019355,0.6083517372365345,-0.8197560081097972,0.7575291719208976,-0.3142694627681446,0.7679664256746106,-0.6798854160685232,0.8394515934844077,-0.36292594925280497,0.5330052933450852,0.07374055777264124,-0.9229130647105139,-1.1448058245677475,0.49554766392321525,0.7002225386843587,1.1528369130902456,-0.5882284272028349,0.4291870009385126,-0.3041325116539323,0.7920538850382226,-0.5042355099941023,0.6473708861279823,-0.5192850104333516,0.7051935534056233,0.6073391610430294,-0.766328577383194,-0.9532457209218552,0.003833107907175315,0.08372629085161735,0.044976506722593526,-0.02326179776773405,0.040041728168556896,0.023831582186826506,-0.01032319687012151,-0.01083303385481299,0.024010088419644148,0.005185083089994558,-0.028757582852435702,0.0,-0.008464026342018182,-0.05348160536412098
177,0,1.3503307272240734,0.5744051723955331,1.2000933349001646,-0.6780044279626698,0.11686152122107392,-0.1510060674188319,1.112072988012043,-0.45161791698502185,0.27921619702847067,-0.5386426539693163,0.8938147179532655,1.2595152317068374,-0.8382728012903321,-0.9423095087431717,0.5875422536955102,0.6698318704986536,1.147758920395759,-0.60821903465948,0.40516196403708704,-0.3132947559302609,0.8058181475317203,-0.49533694647050786,0.575340620869414,-0.4981413938330316,0.701978419919017,0.725916628436449,-0.7197764325021017,-0.9121114518885021,0.09199458977229473,-0.030390668185705082,-0.005077992694486566,-0.019990607456645226,-0.02402503690142548,-0.009162244276328583,0.01376426249349778,0.00889856352359435,-0.07203026525856847,0.021143616600320114,-0.00321513348660627,0.11857746739341961,0.04655214488109248,0.041134269033353134
178,0,0.43038482950112605,0.9801205926747071,1.0467172290258777,-0.5071756006059006,0.2770284338960298,-0.38639776877331283,0.6303238007396083,-0.6218513061320077,0.8394515934844077,-0.7402847741358529,0.41868943604350106,1.8524025686739354,0.5582915451424421,-1.5166370386428427,0.524295973227052,0.6815322777501497,1.1124202365422913,-0.6031305163977886,0.39715361840315716,-0.31802208409411437,0.8058181475317203,-0.49378937020553204,0.6313641605150077,-0.5237787491113474,0.6594672104849864,0.725916628436449,-0.5970480505428577,-0.9562090816412399,-0.06324628046845808,0.011700407251496181,-0.035338683853467855,0.005088518261691433,-0.008008345633929886,-0.0047273281638535005,0.0,0.001547576264975803,0.0560235396455937,-0.02563735527831575,-0.04251120943403056,0.0,0.12272838195924407,-0.04409762975273772
179,0,1.2928341086164439,0.6199911746740839,1.3182343894249384,-0.5980419981361137,0.43719534657098574,-0.2655341208728062,1.0432516755445664,-0.5908997808325798,0.519317081224912,-0.274203416379531,1.1206602472861322,0.07374055777264124,-0.542031879319741,-0.37785984790814103,0.5856256997419224,0.715721779459068,1.1137674590938884,-0.6064017067088774,0.3891452727692274,-0.3148055515290228,0.8299056068953421,-0.5023010396628835,0.639367523321677,-0.5072440952576919,0.7312718583525527,0.6666278947397392,-0.5885840242008393,-0.9514112595241431,0.06132972651487044,0.03418950170891823,0.001347222551597227,-0.003271190311088823,-0.008008345633929886,0.0032165325650916287,0.024087459363621742,-0.00851166945735149,0.008003362806669361,0.01653465385365537,0.07180464786756624,-0.059288733696709804,0.008464026342018182,0.004797822117096712
180,0,0.6412057643959863,0.7233194465054908,0.7586188679917507,-0.503540944704654,1.0778629972708094,-0.8464593962652435,0.9400197068433268,-0.5135209675839219,0.43928345315821843,-0.553621782895986,0.2615051322537912,0.6666278947397393,-1.0921935915508474,-1.8397844694709036,0.572209822066787,0.7038694188666434,1.0406029112916964,-0.6125806217409304,0.46122038347277544,-0.3708511947086619,0.833346672518716,-0.5181636963788536,0.6073540720957274,-0.5089148442533573,0.748240618420757,0.6073391610430294,-0.6309041559109243,-1.1232156250408099,-0.013415877675135402,-0.01185236059242456,-0.07316454780219213,-0.006178915032053001,0.07207511070354806,-0.05604564317963916,0.003441065623373829,-0.015862656715970043,-0.032013451225949556,-0.0016707489956653832,0.016968760068204285,-0.05928873369670982,-0.04232013171008488,-0.17180436551666678
181,0,-0.1445813565756072,0.4649987669269907,1.0518988542243286,-0.6671004602590541,0.9176960845958535,-0.4361078175064906,1.5938221752844777,-0.7882157546166091,0.43928345315821843,-0.8658790089824553,1.2010385844512887,0.6666278947397393,-1.4730747769415904,-1.5293371560116267,0.46488280066579096,0.6411126890631607,1.0209127355375642,-0.6042209131681502,0.5413038398102533,-0.36081171427821584,0.9365786412199505,-0.5572399970694166,0.5753406208697779,-0.5151369439613529,0.7871794573141113,0.6073391610430294,-0.7197764325021017,-1.1599754092026917,-0.10732702140099601,-0.06275672980348265,-0.019690175754132122,0.008359708572780266,0.08008345633747796,0.010039480430446095,0.1032319687012346,-0.03907630069056302,-0.032013451225949556,-0.006222099707995565,0.03893883889335446,0.0,-0.08887227659117736,-0.036759784161881706
182,0,1.0053510155780772,1.4299024818231478,0.5917705366014682,-0.7652361695916777,0.8376126282601964,-0.2645594140349668,1.1808943004795442,-0.6605407127563366,0.3592498250951643,-0.94768809773574,0.3418834694189794,1.2595152317068374,-1.4307546452315145,-1.1991341044231192,0.6009581313706456,0.7625234084650527,0.9746926387673401,-0.608945965839721,0.5573205310777489,-0.36963281116127844,0.9813124943238203,-0.5986376621574367,0.5273204440308537,-0.5635886648356541,0.7325221880417859,0.6666278947397393,-0.8001846827512609,-1.108257709028681,0.13607533070485447,0.12141071940189194,-0.04622009677022408,-0.004725052671570917,0.016016691267495598,-0.008821096883062629,0.044733853103869646,-0.041397665088020105,-0.04802017683892434,-0.04845172087430123,-0.05465726927232546,0.05928873369670982,-0.08040825024915918,0.05171770017401056
183,0,-0.12541581703973062,0.31760402622631695,0.2549648987018559,-0.8015827286037712,0.5172788029102846,-0.227033200775535,0.42385986333715375,-0.5289967302336798,0.039115312835668756,-0.36695879165611894,0.6223145568619716,0.6666278947397393,-0.7536325378701804,-0.9782931746214221,0.5779594839275718,0.7541659747139811,0.9388357923940273,-0.6474733183925294,0.5813455679791744,-0.3929770399291498,0.9434607724667007,-0.6121789544759496,0.4632935415789544,-0.5623788121146547,0.7178754688250181,0.6666278947397393,-0.7790246168962198,-1.1484747473631793,-0.02299864744307369,-0.008357433751071657,-0.03585684637331295,-0.03852735255280837,0.02402503690142548,-0.023344228767871348,-0.037851721857119526,-0.013541292318512938,-0.06402690245189911,0.001209852720999427,-0.014646719216767846,0.0,0.021160065855040943,-0.040217038334498315
184,0,0.8136956202190935,0.6260693083112193,1.1980206848207842,-0.39450126766841487,0.5973622592459417,-0.5087234769305342,0.32062789463591423,-0.34715651909936446,0.43928345315821843,-0.3963409291661125,1.0420680953912773,0.07374055777264124,-0.6266721427399228,-0.9126759015493259,0.6392892104424421,0.7534062080093357,0.9552097280211485,-0.6227576582643091,0.6053706048802356,-0.3878110936882376,0.8918447881160834,-0.5796798529115195,0.47129690438525984,-0.5671606109643179,0.722340932000864,0.725916628436449,-0.7959526695802532,-1.1615982019775937,0.06132972651487043,-0.0007597667046453926,0.016373935627121194,0.024715660128220275,0.024025036901061298,0.005165946240912244,-0.0516159843506173,0.03249910156443017,0.008003362806305415,-0.0047817988496631604,0.0044654631758459075,0.059288733696709804,-0.016928052684033357,-0.013123454614414243
185,0,0.7370334620755872,1.9298289734779908,1.2861083131945195,-0.6416578689506176,0.9176960845958535,0.10680389120755077,0.802377081908349,-0.4438800356601649,0.3592498250951643,-0.5657203101059802,0.49728158793835603,0.07374055777264124,-1.1345137232609233,-1.034032578628878,0.6852865053285896,0.8290789717917416,0.9314778846122221,-0.637659747459267,0.6454123330487926,-0.3293286834138315,0.8815215912459594,-0.5626565139968209,0.45529017877228506,-0.5612265714279898,0.6932261120943648,0.6666278947397392,-0.8255767617773124,-1.147486960456718,0.04599729488614738,0.07567276378240592,-0.023731843408926156,-0.014902089194957918,0.04004172816855689,0.05848241027440607,-0.010323196870123952,0.017023338914698583,-0.016006725612974775,0.005934039536328028,-0.029114819906499185,-0.059288733696709804,-0.029624092197059117,0.014111241520875773
186,0,0.3728882108934963,-0.29172887089706856,1.4425933941878768,-0.5798687186300463,0.3571118902353287,-0.4736340307659224,0.6991451132071095,-0.5986376621574367,0.27921619702847067,-0.5904934848693143,1.0170615016065478,0.6666278947397393,-0.7536325378701804,-1.271806998255637,0.6373726564888545,0.7374511072118412,1.0149020503073565,-0.613671018511292,0.6053706048802356,-0.34526514021360927,0.8746394599992093,-0.5545317386057123,0.39926663912669136,-0.5839833249896408,0.7416317329205111,0.725916628436449,-0.808648709093279,-1.160187077825507,-0.04791384883973503,-0.09162786457990041,0.08342416569513424,0.02398872894797509,-0.040041728168556896,-0.01593645679977778,-0.006882131246750111,0.008124775391108641,-0.0560235396455937,-0.02275675356165093,0.048405620826146266,0.059288733696709804,0.016928052684033357,-0.012700117368788955
187,0,0.4687159085728792,0.010658277550698383,0.605242762117464,-0.5071756006059006,0.5973622592459417,-0.5696426542997072,1.112072988012043,-0.5560793148706793,0.3592498250951643,-0.28630194358952527,1.0009858341735165,1.2595152317068374,-1.0921935915508474,-1.3035572916776093,0.5492111746237351,0.6810764177273577,0.9554169930290863,-0.5965881357756151,0.6534206786827225,-0.38712879890169677,0.8746394599992093,-0.564977878394278,0.4072700019333607,-0.5587492539516616,0.7523488445425361,0.725916628436449,-0.8340407881193306,-1.1963118561189505,-0.08816148186511943,-0.05637468948448347,-0.05948505727827006,0.01708288273567692,0.04805007380248678,-0.04186365868808752,0.0,-0.010446139788565744,0.008003362806669361,0.025234071037979106,0.0107171116220251,0.0,-0.025392079026051527,-0.03612477829344376
188,0,1.6569793597983167,0.7233194465054908,0.4342491305684206,-0.7470628900856516,0.3571118902353287,-0.4760707978607426,0.9056090506095885,-0.7030990600430942,0.6793843373546599,0.018465718033609295,1.0849365418793713,0.6666278947397393,-1.303794250101257,-0.7814413554051834,0.6718706276534542,0.6553963031104361,0.8941701831833407,-0.6205768647235902,0.6614290243166524,-0.39609610181043975,0.9021679849862073,-0.5731026537853866,0.39126327632038593,-0.4828742047347154,0.8189735551261232,0.6073391610430294,-1.0202493676437006,-1.1227922877951846,0.12265945302971906,-0.025680114616921622,-0.06124680984574571,-0.023988728947975102,0.008008345633929886,-0.008967302908742975,0.027528524986998027,-0.008124775391108651,-0.01600672561297478,0.07587504921694622,0.06662471058358702,-0.11857746739341961,-0.1862085795243699,0.07351956832376592
189,0,0.8136956202190935,0.9892377931304103,0.7016209908087442,-0.4671943856926019,0.43719534657098574,-0.1397969387828367,0.25180658216841306,-0.6489338907690512,0.19918256896541653,-0.28399746221619554,0.7848574164626813,0.07374055777264124,-0.880592933000408,-0.7863802899375036,0.6239567788137191,0.6923209649560687,0.8325088433217213,-0.607492103479239,0.6614290243166524,-0.38352238360144286,0.823023475648592,-0.5789060647790338,0.35924982509443637,-0.48385360931838195,0.7853932720437782,0.6073391610430294,-1.0541054730117672,-1.163644331998121,-0.04791384883973504,0.03692466184563263,-0.061661339861619424,0.013084761244351178,0.0,0.012573718208996951,-0.07914450933761534,-0.00580341099364714,-0.03201345122594955,-0.0009794045836664545,-0.0335802830823451,0.0,-0.0338561053680667,-0.04085204420293626
190,0,0.31539159228586655,0.551612171256275,0.8663966721196229,-0.32544280554547445,0.5973622592459417,-0.4409813516960422,1.1808943004795442,-0.7108369413679512,0.3592498250951643,-0.30128107251614245,1.3635814440519984,0.07374055777264124,-0.9229130647105139,-0.8908034771919687,0.5913753616027072,0.6751502374311471,0.8432866237345085,-0.589682289563321,0.6133789505141656,-0.3429745791445227,0.8471109350122138,-0.5986376621574367,0.35124646228813095,-0.45861953828039753,0.8956009032235988,0.5480504273463196,-1.0371774203277337,-1.0687462327702273,-0.03258141721101197,-0.017170727524921582,0.010777780412787218,0.01780981391591796,-0.04805007380248677,0.040547804456920127,0.024087459363621742,-0.01973159737840293,-0.008003362806305415,0.025234071037984352,0.11020763117982073,-0.059288733696709804,0.016928052684033346,0.09489809922789348
191,0,-0.1445813565756072,0.04864661278282974,0.8156167451747574,-0.7216202987771737,0.9977795409351523,-0.18414609990758754,0.59591314450587,-0.6682785940811937,0.519317081224912,-0.27823625878284497,0.9009594590345987,0.6666278947397393,-0.37275135247940744,-1.1095277207655645,0.5913753616027072,0.6335150220167309,0.8196584128295512,-0.595134273415133,0.6213872961480955,-0.31777840738463237,0.7473200319343529,-0.5866439461038951,0.35924982509480036,-0.3998552632604365,0.86559299068193,0.5480504273463196,-0.9271450778815156,-1.026765289245621,0.0,-0.0416352154144161,-0.023628210904957127,-0.005451983851811959,0.00800834563392988,0.025196171759890307,-0.09979090307786077,0.011993716053541537,0.008003362806669361,0.05876427501996103,-0.030007912541669002,0.0,0.11003234244621829,0.04198094352460622
192,0,0.7753645411473403,0.9193392563032831,1.0850612554944377,-0.40903989127323576,0.9176960845958535,-0.31865564353873216,0.6647344569733711,-0.5251277895712073,0.5993507092879662,-0.5242396453859923,0.711623820378858,0.6666278947397393,-0.4573916158995892,-0.10198507617500517,0.5683767141596335,0.5824586994647445,0.8689874847188485,-0.5595146455832889,0.6293956417816612,-0.3231880303350089,0.6957040475837357,-0.5731026537853823,0.3832599135140805,-0.3575104180254617,0.9025670257779177,0.4887616936496097,-0.829808774948323,-0.9170503864208097,-0.022998647443073682,-0.05105632255198648,0.04932907188929695,0.0356196278318442,0.008008345633565705,-0.0054096229503765355,-0.05161598435061732,0.013541292318512931,0.02401008841928019,0.04234484523497477,0.03697403509598786,-0.05928873369670982,0.09733630293319254,0.1097149028248114
193,0,0.3345571318217431,-0.22334986747922522,1.06122577958154,-0.7288896105795841,0.5172788029102846,-0.3215797640525163,0.9056090506095885,-0.6528028314314797,0.759417965417714,-0.4268753073627448,1.5261243036527081,1.2595152317068374,-0.7959526695802562,-1.6626883883838954,0.6143740090457809,0.5283633100941902,0.9496135728068167,-0.55224533378087,0.6293956417816612,-0.3326426866627071,0.743878966310979,-0.5854832639051623,0.45529017877228506,-0.3635020695961243,0.9929480004569914,0.5480504273463195,-0.8340407881193306,-0.9854899077970571,0.04599729488614738,-0.05409538937055421,0.08062608808796842,0.00726931180241871,0.0,-0.009454656327698133,0.04817491872724348,-0.012380610119779988,0.07203026525820452,-0.005991651570662587,0.09038097467907366,0.05928873369670982,-0.004232013171007587,-0.06843952137624734
194,0,0.8711922388267233,2.139524583959338,1.1648582835506516,-0.4344824825817136,0.9176960845958535,-0.4209998615189605,0.59591314450587,-0.47483156095959284,1.2396197338069572,-0.41938574289941005,0.9027456443049637,0.07374055777264124,-1.3884345135214387,-0.7983748452302454,0.6201236709065439,0.6797088376590021,0.9462973326798035,-0.5562434552722,0.6614290243166524,-0.3238703251215497,0.7714074912979747,-0.598250768091185,0.535323806837159,-0.365806550969454,0.97901575534836,0.5480504273463196,-0.9102170251974823,-0.974059802165149,0.005749661860762978,0.15134552756481184,-0.003316240127013259,-0.0039981214913298755,0.03203338253499118,0.00877236154115737,0.027528524986995574,-0.012767504186022838,0.08003362806487388,-0.002304481373329753,-0.013932245108631358,0.0,-0.07617623707815159,0.01143010563190805
195,0,1.235337490008814,2.0301181784907953,1.377304916687349,-0.6162152776421398,0.5973622592459417,-0.15393018793252738,1.3529475816482603,-0.7688710513044665,0.5993507092879662,-0.756992264092559,0.5955217778069088,0.07374055777264124,-1.261474118391181,-0.6636124887058672,0.6699540736998666,0.6897377581602827,0.9554169930290864,-0.5536991961413522,0.6293956417816612,-0.3499437330355575,0.8264645412719659,-0.6307498696556152,0.5593338952564391,-0.38493374636811195,0.9888397743352153,0.5480504273463196,-0.922913064710508,-0.937017793172848,0.049830402793322695,0.010028920501280458,0.009119660349282955,0.0025442591308477815,-0.03203338253499118,-0.026073407914007817,0.055057049973991135,-0.032499101564430165,0.02401008841928019,-0.01912719539865788,0.009824018986855282,0.0,-0.01269603951302578,0.037042008992301076
196,0,0.6412057643959863,1.0257065949532578,0.932721474659841,-0.7870441049989503,0.6774457155852405,-0.13394869775544574,0.9744303630770652,-0.5676861368579648,1.0795524776772096,-0.5121411181760503,1.183176731747924,0.6666278947397393,-0.41507148418948325,-0.891509039268011,0.6967858290501155,0.8214813047453152,0.9044298010762828,-0.5744167347782426,0.6614290243166524,-0.3159751997345098,0.8539930662589613,-0.6276547171256681,0.639367523321313,-0.37709850969878556,1.0054512973493528,0.5480504273463196,-0.8890569593424382,-0.8989879972740855,0.026831755350249002,0.13174354658503265,-0.05098719195280358,-0.0207175386368904,0.032033382534991175,0.03396853330104767,0.027528524986995574,0.0030951525299471984,0.0800336280648739,0.007835236669326395,0.016611523014137618,0.0,0.03385610536806971,0.03802979589876261
197,0,1.6953104388702878,1.2627538068017492,1.4301574937115948,-0.5217142242107214,0.7575291719208976,-0.5584335256638007,0.8367877381420873,-0.6063755434822937,0.519317081224912,-0.4504962414393879,0.6115974452399401,0.6666278947397393,-0.33043122076933157,-0.8047249039146248,0.8194452820798563,0.9466908576704203,0.9869212742356961,-0.5758705971387247,0.677445715584148,-0.3148542868709192,0.8264645412719658,-0.6326843399868295,0.6553742489342878,-0.3935179394837718,0.9665124584559953,0.4887616936496097,-0.8128807222642866,-0.8491047584977871,0.12265945302974086,0.12520955292510508,0.08249147315941309,-0.0014538623604820832,0.016016691267495598,0.0011209128635906508,-0.027528524986995574,-0.005029622861161443,0.016006725612974775,-0.016419429784986263,-0.03893883889335764,-0.05928873369670982,0.07617623707815158,0.049883238776298446
198,0,0.29622605274999,0.38142442941630866,1.095424505891363,-0.5071756006059006,0.7575291719208976,-0.35130832260861244,1.2841262691807838,-0.45161791698502185,0.6793843373546599,-0.5933740865859896,1.218900437154685,0.6666278947397393,-0.6266721427399228,-1.2993239192213313,0.6833699513750238,0.9125013559615022,1.05303881176799,-0.5518818681907496,0.7174874437527049,-0.3023780393457062,0.8643162631290855,-0.6075362256810223,0.6553742489342879,-0.4547019199457317,0.9799088479835266,0.4887616936496097,-0.7451685115281533,-0.9008930148794019,-0.13607533070483266,-0.03418950170891822,0.06611753753229424,0.023988728947975102,0.040041728168556896,0.012476247525213013,0.037851721857119526,0.025148114305807233,0.0,-0.061183980461959886,0.013396389527531371,0.0,0.06771221073613341,-0.051788256381614786
199,0,0.967019936506324,-0.11850206223853439,0.9731381512078049,-0.5398875037167475,0.3571118902353287,-0.3469221418380249,1.0432516755445664,-0.7379195260049947,0.759417965417714,-0.25346308401951084,0.9491864613337243,1.2595152317068374,-0.9229130647105139,-0.5344946287898513,0.6987023830037467,0.8017273704246076,1.0801905278078963,-0.5591511799931641,0.7094790981191392,-0.32309055965122496,0.9434607724667007,-0.6164347892046166,0.7113977885795175,-0.45164848212606323,0.9963417524706308,0.6073391610430294,-0.7494005246991639,-0.8757044487646365,0.015332431628723053,-0.11077398553689446,0.02715171603990607,-0.007269311802414563,-0.008008345633565705,-0.02071252030551882,0.07914450933761534,-0.00889856352359435,0.05602353964522975,0.00305343781966847,0.016432904487104306,0.11857746739341961,-0.004232013171010596,0.02518856611476523
200,0,1.1011787132574602,0.04256847914569425,1.4177215932352891,-0.6234845894445502,0.2770284338960298,-0.24019174308729763,0.7335557694408478,-0.41679745102312143,0.3592498250951643,-0.28457358255948867,1.1510253968818616,1.2595152317068374,-0.6266721427399228,-1.5632041356617254,0.777281095100906,0.7508230012135495,1.1353230199194628,-0.5889553583830718,0.677445715584148,-0.30301159879035056,0.8987269193628311,-0.5870308401701336,0.7113977885795175,-0.4499777331303978,0.9750861477536172,0.7259166284364491,-0.7197764325021047,-0.9429445146116121,0.07857871209715936,-0.05090436921105808,0.05513249211156662,-0.029804178389907576,-0.03203338253499118,0.020078960860874455,-0.044733853103869646,0.029403949034482974,0.0,0.0016707489956653775,-0.02125560471701369,0.11857746739341961,0.029624092197059117,-0.06724006584697567
201,0,0.967019936506324,2.179032452600753,0.840488546127345,-0.4890023210998332,0.2770284338960298,-0.013085049855027788,1.4561795503494999,-0.7185748226928081,0.519317081224912,-0.2943676283961532,0.6687553738907321,0.6666278947397393,-1.4730747769415904,-1.340246519631877,0.8884412244090992,0.9638615851953419,1.1378102000147217,-0.5656935606153376,0.6053706048802358,-0.28590549378509456,0.9847535599471942,-0.5920604630312951,0.7113977885795175,-0.4515908700917287,0.9518657392392305,0.7259166284364491,-0.829808774948323,-0.9660163944982434,0.11116012930819312,0.21303858398179237,0.0024871800952587673,0.02326179776773405,-0.07207511070391225,0.017106105005255976,0.08602664058436299,-0.005029622861161443,0.0,-0.0016131369613308244,-0.02322040851438666,0.0,-0.11003234244621829,-0.02307187988663124
202,0,0.008742959711623347,1.6456762259416304,0.9430847250567663,-0.49990628880344884,0.6774457155852405,-0.35666921021712805,0.9744303630770652,-0.5986376621574367,0.759417965417714,-0.4539529634994087,1.3064235154012065,0.6666278947397393,-1.8962760940424392,-1.76852269979047,0.8117790662655275,1.0364952821591766,1.1236125469709544,-0.574780200368359,0.5813455679791744,-0.28970685045293415,1.0157231505575635,-0.5994114502899179,0.7274045141924923,-0.44456220190307033,1.0113457087414655,0.7259166284364491,-0.973697222762608,-1.13267015685979,-0.0766621581435717,0.07263369696383473,-0.014197653043767133,-0.009086639753021309,-0.0240250369010613,-0.0038013566678395893,0.030969590610369413,-0.007350987258622943,0.01600672561297478,0.00702866818865836,0.05947996950223485,0.0,-0.143888447814285,-0.16665376236154647
203,0,1.4078273458317032,1.8994383052922788,1.4508839945053982,-0.4671943856926019,0.6774457155852405,-0.3654415717583031,0.49268117580463044,-0.5328656708961083,1.2396197338069572,0.11467781537021807,1.2010385844512887,-0.5191467791944568,-1.7269955672021058,-0.3919710894290093,0.9191060876665235,1.2487740994363272,1.1625783684633402,-0.5486106778796608,0.5973622592466701,-0.2940930312235128,0.9744303630770677,-0.5874177342363809,0.7754246910314166,-0.39040688962977405,0.9788371368213236,0.5480504273463195,-1.066801512524793,-1.0055984269643012,0.10732702140099601,0.21227881727715042,0.03896582149238581,0.02616952248869822,0.016016691267495588,-0.004386180770578679,-0.04129278748049581,0.01199371605353714,0.048020176838924324,0.054155312273296285,-0.032508571920141935,-0.17786620109012943,-0.09310428976218496,0.1270717298954886
204,0,1.9636279923727777,2.141044117368622,0.8985227483500418,-0.6889083956663268,0.8376126282601964,-0.35715656363609205,1.4905902065832384,-0.37423910373636393,0.9995188496141554,-0.3756005968060924,1.2599826983724458,0.6666278947397393,-1.1345137232609233,-0.4328936898395548,1.028349663021129,1.2489260527772554,1.1359448149432794,-0.574053269188122,0.5893539136131043,-0.28770870143522603,1.0638980692848046,-0.577358488514058,0.7514146026121364,-0.3860283750204423,1.0145608422280716,0.6073391610430294,-1.0414094334987414,-0.9690503114252322,0.10924357535460545,0.0001519533409283902,-0.02663355352006098,-0.025442591308461316,-0.008008345633565705,0.006384329788286847,0.08946770620773684,0.01005924572232289,-0.024010088419280186,0.004378514609331763,0.035723705406748206,0.059288733696709804,0.02539207902605154,0.03654811553906906
205,0,0.7561990016114637,1.2475584727089104,1.9773371146685004,-0.736158922382036,0.7575291719208976,-0.17927256571812464,0.6647344569733711,-0.7959536359414661,0.6793843373546599,-0.43494099216942517,1.154597767422528,0.6666278947397393,-1.6423553037819238,-1.91527961160759,0.9804358141813939,1.170670082199067,1.1959480347413944,-0.5860476336621117,0.6053706048805999,-0.2902429392137857,0.9950767568173156,-0.5800667469777581,0.7594179654188058,-0.3538232478281289,1.0704684411896337,0.6666278947397393,-1.0794975520378158,-1.0942170237154045,-0.04791384883973504,-0.07825597057818849,0.06000321979811514,-0.011994364473989615,0.016016691267495598,-0.0025342377785597253,-0.06882131246748893,-0.002708258463699953,0.008003362806669367,0.03220512719231339,0.05590759896156192,0.059288733696709804,-0.038088118539074275,-0.1251667122901723
206,0,1.4653239644395508,0.794737516741902,1.096460830931053,-0.7725054813940881,0.6774457155852405,0.13604509634477152,0.8711983943758257,-0.5792929588452943,0.8394515934844077,-0.8347685104424775,1.37429855567403,0.07374055777264124,-1.7693156989121817,-0.9204370843858146,1.0628476341857502,1.1475731743779314,1.2123219703685157,-0.5845937713016255,0.6053706048805999,-0.263243559803764,0.9847535599471916,-0.581227429176491,0.7354078769995256,-0.3860859870547716,1.089580623582244,0.6073391610430294,-1.2149219735100856,-1.0971098282271847,0.08241182000435646,-0.023096907821135583,0.016373935627121205,0.0014538623604862134,0.0,0.02699937941002173,-0.010323196870123952,-0.001160682198732954,-0.024010088419280196,-0.03226273922664271,0.01911218239261059,-0.059288733696709804,-0.13542442147226982,-0.002892804511780367
207,0,0.7370334620755872,1.796110033460872,1.1855847843444787,-0.7834094490977451,0.5172788029102846,-0.09398571740128243,1.112072988012043,-0.6102444841447222,0.5993507092879662,-0.6901623042658915,0.8491600861948382,0.6666278947397393,-1.8116358306222875,-1.2358233323773866,0.9670199365062804,1.2009087970438437,1.1878646994318038,-0.6107632937903278,0.5813455679795385,-0.21679877897751215,1.0122820849341871,-0.5816143232427338,0.743411239805831,-0.410052593337422,1.1133368876777339,0.6073391610430294,-1.363042434495381,-1.1402196710734611,-0.09582769767947005,0.053335622665912276,-0.024457270936711618,-0.026169522488702367,-0.0240250369010613,0.04644478082625182,0.027528524986995574,-0.0003868940662428488,0.008003362806305415,-0.023966606282650366,0.02375626409548981,0.0,-0.14812046098529558,-0.04310984284627618
208,0,0.5837091457883566,0.6093544408090967,1.9099759870885686,-0.7797747931965399,0.8376126282601964,0.14676687156171406,1.4217688941157616,-0.7069680007055227,1.0795524776772096,-0.5305769691626884,0.9366831644413596,0.6666278947397393,-1.0921935915508474,-1.487708993525039,0.9957682458101171,1.2237017981831224,1.2693198475515246,-0.6380232130493918,0.5893539136134684,-0.1669912595604795,1.0260463474276849,-0.6071493316147839,0.783428053838086,-0.4037728815950919,1.0851151604064015,0.6073391610430294,-1.4095945793764737,-1.1590581785038316,0.028748309303836667,0.022793001139278807,0.08145514811972057,-0.027259919259063924,0.00800834563392988,0.04980751941703265,0.01376426249349778,-0.025535008372050083,0.040016814032254974,0.006279711742330119,-0.028221727271332542,0.0,-0.04655214488109246,-0.018838507430370764
209,0,1.062847634185707,1.7490044977730372,1.4280848436322144,-0.8561025671218908,0.7575291719208976,-0.12371427595737858,0.9744303630770652,-0.7263127040177091,0.5993507092879662,-0.5323053301926726,0.888456162142234,1.2595152317068374,-1.0921935915508474,-0.8978590979524154,1.0053510155780554,1.4104524541842796,1.3148145167939655,-0.6696447193899061,0.6293956417820253,-0.14467047297241487,1.019164216180935,-0.6059886494160553,0.7674213282251112,-0.431657106212408,1.0790421304872526,0.6073391610430294,-1.426522632060507,-1.195394625420088,0.009582769767938292,0.18675065600115717,0.04549466924244096,-0.031621506340514326,0.040041728168556896,0.02232078658806463,-0.006882131246750123,0.0011606821987285576,-0.01600672561297478,-0.027884224617316173,-0.006073029919149031,0.0,-0.016928052684033346,-0.036336446916256405
210,0,1.7144759784061643,0.9831596594932748,1.2011296599398549,-0.590772686333662,0.5172788029102846,-0.40637925895039445,1.9035180813881962,-0.7030990600430942,0.759417965417714,-0.5737859949126605,1.2492655867504143,1.2595152317068374,-0.6689922744499986,-0.805430465990667,1.0666807420929256,1.5045115722190379,1.2931553234644222,-0.6663735290788173,0.6534206786834508,-0.16128922455872458,1.1361604473756697,-0.6346188103180526,0.8074381422573662,-0.4605783474477252,1.0888661494741079,0.6073391610430294,-1.4307546452315143,-1.1196172584529824,0.06132972651487041,0.09405911803475805,-0.021659193329543424,0.003271190311088823,0.02402503690142548,-0.016618751586309682,0.11699623119473483,-0.028630160901997277,0.040016814032254974,-0.02892124123531718,0.009824018986855277,0.0,-0.004232013171007587,0.07577736696710584
211,0,0.3920537504293729,1.1123199992825077,1.1710762337888163,-0.6598311484566437,0.43719534657098574,0.06099266982590785,1.2841262691807838,-0.6063755434822937,0.27921619702847067,-0.32144528453281707,1.4207393727028221,1.2595152317068374,-1.261474118391181,-1.1532725694802786,1.0091841234852308,1.3978403268872133,1.3262140922305692,-0.6834564118144983,0.6694373699509464,-0.15388145259063096,1.118955119258798,-0.6233988823970011,0.7834280538377221,-0.4632861130613916,1.1640645493553168,0.6666278947397392,-1.4095945793764735,-1.1009198634378226,-0.0574966186076951,-0.10667124533182455,0.03305876876614713,-0.017082882735681048,0.01601669126749559,0.007407771968093564,-0.01720532811687161,0.011219927921051443,-0.024010088419644138,-0.002707765613666385,0.075198399881209,0.05928873369670982,0.021160065855040933,0.018697395015159834
212,0,1.3503307272240734,1.0545777297296859,1.2508732618450302,-0.6998123633699425,0.6774457155852405,-0.12079015544368309,1.2153049567132825,-0.7224437633552806,0.3592498250951643,-0.41477678015275055,0.8384429745728068,0.6666278947397393,-1.303794250101257,-1.1441002624917054,1.1433429002364757,1.3387304772660187,1.3569929459093957,-0.7034470192711477,0.6694373699509465,-0.1302935471132865,1.1430425786224199,-0.6357794925167854,0.7434112398054672,-0.4593684947267258,1.1172664952724767,0.6666278947397392,-1.3503463949823553,-1.0384776197079462,0.13415877675124502,-0.059109849621194456,0.03077885367882639,-0.01999060745664936,0.0,0.023587905477344497,0.024087459363621732,-0.012380610119784386,-0.040016814032254974,0.003917618334665818,-0.04679805408283997,0.0,0.05924818439411823,0.06244224372987646
213,0,1.1778408714009665,0.890468121526855,1.2104565852970663,-0.7834094490977451,0.9176960845958535,0.32123939554702197,0.9056090506095885,-0.6644096534187652,0.6793843373546599,-0.16934951389289635,1.3903742231070613,1.2595152317068374,-1.4730747769415904,-0.7003017166601597,1.120344252793402,1.2378334588894764,1.3329502049885626,-0.735068525611662,0.6934624068520078,-0.06162545038275398,1.1843353661029155,-0.6489338907690512,0.6873877001602373,-0.48777122765303726,1.1362000591380539,0.8444940958298686,-1.3249543159563038,-1.0693106824310612,-0.022998647443073672,-0.10089701837654239,-0.024042740920833184,-0.03162150634051432,0.0240250369010613,0.06866809673053251,0.04129278748049581,-0.013154398252265697,-0.056023539645229735,-0.02840273292631144,0.018933563865577253,0.17786620109012943,0.02539207902605154,-0.03083306272311504
214,0,1.1395097923292132,0.6351865087669571,1.6871661035549932,-0.601676654037319,0.5172788029102846,0.16333688780613623,1.5938221752844777,-0.8578566865403661,1.0795524776772096,-0.5709053931959852,0.918821311737995,1.8524025686739354,-1.3884345135214387,-0.6650236128579515,1.0379324327890456,1.0872476980293098,1.4118145405090574,-0.7263453514487612,0.6614290243170166,-0.00957610523853115,1.1946585629730395,-0.6972956490494514,0.6953910629665427,-0.5073017072920265,1.102083920474609,0.9630715632232884,-1.3503463949823553,-1.0925236747329008,-0.08241182000435646,-0.15058576086016648,0.07886433552049514,0.008723174162900782,-0.03203338253499118,0.052049345144222825,0.01032319687012393,-0.048361758280400215,0.008003362806305425,-0.019530479638989278,-0.03411613866344508,0.11857746739341961,-0.02539207902605154,-0.023212992301839673
215,0,1.0436820946498304,0.5045066355684059,1.7275827801029333,-0.4890023210998332,0.6774457155852405,-0.03696536738373296,1.2497156129470453,-0.5638171961955363,0.9194852215474617,-0.11980316436628052,1.3528643324299987,1.2595152317068374,-1.980916357462621,-0.9740598021651441,1.0666807420928823,1.0129425143152593,1.3868391070525008,-0.701629691320541,0.6534206786834508,0.004654614594908018,1.253156678570407,-0.6740820050748584,0.7194011513858231,-0.47578792451171203,1.121910576975356,1.022360296919998,-1.384202500350425,-0.9984016937886562,0.02874830930383667,-0.07430518371405045,-0.024975433456556707,0.024715660128220275,-0.008008345633565717,0.014230719833439168,0.058498115597367416,0.02321364397459298,0.024010088419280186,0.03151378278031446,0.019826656500747063,0.05928873369670982,-0.03385610536806971,0.0941219809442446
216,0,1.0820131737215835,1.1731013356539315,1.128586907161472,-0.6671004602590541,0.5973622592459417,0.11460154591079781,0.9056090506095885,-0.6373270687817657,0.759417965417714,-0.21025405826953872,1.4368150401358535,1.8524025686739354,-1.261474118391181,-1.241467828985749,1.0283496630210853,1.0507788962064624,1.390051714675543,-0.6910891892070375,0.645412333049521,0.002510259551510648,1.2565977441937832,-0.6798854160685055,0.7113977885791536,-0.4133364792944181,1.1281622254215384,1.2002264980101274,-1.3334183422983252,-1.0305047682486497,-0.03833107907179674,0.037836381891202954,0.0032126076230418964,0.010540502113503403,-0.00800834563392988,-0.002144355043397371,0.0034410656233762825,-0.00580341099364714,-0.008003362806669367,0.06245144521729388,0.006251648446182356,0.1778662010901294,0.050784158052100056,-0.03210307445999344
217,0,0.6220402248601098,1.1867771363374864,0.6207876377128165,-0.5362528478155424,0.5172788029102846,-0.2601732332643793,1.4217688941157616,-0.8772013898525525,0.8394515934844077,0.020770199406939048,1.0134891310658813,0.07374055777264124,-1.6423553037819238,-1.1398668900354525,1.0168503392995376,0.9898456064941238,1.3335720000123765,-0.6663735290788173,0.645412333049521,-0.014108492034799039,1.287567334804155,-0.7065811066392886,0.7354078769987977,-0.34224322892713505,1.1445951299086425,1.1409377643134175,-1.3164902896142885,-1.0209091240144563,-0.011499323721547739,-0.06093328971233856,-0.05647971466316622,0.024715660128220275,0.0,-0.01661875158630969,0.030969590610371855,-0.026695690570783026,0.024010088419644148,0.07109325036728306,0.016432904487104317,-0.059288733696709804,0.016928052684036365,0.009595644234193412
218,0,0.6795368434677395,0.732436646961194,0.7741637435871034,-0.590772686333662,0.5973622592459417,0.0034849663893943596,1.9035180813881962,-0.5754240181828657,1.0795524776772096,0.26792582669682985,1.1778181759369242,1.2595152317068374,-0.7959526695802562,-0.13302980752093538,1.026433109067476,1.0021538271093335,1.2199907756622301,-0.6474733183925294,0.6213872961480955,-0.028436682552031006,1.3357422535313987,-0.6934267083870228,0.7354078769987977,-0.2623929493411833,1.1687086310581993,1.2002264980101276,-1.2868661974172295,-0.8854412054140457,0.009582769767938282,0.01230822061520973,-0.11358122435014653,0.018900210686287788,-0.02402503690142548,-0.01432819051723197,0.048174918727243464,0.013154398252265697,0.0,0.07985027958595182,0.02411350114955646,0.05928873369670982,0.029624092197059117,0.13546791860041035
219,0,0.7178679225397105,1.3493672111310335,2.155585021495375,-0.5398875037167475,0.6774457155852405,0.002510259551554965,1.4561795503494999,-0.81142939859118,0.6793843373546599,-0.4199618632427556,1.0349233543099123,0.6666278947397393,-0.880592933000408,-1.1215222760583061,0.9919351379028765,0.9621900984451331,1.2927407934485462,-0.6158518120520151,0.6133789505145297,-0.015814229001137655,1.383917172258642,-0.70193837784437,0.7434112398054672,-0.25115860264619155,1.183355350274967,1.1409377643134175,-1.2657061315621856,-0.9078075232246349,-0.03449797116459964,-0.03996372866420037,0.07275001778631607,0.031621506340514326,-0.008008345633565717,0.012622453550893354,0.048174918727243464,-0.008511669457347094,0.008003362806669367,0.011234346694991699,0.014646719216767834,-0.05928873369670982,0.02116006585504394,-0.022366317810589075
220,0,1.6186482807265636,0.03041221187142327,1.8768135858184596,-0.547156815519158,0.7575291719208976,-0.2933132657532236,0.9744303630770652,-0.7224437633552806,1.0795524776772096,-0.2805407401561747,0.7062652645678263,1.2595152317068374,-0.9652331964205898,-1.2019563527272878,0.9823523681349162,0.866915353682948,1.3603091860364065,-0.6114902249705647,0.6374039874155911,-0.004507629681420569,1.291008400427529,-0.7038728481755886,0.7754246910314168,-0.221834077170543,1.129055318056708,1.1409377643134175,-1.2953302237592448,-0.947460111898297,-0.009582769767960065,-0.09527474476218514,0.06756839258786047,0.004361587081450402,0.0240250369010613,0.011306599319717087,-0.0929087718311131,-0.0019344703312186406,0.03201345122594956,0.029324525475648577,-0.0543000322182588,0.0,-0.029624092197059117,-0.03965258867366208
221,0,1.503655043511304,0.7081241124126522,1.8177430585560725,-0.6416578689506176,1.0778629972708094,0.17015983567145523,1.0776623317783047,-0.6992301193806657,0.6793843373546599,-0.5190545622960396,1.9798153623184416,1.2595152317068374,-1.0921935915508474,-0.6276288228276419,1.0935124974431094,0.8264957649959624,1.4249758685131322,-0.6096728970199622,0.7014707524855734,0.00640908690313417,1.270362006687281,-0.7131583057654258,0.8154415050640356,-0.24159500494686523,1.1849629170182703,1.1409377643134175,-1.2784021710752114,-0.8948957372330334,0.11116012930819312,-0.04041958868698555,0.06466668247672562,0.0018173279506026097,0.06406676506998236,0.01091671658455474,-0.020646393740247904,-0.009285457589837199,0.04001681403261892,-0.019760927776322258,0.055907598961561944,0.0,0.016928052684033367,0.05256437466526367
222,0,2.040290150516284,0.9117415892568637,1.134804857399613,-0.827025319912249,0.5973622592459417,-0.18219668623182012,0.9744303630770652,-0.7224437633552806,0.3592498250951643,-0.19988389208958104,1.2832031068868102,1.2595152317068374,-1.68467543549203,-1.8524845868396875,1.1625084397723306,0.8122121509486803,1.4133690280685904,-0.6223941926741927,0.6934624068516435,0.00026843382432046594,1.2462745473236594,-0.7131583057654258,0.8154415050640356,-0.22010571614054827,1.2294389302496704,1.2002264980101276,-1.3164902896142887,-0.9657341696678315,0.06899594232922106,-0.014283614047282223,-0.011606840444541721,-0.012721295654230658,-0.00800834563392988,-0.006140653078813703,-0.024087459363621732,0.0,0.0,0.02148928880631695,0.04447601323140034,0.05928873369670982,-0.0380881185390773,-0.07083843243479822
223,0,1.6378138202624402,1.2019724704303596,1.5068455466487383,-0.8015827286037712,0.6774457155852405,-0.14467047297238828,1.318536925414522,-0.5483414335458223,1.3996869899403446,-0.41650514118273474,1.1921076580996224,0.6666278947397393,-1.6423553037819238,-0.7849691657854193,1.2085057346584778,0.8433625858390308,1.4430079242037575,-0.6242115206247953,0.6694373699505822,-0.046322553027620554,1.2875673348041528,-0.7015514837781315,0.8874717703226042,-0.24482127886953214,1.2096122737489265,1.1409377643134175,-1.333418342298322,-0.9742009145803575,0.045997294886147365,0.031150434890350465,0.02963889613516719,-0.0018173279506026097,-0.0240250369010613,-0.046590986851941026,0.04129278748049335,0.011606821987294291,0.07203026525856847,-0.02471556272898384,-0.01982665650074389,-0.05928873369670982,-0.016928052684033346,-0.00846674491252596
224,0,0.2770605132141134,0.5348973037541179,1.4830100707358407,-0.797948072702566,0.5172788029102846,-0.14954400716193983,1.5594115190507394,-0.7108369413679512,0.519317081224912,-0.39806929019609677,0.6419625948356694,1.8524025686739354,-1.7269955672021058,-0.18524140114818047,1.122260806746968,0.8333336653377467,1.4225923209218425,-0.64383866249132,0.6694373699505822,-0.07761064252442816,1.2841262691807789,-0.6868495092608901,0.8314482306773744,-0.22753766856954324,1.1819264020586941,1.1409377643134178,-1.3672744476663887,-0.9262226934093803,-0.08624492791150998,-0.010028920501283923,-0.020415603281915252,-0.0196271418665247,0.0,-0.0312880894968076,-0.003441065623373829,0.014701974517241489,-0.056023539645229756,0.017283610299988844,-0.027685871690232556,0.0,-0.03385610536806671,0.04797822117097711
225,0,0.5837091457883566,1.1715818022446476,1.4021767176399367,-0.754332201888062,0.9977795409351523,-0.10568219945615301,1.2497156129470453,-0.8772013898525525,0.9194852215474617,-0.14688082050294438,1.3117820712122379,0.6666278947397393,-1.1345137232609233,-1.7657004514863013,1.0762635118608204,0.900041182005371,1.390051714675543,-0.670371650570143,0.7014707524855733,-0.08448232573167017,1.2841262691807787,-0.7181879286265916,0.8314482306773744,-0.2302454341832097,1.177818175936918,1.081649030616708,-1.2826341842462188,-1.0053867583414962,-0.04599729488614738,0.06670751666762417,-0.03254060624629966,-0.026532988078822883,0.03203338253499118,-0.006871683207242005,0.0,-0.03133841936570162,0.0,-0.002707765613666385,-0.004108226121776082,-0.05928873369670982,0.08464026342016977,-0.07916406493211572
226,0,1.331165187688197,0.6275888417205377,1.6156596758163007,-0.754332201888062,0.3571118902353287,-0.011622989598135722,1.4905902065832384,-0.8462498645530805,0.9995188496141554,-0.10309567440962673,1.5064762656790103,1.2595152317068374,-1.5153949086516962,-1.6887941851975306,1.101178713257482,0.8454899326120315,1.4387589915410257,-0.6790948247330437,0.677445715584512,-0.09710477928256353,1.3426243847781438,-0.7390802082037231,0.8554583190970184,-0.21952959579721845,1.1847842984912336,1.022360296919998,-1.3080262632722703,-1.0501193939626743,0.024915201396661348,-0.05455124939333937,0.04870727686548286,-0.008723174162900794,-0.024025036901061298,-0.012622453550893354,0.05849811559736499,-0.020892279577131478,0.024010088419644138,0.0107158383859912,0.006966122554315679,-0.0592887336967098,-0.025392079026051517,-0.04473263562117815
227,0,1.4461584249036743,1.097124665189669,2.1224226202252425,-0.8524679112206855,1.1579464536101083,-0.14710724006720838,1.112072988012043,-0.8075604579287515,0.8394515934844077,-0.2632571298561754,1.6136473818992614,1.2595152317068374,-1.1768338549709991,-1.487708993525039,1.1835905332618384,0.8365246854972497,1.5889224897922682,-0.710716331073558,0.7415124806544945,-0.08579817996284643,1.3116547941677719,-0.732116115011343,0.8554583190970184,-0.2479323287235299,1.2448001235745716,1.1409377643134175,-1.261474118391178,-1.084903604311633,0.08241182000435646,-0.00896524711478175,0.1501634982512426,-0.03162150634051432,0.06406676506998236,0.011306599319717092,-0.030969590610371855,0.006964093192380094,0.0,-0.02840273292631144,0.060015825083338005,0.11857746739341961,0.04655214488109247,-0.03478421034895864
228,0,-0.12541581703973062,0.5561707714841267,1.713074229547271,-0.725254954678379,0.7575291719208976,-0.01795858404449071,1.6282328315182406,-0.6682785940811937,0.759417965417714,-0.2891825453061482,1.6368677904136257,1.2595152317068374,-1.0498734598407715,-1.6415215261025806,1.1030952672110912,0.8188980979495432,1.6828135383882852,-0.7241645579080298,0.7575291719219901,-0.08794253500623493,1.2841262691807764,-0.7414015726011758,0.823444867871069,-0.3036431659238277,1.2907050850222417,1.1409377643134178,-1.2868661974172295,-1.2357527761697975,-0.080495266050747,-0.01762658754770673,0.09389104859601675,-0.013448226834471699,0.016016691267495598,-0.002144355043388507,-0.02752852498699556,-0.009285457589832801,-0.03201345122594956,-0.055710837200297805,0.04590496144767016,0.0,-0.025392079026051527,-0.15084917185816454
229,0,1.503655043511304,0.6245497749019355,1.6933840537931342,-0.7216202987771737,0.5172788029102846,0.2154837036341341,1.3529475816482603,-0.8075604579287515,1.0795524776772096,-0.35370802375948596,0.9974134636328182,0.6666278947397393,-1.303794250101257,-0.7715634863405681,1.1816739793082507,0.7464163543266333,1.6365934416180608,-0.7423378374140724,0.7415124806544945,-0.06664519059797702,1.2738030723106522,-0.741014678534933,0.8634616819033238,-0.29701778197550077,1.2869540959545323,1.1409377643134175,-1.3291863291273143,-1.2007568971980236,0.07857871209715936,-0.0724817436229098,-0.046220096770224095,-0.018173279506042618,-0.016016691267495588,0.021297344408257916,-0.010323196870123952,0.0003868940662428488,0.040016814032254974,0.006625383948326962,-0.0037509890677094094,0.0,-0.0423201317100849,0.034995878971773794
230,0,1.1011787132574602,2.1243292498664994,1.377304916687349,-0.8342946317146595,1.2380299099457652,-0.2552996990748277,1.2841262691807838,-0.881070330514981,0.6793843373546599,-0.320293043846126,1.295706403779175,1.8524025686739354,-0.9652331964205898,-1.5914266187034871,1.1299270225613403,0.9558080581261409,1.58664257470495,-0.7710516190336225,0.7895625544569813,-0.06284383393013743,1.3047726629210241,-0.7568773352509031,0.8234448678710689,-0.3009930123444959,1.3458982098756673,1.2002264980101276,-1.3291863291273143,-1.2397039237956435,-0.05174695674691034,0.2093917037995076,-0.049950866913111056,-0.028713781619550148,0.048050073802486756,0.0038013566678395893,0.030969590610371855,-0.015862656715970036,-0.040016814032254974,-0.003975230368995131,0.05894411392113487,0.0592887336967098,0.0,-0.03894702659761993
231,0,2.902739429631602,1.051538662911118,1.61255070069723,-0.7579668577892672,0.6774457155852405,0.21109752286354658,1.3529475816482603,-0.881070330514981,0.519317081224912,-0.059886648659654616,1.6154335671695945,0.6666278947397393,-1.303794250101257,-0.6784292923028027,1.26983546117337,0.9901495131759874,1.5661233389190656,-0.7826825179174876,0.7495208262884244,-0.05875006521092829,1.3323011879080198,-0.7750613563643346,0.8074381422580942,-0.25507622098085736,1.3094600303607824,1.1409377643134175,-1.3503463949823553,-1.2447839707431598,0.13990843861202978,0.03434145504984659,-0.02051923578588426,-0.01163089888386496,-0.04004172816855689,0.004093768719209134,0.02752852498699556,-0.018184021113431526,-0.01600672561297478,0.04591679136363851,-0.036438179514884705,-0.05928873369670982,-0.021160065855040953,-0.005080046947516082
232,0,0.9286888574343529,1.3827969461352787,1.9047943618901177,-0.797948072702566,0.8376126282601964,0.254471977150458,1.3873582378820233,-0.7843468139541806,0.8394515934844077,-0.08638818445297294,1.2063971402623204,1.8524025686739354,-1.1768338549709991,-1.0671939962029346,1.1586753318651768,1.037255048863829,1.6431222893681159,-0.7797747931965192,0.7735458631898499,-0.015083198872700487,1.3735939753885156,-0.7812516614242246,0.8554583190970184,-0.24372665021719656,1.3017794336983335,1.2002264980101276,-1.2995622369302522,-1.1662549116794843,-0.1111601293081931,0.0471055356878415,0.07699895044905047,0.0029077247209683076,0.02402503690142548,0.04366686633822781,0.04129278748049581,-0.00619030505989,0.04802017683892434,0.01134957076366081,-0.00768059666244898,0.0592887336967098,0.05078415805210308,0.07852905906367529
233,0,0.3345571318217431,1.0409019290460966,1.4861190458549112,-0.6743697720614645,0.5172788029102846,0.01566880186322896,1.4217688941157616,-0.6489338907690512,0.6793843373546599,-0.19527492934292154,1.0027720194438499,1.2595152317068374,-0.7536325378701804,-0.878808921899227,1.028349663021107,1.0211479947254027,1.6410496392887335,-0.7670534975422886,0.7575291719223542,0.0009507286108612391,1.3839171722586396,-0.7913109071465474,0.78342805383845,-0.22160362903321523,1.2828458698327563,1.2595152317068374,-1.210689960339078,-1.1756388872908652,-0.1303256688440697,-0.0161070541384263,-0.0020726500793827097,0.012721295654230668,-0.016016691267495588,0.016033927483561725,0.010323196870123952,-0.010059245722322885,-0.07203026525856847,0.02212302118398132,-0.018933563865577253,0.05928873369670982,0.08887227659117435,-0.009383975611380768
234,0,1.1778408714009665,1.9176727062036854,2.099623469352059,-0.9287956851460778,1.1579464536101083,-0.0686433396156852,1.3529475816482603,-0.7263127040177091,1.0795524776772096,0.0691643082469162,1.6243644935212926,1.2595152317068374,-0.880592933000408,-1.6041267360722709,1.1184276988397923,1.1594255349703595,1.7027109791503552,-0.7801382587866398,0.8215959369923367,0.009040795365486704,1.3632707785183915,-0.7928584834115232,0.8394515934836798,-0.17488026918891394,1.3810860597013186,1.2002264980101276,-1.126049696918908,-1.3175274207832743,0.09007803581868531,0.13827754024495675,0.06166133986162181,-0.013084761244351184,0.06406676506998236,0.008090066754625463,-0.020646393740247904,-0.001547576264975792,0.056023539645229756,0.0467233598443013,0.09824018986856232,-0.0592887336967098,0.08464026342016978,-0.14188853349240904
235,0,1.8486347551573004,1.4663712836459952,1.4384480940291162,-0.7906787609001555,0.3571118902353287,0.0985188830853397,1.4561795503494999,-0.9158907964768814,0.6793843373546599,-0.5541979032393315,0.5419362196967833,1.2595152317068374,-0.9229130647105139,-1.0446160097695354,1.2449202597766869,1.1889044831104942,1.7063381167892733,-0.783772914687849,0.7575291719223542,0.029460903619635975,1.3839171722586372,-0.7967274240739561,0.8154415050643996,-0.21561197746255267,1.3041014745497732,1.2595152317068372,-1.1048896310638672,-1.2454189766115977,0.12649256093689437,0.029478948140134763,0.0036271376389179545,-0.0036346559012093494,-0.06406676506998236,0.02042010825414927,0.02064639374024546,-0.003868940662432896,-0.024010088419280186,-0.040731708273638714,-0.07698458515154546,0.05928873369670982,0.021160065855040933,0.07210844417167658
236,0,1.6761448993344112,1.8173835011908808,1.2114929103367564,-0.7325242664808307,0.7575291719208976,0.46354659388141367,1.6970541439857172,-0.8926771525022664,0.9194852215474617,0.04554337417027316,0.9938410930921516,0.6666278947397393,-1.1345137232609233,-2.1509373450062226,1.2794182309413082,1.3078839490575285,1.6659214402413187,-0.781592121147126,0.7975709000909113,0.0769778619675909,1.404563565998885,-0.8013701528688747,0.8074381422577301,-0.20074807260456268,1.2528379572910873,1.2002264980101276,-1.0668015125247898,-1.2916332925924667,0.03449797116462143,0.1189794659470343,-0.040416676547954423,0.002180793540723136,0.040041728168556896,0.04751695834795494,0.020646393740247883,-0.004642728794918593,-0.008003362806669367,0.01486390485798999,-0.051263517258685866,-0.05928873369670982,0.0380881185390773,-0.046214315980869204
237,0,1.5228205830471806,1.1305544001939485,1.2881809632738999,-1.0305660503799066,0.7575291719208976,0.34463235965676314,1.7314648002194557,-0.7379195260049947,0.5993507092879662,0.19994362618352363,1.3760847409443633,1.8524025686739354,-1.8116358306222875,-1.8214398554937572,1.2870844467556588,1.3112269225579563,1.5824972745461845,-0.7994019350630481,0.7575291719219901,0.12615182193998806,1.4665027472196264,-0.794406059676499,0.783428053838086,-0.1544279970005928,1.2290816931955975,1.2595152317068372,-1.1302817100899187,-1.3250063787893387,0.00766621581435063,0.0033429735004279594,-0.08342416569513426,-0.017809813915922103,-0.04004172816892106,0.04917395997239715,0.06193918122074127,0.006964093192375687,-0.024010088419644148,0.046320075603969904,-0.02375626409548981,0.0592887336967098,-0.06348019756512883,-0.03337308619687183
238,1,1.4653239644395508,2.957033558154821,2.6094953888800707,-0.35452005275511617,0.9977795409351523,0.2188951775667936,1.3873582378820233,-0.8230362205785096,1.319653361873651,0.15097339700020093,1.5922131586551984,1.2595152317068374,-1.7693156989121817,-1.1194055898301798,1.446158424903587,1.551313201225026,1.6721393904794646,-0.7623284448707217,0.7815542088234155,0.1498371981011165,1.4424152878560046,-0.8098818223262306,0.8394515934836798,-0.11041240276995787,1.2246162300197547,1.2595152317068372,-1.2022259339970598,-1.2727947851620987,0.15907397814792815,0.24008627866706944,0.08964211593327998,0.03707349019232628,0.02402503690142547,0.02368537616112843,-0.024087459363621732,-0.015475762649731583,0.0560235396455937,0.04401559423063491,-0.004465463175842732,0.0,-0.07194422390714102,0.05221159362724008
239,1,0.7370334620755872,0.4057369639648852,1.1410228076377777,-0.736158922382036,0.7575291719208976,-0.0004138609622291663,1.2841262691807838,-0.834643042565795,0.8394515934844077,-0.009764178789693245,1.3367886649969356,0.6666278947397393,-1.303794250101257,-1.578020939258636,1.3694962667600152,1.5294319201313207,1.6169032658639284,-0.763782307231208,0.8055792457244768,0.12824744164148016,1.4355331566092568,-0.8125900807899349,0.8154415050643996,-0.07601801827297859,1.2585537501561666,1.2595152317068372,-1.2022259339970598,-1.3534405304539052,-0.07666215814357169,-0.021881281093705036,-0.05523612461553564,-0.0014538623604862244,0.0240250369010613,-0.021589756459636327,-0.006882131246747658,-0.0027082584637043495,-0.024010088419280196,0.03439438449697927,0.033937520136411735,0.0,0.0,-0.08064574529180678
240,1,1.5803172016548104,1.1168785995103592,1.176257858987267,-0.6416578689506176,1.1579464536101083,0.03808705913513072,1.662643487751979,-0.6798854160685232,1.0795524776772096,-0.2811168604995202,1.2635550689131123,1.8524025686739354,-1.1345137232609233,-1.1299890209708372,1.4174101155997503,1.4286868550957068,1.5967985600939205,-0.7445186309548038,0.7975709000909111,0.15758611746247603,1.4733848784663763,-0.7924715893452892,0.8554583190966545,-0.07210039993831802,1.2553386166695601,1.2595152317068372,-1.2191539866810932,-1.3072967706806404,0.04791384883973502,-0.10074506503561402,-0.020104705770008204,0.019263676276404185,-0.008008345633565695,0.029338675820995842,0.03785172185711951,0.02011849144464578,0.040016814032254974,0.003917618334660577,-0.00321513348660627,0.0,-0.016928052684033346,0.04614375977326499
241,1,1.062847634185707,2.8825764210998424,2.0788969685582317,-0.9724115559605817,1.2380299099457652,0.3738735647939839,1.9035180813881962,-0.81142939859118,0.9194852215474617,-0.06968069449631915,2.0351871056989004,1.8524025686739354,-0.9652331964205898,-1.8313177245583725,1.233420936055161,1.611790630914579,1.6434331868800207,-0.7659631007719352,0.8536293195269635,0.17386372165551975,1.52844192844037,-0.7855074961529092,0.8954751331289096,-0.07307980452198447,1.2973139705224908,1.378092699100257,-1.1852978813130264,-1.4225856139061972,-0.1839891795445895,0.18310377581887244,0.046634626786100176,-0.02144446981713145,0.05605841943605248,0.016277604193043735,0.05505704997399359,0.006964093192380094,0.04001681403225497,-0.0009794045836664538,0.04197535385293059,0.11857746739341961,0.03385610536806671,-0.11528884322555699
242,1,1.1011787132574602,2.098497181908639,1.4529566445848021,-0.950603620553309,0.9176960845958535,0.32221410238495,1.662643487751979,-0.6218513061320077,0.9995188496141554,0.06570758618694778,0.9063180148456302,1.8524025686739354,-1.2191539866811052,-1.69514424388191,1.2506699216374717,1.6833606544919153,1.598249415149489,-0.7812286555570096,0.8616376651605293,0.18063793417896895,1.5559704534273657,-0.7692579453706918,0.9114818587418844,-0.0578702274579924,1.267306057980822,1.378092699100257,-1.189529894484037,-1.4853806386740949,0.01724898558231073,0.07157002357733602,-0.04518377173053156,-0.015265554785074308,0.008008345633565705,0.006774212523449202,0.02752852498699556,0.016249550782217292,0.01600672561297477,0.015209577063992072,-0.030007912541669013,0.0,-0.0042320131710106065,-0.06279502476789753
243,1,1.5228205830471806,1.8295397684651515,2.177347847328892,-0.8851798143315738,0.9176960845958535,0.2764028810033071,1.6970541439857172,-0.942973381113881,1.2396197338069572,-0.18605700384955015,1.4511045222985515,1.8524025686739354,-2.2348371477231064,-2.0775588890976624,1.3694962667600152,1.762224438433821,1.6673722952968872,-0.8023096597840205,0.9016793933290863,0.20671134209297679,1.5834989784143612,-0.7986618944051748,0.9675053983871141,-0.056948434908655254,1.312139308266292,1.4373814327969667,-1.3376503554693298,-1.6052556353939385,0.11882634512254375,0.07886378394190549,0.06912288014739809,-0.021081004227010924,0.04004172816855689,0.026073407914007817,0.02752852498699556,-0.029403949034482978,0.056023539645229735,0.0009217925493371388,0.04483325028547016,0.0592887336967098,-0.14812046098529258,-0.11987499671984354
244,1,1.9252969133010247,1.077370730868944,1.9110123121282587,-0.7143509869747633,0.9176960845958535,0.06342943692072796,1.6282328315182406,-0.896546093164695,1.1595861057439032,0.08356731683024024,1.7047428306864492,2.4452899056410335,-1.4307546452315145,-1.8990516838585703,1.444241870950021,1.6781942409003467,1.6485111795745073,-0.780865189966889,0.8776543564276608,0.21991861974661808,1.6110275034013593,-0.8156852333198733,0.9755087611937834,-0.05550813405032286,1.3201771419828074,1.5559589001903862,-1.3926665266924403,-1.6347481301725684,0.07474560419000582,-0.08403019753347414,-0.018861115722380008,0.02144446981713145,-0.02402503690142548,0.013207277653641315,0.027528524986998027,-0.017023338914698594,0.008003362806669356,0.0014403008583324037,0.008037833716515652,0.11857746739341961,-0.05501617122311066,-0.02949249477862994
245,1,2.366104322626404,1.3903946131817326,1.6736938780389974,-0.9578729323557195,1.2380299099457652,0.45526158575920256,2.006750050089436,-0.7456574073298516,1.319653361873651,-0.08465982342298872,1.0670746891760068,1.2595152317068374,-1.1768338549709991,-1.2746292465598057,1.4959888276969315,1.6705965738539201,1.6720357579754954,-0.7975846071124455,0.9657461583987044,0.25559289001400437,1.666084553375353,-0.7986618944051703,1.0395356636456825,-0.008554326068688575,1.37269098893073,1.5559589001903862,-1.4180586057184887,-1.6577494538515953,0.05174695674691034,-0.007597667046426259,0.023524578400988115,-0.016719417145556394,0.08809180197104365,0.03567427026738629,0.05505704997399361,0.01702333891470298,0.06402690245189911,0.046953807981634274,0.05251384694792235,0.0,-0.02539207902604852,-0.02300132367902703
246,1,1.1011787132574602,1.010511260860419,1.2384373613687245,-0.725254954678379,0.9176960845958535,0.23205371987855627,1.972339393855673,-0.6334581281193372,1.1595861057439032,0.18784509897352933,0.6241007421323048,1.2595152317068374,-0.9652331964205898,-1.9308019772805425,1.4384922090892363,1.5899093498208743,1.6747302030786924,-0.7968576759322004,0.9817628496662,0.23244360261371866,1.6936130783623482,-0.7727399919668775,1.0635457520653266,0.005675846411637042,1.3357169538347453,1.6152476338870962,-1.4011305530344553,-1.6357359170790275,-0.0574966186076951,-0.08068722403304618,0.0026944451031968076,0.0007269311802451716,0.016016691267495588,-0.02314928740028574,0.027528524986995585,0.02592190243829292,0.024010088419644148,0.014230172480325617,-0.03697403509598468,0.05928873369670982,0.016928052684033346,0.02201353677256801
247,1,2.0786212295880375,3.3916201132103887,1.7907986075241045,-0.9542382764545143,0.9977795409351523,0.3300117570881971,1.3873582378820233,-0.6605407127563366,0.43928345315821843,0.22183619923018244,0.9206074970083283,1.2595152317068374,-1.4307546452315145,-1.9533799637139417,1.4940722737433223,1.8160159211225182,1.7249919675037126,-0.789224898539661,1.0057878865676257,0.23098154235686202,1.6592024221286052,-0.7650021106420117,1.0475390264523519,0.007865103716302923,1.2901692294411418,1.5559589001903862,-1.363042434495378,-1.6489299279010456,0.055580064654085694,0.226106571301644,0.050261764425020464,0.007632777392539225,0.02402503690142547,-0.0014620602568566066,-0.034410656233743245,0.007737881324865803,-0.016006725612974775,0.0021892573046658815,-0.045547724393603495,-0.0592887336967098,0.0380881185390773,-0.013194010822018454
248,1,2.270276624947021,1.5864144229795247,0.8726146223577639,-0.9396996528496934,0.8376126282601964,0.4328433284873895,1.9379287376219347,-0.7340505853425661,0.9995188496141554,0.07146878962024596,1.6743776810907198,1.2595152317068374,-0.5843520110298168,-1.812267548505184,1.574567539794069,1.6789540076049885,1.551303890851482,-0.8477428585491188,0.9897711953001298,0.2523763574489216,1.714259472102596,-0.7561035471184174,1.0155255752264023,-8.535702169257391e-05,1.298385681684694,1.5559589001903862,-1.2445460657071417,-1.7182161237685463,0.08049526605074704,-0.13706191351752964,-0.17368807665223068,-0.05851796000945773,-0.016016691267495588,0.021394815092059587,0.05505704997399115,0.00889856352359435,-0.03201345122594956,-0.007950460737995498,0.008216452243552141,0.0,0.11849636878823648,-0.06928619586750043
249,1,1.3886618062958267,1.8249811682373,2.3576684042351235,-0.8815451584303686,0.7575291719208976,0.5961067238367022,2.1099820187906753,-1.1209446515857677,0.8394515934844077,0.5605949611099701,1.2689136247241122,1.8524025686739354,-1.8539559623323634,-1.625999160429628,1.6397303742160934,1.82087842803223,1.6729684505112163,-0.8622814821539521,0.9897711953001298,0.31202841592881475,1.7968450470635855,-0.7847337080204146,1.0155255752264023,0.05695055696827376,1.2915981776574115,1.674536367583806,-1.2995622369302522,-1.7230139458856453,0.06516283442202395,0.1419244204272415,0.12166455965973458,-0.014538623604833267,0.0,0.05965205847989313,0.08258557496098914,-0.02863016090199727,0.0,0.05703591398996634,-0.006787504027282343,0.11857746739341961,-0.055016171223110644,-0.004797822117099204
250,1,1.3503307272240734,1.4846056845574018,1.6602216525230251,-1.0342007062811118,1.7185306479742748,0.7306162674678468,1.8346967689206952,-0.9158907964768814,1.2396197338069572,0.047271735200257375,1.2617688836427792,1.2595152317068374,-2.742678728244137,-1.6965553680339942,1.6167317267730195,1.8576511365369341,1.7213648298647921,-0.9015357658870015,1.0458296147365465,0.38128133676208636,1.8140503751804573,-0.8083342460612505,1.031532300839377,0.08978941653825152,1.2914195591303783,1.6152476338870962,-1.4603787374285737,-1.779670580591961,-0.022998647443073693,0.036772708504704266,0.04839637935357581,-0.03925428373304942,0.05605841943641665,0.06925292083327161,0.017205328116871633,-0.02360053804083583,0.01600672561297476,0.032838859569977764,-0.00017861852703331403,-0.0592887336967098,-0.16081650049832139,-0.0566566347063157
251,1,1.9827935319086545,1.6821450277644778,1.9255208626839448,-0.9796808677629921,1.1579464536101083,0.5074084015872005,2.0755713625569125,-0.6953611787182371,0.6793843373546599,0.09797032541356428,1.2296175487767165,1.8524025686739354,-1.8539559623323634,-1.6203546638212656,1.7087263165453142,1.7376079972033978,1.7060272192773638,-0.9022626970672425,1.037821269102981,0.39463482044140796,1.831255703297329,-0.7967274240739561,1.0075222124200969,0.10655451852923987,1.21086260343816,1.6152476338870962,-1.549251014019751,-1.7585742745182504,0.09199458977229476,-0.12004313933353646,-0.015337610587428685,-0.0007269311802410416,-0.008008345633565695,0.013353483679321654,0.017205328116871633,0.011606821987294291,-0.024010088419280186,0.016765101990988344,-0.0805569556922184,0.0,-0.08887227659117736,0.021096306073710692
252,1,1.42699288536758,1.481566617738834,1.954537963795293,-0.8815451584303686,0.8376126282601964,0.36461384983384476,2.350856612426868,-0.7224437633552806,1.2396197338069572,0.12850470361024896,1.5868546028441985,1.8524025686739354,-1.600035172071848,-1.7374779684445398,1.7413077337563263,1.6759149407864176,1.756185351198413,-0.8953568508549484,1.0298129234694153,0.3988747951862975,1.9000770157648177,-0.8067866697962834,1.031532300839377,0.11283423027156998,1.2789162622380168,1.6152476338870962,-1.5873391325588253,-1.7628076469745135,0.03258141721101197,-0.06169305641698049,0.0501581319210491,0.006905846212294042,-0.008008345633565705,0.004239974744889474,0.06882131246748893,-0.010059245722327293,0.024010088419280186,0.006279711742330119,0.06805365879985684,0.0,-0.038088118539074275,-0.004233372456262985
253,1,1.771972597013794,2.2595677232928675,2.0053178907401588,-0.725254954678379,0.9977795409351523,0.4927877990186344,1.9035180813881962,-1.186716642847096,0.9194852215474617,0.13253754601356293,1.8565685786651593,1.8524025686739354,-2.1078767525928788,-1.3388353954797925,1.7662229351529874,1.718917736269189,1.7389823555395396,-0.8793643648896289,1.037821269103345,0.42051328698783025,1.9207234095050658,-0.8311609959696049,0.9995188496134275,0.1446936852578813,1.3194626678746775,1.6152476338870962,-1.5746430930458026,-1.6889352976127263,0.024915201396661348,0.0430027954827716,-0.017202995658873333,0.01599248596531948,0.00800834563392988,0.02163849180153273,0.020646393740247904,-0.024374326173321515,-0.03201345122594955,0.031859454986311306,0.04054640563666079,0.0,0.01269603951302276,0.073872349361787
254,1,1.2736685690805671,1.233882672025321,1.4446660442672572,-0.8779105025291634,1.2380299099457652,0.6229111618791915,2.2820352999593916,-0.826905161240938,0.759417965417714,0.1826600158835243,0.9902687225514851,1.2595152317068374,-1.8539559623323634,-2.165754148603133,1.7010601007309418,1.7345689303848264,1.6923477287534392,-0.8957203164450689,1.069854651638336,0.4764614594836766,1.9861036563491805,-0.8241969027772292,0.9595020355808087,0.1546029551632097,1.248015257061181,1.4966701664936766,-1.6169632247558876,-1.715605544087183,-0.06516283442204576,0.01565119411563771,-0.046634626786100156,-0.016355951555440007,0.032033382534991175,0.05594817249584635,0.0653802468441151,0.006964093192375698,-0.04001681403261892,0.009909269905328404,-0.0714474108134964,-0.11857746739341961,-0.042320131710084884,-0.02667024647445628
255,1,1.771972597013794,2.1486417844150756,1.9711191644303594,-1.0487393298859327,1.1579464536101083,0.31928998187125457,1.4561795503494999,-0.8152983392536085,0.8394515934844077,0.38833497845337484,1.0063443899845164,1.8524025686739354,-1.7693156989121817,-1.2351177703013445,1.6416469281696808,1.810393647508161,1.7220902573925756,-0.9048069561980903,1.0618463060047705,0.4628642990948818,1.9310466063751872,-0.8311609959696049,0.9114818587418843,0.20190243535084607,1.241942227142032,1.5559589001903862,-1.6762114091500055,-1.7116543964613367,-0.059413172561260975,0.0758247171233343,0.0297425286391362,-0.00908663975302132,-0.008008345633565695,-0.013597160388794799,-0.05505704997399361,-0.006964093192375687,-0.04802017683892433,0.047299480187636356,-0.006073029919149042,0.0592887336967098,-0.059248184394118254,0.003951147625846118
256,1,1.2928341086164439,1.2278045383881855,2.4934269844346773,-0.9178917174424621,0.9977795409351523,0.3987285891606171,1.9379287376219347,-0.7611331699795656,1.3996869899403446,0.20628094996016735,1.60293027027723,1.2595152317068374,-1.557715040361772,-2.3245056157129946,1.660812467705579,1.8321229752609376,1.8475892196991708,-0.9240706324744986,1.0698546516387004,0.4795317860230878,1.9276055407518133,-0.8439285001556278,0.9354919471615283,0.20374602044950985,1.3398251799565244,1.5559589001903862,-1.735459593544124,-1.7510247603045819,0.01916553953589837,0.02172932775277665,0.12549896230659527,-0.019263676276408313,0.00800834563392988,0.016667486928206084,-0.003441065623373829,-0.012767504186022838,0.024010088419644138,0.0018435850986638024,0.09788295281449251,0.0,-0.05924818439411823,-0.039370363843245215
257,1,1.867800294693177,2.612099474247071,1.9255208626839448,-0.7834094490977451,0.9977795409351523,0.5122819357767521,1.972339393855673,-0.7417884666674232,1.1595861057439032,0.19763914481019387,2.0530489584022646,1.8524025686739354,-1.8539559623323634,-1.8129731105812263,1.6397303742160934,1.7541709113646058,1.8610614452151548,-0.9069877497388218,1.0698546516387002,0.4977588038919434,1.986103656349178,-0.8520532755467365,1.0075222124200969,0.201326315007511,1.453069326095918,1.6152476338870962,-1.777779725254209,-1.7369840749913101,-0.02108209348948604,-0.07795206389633176,0.013472225515984038,0.01708288273567692,0.0,0.0182270178688555,0.05849811559736497,-0.008124775391108651,0.07203026525856848,-0.0024197054419988566,0.11324414613939364,0.0592887336967098,-0.042320131710084884,0.01404068531327154
258,1,3.4010434575648287,1.5636214218402322,1.4861190458549112,-0.9905848354666078,1.2380299099457652,0.3334232310208566,1.8002861126869567,-1.0435658383371098,0.9995188496141554,0.07953447442692628,1.2242589929656849,2.4452899056410335,-2.6580384648239552,-2.084614509858084,1.7528070574778738,1.7518916112506766,1.9224118875648695,-0.9120762680005132,1.1098963798072572,0.4878167941452901,1.9723393938556804,-0.8830048008461908,1.0075222124200969,0.20213288348817904,1.4080574572834146,1.7338251012805155,-1.9851483706336226,-1.7642187711266004,0.11307668326178075,-0.0022793001139292503,0.06135044234971473,-0.005088518261691444,0.040041728168556875,-0.009942009746653291,-0.013764262493497803,-0.030951525299454375,0.0,0.0008065684806680323,-0.0450118688125035,0.11857746739341961,-0.20736864537941385,-0.027234696135289994
259,1,1.062847634185707,2.1076143823643423,2.4716641586011603,-1.023296738577496,1.2380299099457652,0.687241813181024,2.0755713625569125,-0.9468423217763094,1.879888758329588,0.22298843991682113,1.9565949538040452,0.6666278947397393,-2.023236489172697,-1.760055954877939,1.720225640266862,1.7801549326633808,1.9338114630014729,-0.9262514260152258,1.157946453609744,0.49693030307972225,1.968898328232304,-0.8655945678652449,1.1115659289046147,0.16837223136886414,1.476825590191408,1.6152476338870962,-2.002076423317656,-1.7776244505714314,-0.03258141721101197,0.028263321412704222,0.011399575436603682,-0.014175158014712742,0.048050073802486756,0.00911350893443218,-0.0034410656233762717,0.01741023298094583,0.10404371648451805,-0.03376065211931489,0.0687681329079933,-0.11857746739341961,-0.016928052684033346,-0.01340567944483111
260,1,3.0752292854544914,1.0439409958646642,2.724527468285798,-0.9433343087508986,0.9176960845958535,0.6618994353954267,2.006750050089436,-0.9391044404514525,1.2396197338069572,0.48569931647667464,1.9351607305599825,1.2595152317068374,-1.980916357462621,-2.4522123514769265,1.8927154960899037,1.736088463794107,2.0402420445777505,-0.9171647862622045,1.077862997271902,0.49005861987248023,1.986103656349178,-0.867915932262702,1.111565928904615,0.21221498949650588,1.5441647748831282,1.6152476338870962,-1.9259001862395042,-1.8531901489157245,0.1724898558230418,-0.04406646886927377,0.10643058157627727,0.00908663975302132,-0.08008345633784213,-0.006871683207242007,0.017205328116874075,-0.002321364397457104,0.0,0.043842758127641726,0.06733918469172033,0.0,0.07617623707815162,-0.07556569834429323
261,1,2.7302495738084946,1.2642733402110329,1.6270592512528925,-0.8742758466279582,1.398196822624363,0.3295244036692331,2.31644595619313,-0.904283974489552,0.759417965417714,0.6343383650565746,1.8065553910957004,2.4452899056410335,-2.5733982014038035,-1.6351714674182012,1.9674611002798876,1.6943012950387626,2.010395883434645,-0.9066242841487012,1.1018880341733275,0.47227022008068353,2.0101911157128,-0.8888082118398335,1.1195692917109201,0.2658517934608069,1.6018585591150267,1.674536367583806,-1.9978444101466484,-1.8546718292754183,0.07474560418998402,-0.041787168755344495,-0.029846161143105232,0.010540502113503391,0.02402503690142548,-0.01778839979179674,0.024087459363621732,-0.020892279577131488,0.008003362806305415,0.053636803964301025,0.057693784231898394,0.05928873369670982,-0.07194422390714401,-0.00148168035969356
262,1,0.8903577783625998,2.914486622694838,2.50793553499034,-1.0923552007004365,0.8376126282601964,0.5342128396296898,2.1099820187906753,-1.0629105416492963,1.2396197338069572,0.23278248575348567,2.4799472380129037,1.2595152317068374,-1.1768338549709991,-1.5794320634107202,1.9137975895793897,1.8375932955343628,2.06573564055415,-0.927705288375708,1.1018880341733275,0.48923011906026803,1.9861036563491807,-0.922854889669235,1.1195692917109201,0.27627957167513056,1.6911678226318974,1.6152476338870962,-1.9555242784365636,-1.8388672387720362,-0.05366351070049802,0.1432920004956004,0.05533975711950467,-0.021081004227006782,0.0,0.016959898979584505,-0.02408745936361929,-0.03404667782940157,0.0,0.010427778214323672,0.08930926351687052,-0.0592887336967098,0.042320131710084884,0.015804590503381965
263,1,2.1552833877317616,1.9328680402965586,1.657112677403931,-0.9469689646521039,0.9176960845958535,0.436254802420049,2.385267268660631,-0.8462498645530805,0.9995188496141554,0.47532915029666456,1.9083679515049197,1.2595152317068374,-2.1078767525928788,-2.148115096702029,1.9521286686511865,1.8049233272347318,2.030915119220527,-0.9498766893730805,1.0938796885393975,0.4835768194004094,2.034278575076424,-0.8888082118398335,1.1275726545175897,0.31055873210344076,1.6963477599158732,1.5559589001903864,-1.9555242784365636,-1.9197952088942596,0.03833107907179676,-0.03266996829963089,-0.03482052133362277,-0.02217140099737249,-0.00800834563392988,-0.005653299659858541,0.048174918727243464,0.03404667782940156,0.008003362806669367,0.03427916042831016,0.005179937283976033,-0.0592887336967098,0.0,-0.08092797012222364
264,1,1.4844895039754276,1.6168050911652367,2.3866855053464953,-1.0123927708738805,1.638447191634976,0.678956805058813,1.3529475816482603,-1.0203521943625389,0.9194852215474617,0.3024930472967761,2.295970155168163,2.4452899056410335,-1.7693156989121817,-2.438101109956033,1.9732107621406727,1.8432155691487235,2.1251170653284506,-0.9633249162075522,1.1339214167083187,0.4891813837183716,1.9413698032453108,-0.9081529151519936,1.1435793801305645,0.32254203524476593,1.826917903177541,1.674536367583806,-1.9470602520945455,-1.9470299050295499,0.02108209348948604,0.03829224191399157,0.0942019461079238,-0.013448226834471711,0.040041728168921084,0.0056045643179621464,-0.09290877183111312,-0.019344703312160084,0.01600672561297477,0.011983303141325183,0.13057014326166777,0.11857746739341961,0.008464026342018172,-0.02723469613528997
265,1,2.500263099377758,1.452695482962406,3.0623694312251004,-0.9106224056400104,0.8376126282601964,0.19160338610542893,2.7981951434655645,-0.8888082118398379,0.759417965417714,0.2961557235201324,1.66901912527972,1.8524025686739354,-1.7693156989121817,-2.165048586527091,2.0460398123770687,1.7736209390034567,2.234242092007925,-0.94951322378296,1.1018880341733275,0.47641272414178903,2.0755713625569174,-0.9155039024106164,1.1355760173238951,0.31332410975144165,1.8931853767070614,1.674536367583806,-1.9470602520945455,-2.0400229866521244,0.07282905023639638,-0.06959463014526697,0.1091250266794741,0.013811692424592226,-0.03203338253499118,-0.012768659576582565,0.13420155931160646,-0.007350987258622943,-0.008003362806669367,-0.009217925493324241,0.06626747352952037,0.0,0.0,-0.09299308162257465
266,1,1.2161719504729374,2.482939134457804,2.226055124194354,-0.9178917174424621,1.3181133662850641,0.6623867888143907,2.0755713625569125,-0.9894006690630669,0.9194852215474617,0.14982115631356227,2.067338440564963,1.2595152317068374,-2.3194774111432883,-2.4197564959789117,2.0383735965627183,1.8991343986104183,2.2075049059838925,-0.94951322378296,1.1339214167083187,0.5027785441071664,2.089335625050415,-0.9383306523189667,1.0875558404846069,0.30767813038678116,1.9396261937358346,1.674536367583806,-2.023236489172697,-2.049548074678716,-0.007666215814350652,0.12551345960696186,-0.02673718602403232,0.0,0.03203338253499118,0.026365819965377364,0.01376426249349778,-0.02282674990835013,-0.04802017683928829,-0.005645979364660508,0.04644081702877332,0.0,-0.07617623707815162,-0.00952508802659171
267,1,2.136117848195667,2.5573962715127827,2.4364291072516706,-1.3395118019826393,1.3181133662850641,0.7315909743057748,2.385267268660631,-0.9777938470757814,1.1595861057439032,0.348006554420078,2.1227101839454217,1.8524025686739354,-1.7693156989121817,-1.7170166682392671,2.0652053519129674,1.8936640783369896,2.2585957304406654,-1.0051234590714493,1.16595479924331,0.5247094479600687,2.130628412530911,-0.9619311903598025,1.0875558404846069,0.32271487134776955,1.9465923162901504,1.674536367583806,-2.0147724628306785,-2.03995243044452,0.026831755350249,-0.005470320273428841,0.05109082445677258,-0.05561023528848942,0.03203338253499118,0.02193090385290227,0.041292787480495786,-0.02360053804083583,0.0,0.015036740960988412,0.006966122554315701,0.0,0.008464026342018172,0.009595644234195922
