ciclo,target,s2_norm,s3_norm,s4_norm,s7_norm,s8_norm,s9_norm,s11_norm,s12_norm,s13_norm,s14_norm,s15_norm,s17_norm,s20_norm,s21_norm,s2_norm_mm,s3_norm_mm,s4_norm_mm,s7_norm_mm,s8_norm_mm,s9_norm_mm,s11_norm_mm,s12_norm_mm,s13_norm_mm,s14_norm_mm,s15_norm_mm,s17_norm_mm,s20_norm_mm,s21_norm_mm
1,0,0.6412057643959863,-0.8858664339275808,0.4871017075926665,-0.49627163290224363,0.19694497756037277,-0.3824989414216893,-0.22994260510402165,-0.5715550775203933,0.19918256896541653,-0.4251469463327606,0.7044790792974931,-0.5191467791944568,-0.2881110890592256,-0.4653495453375693,0.6412057643959863,-0.8858664339275808,0.4871017075926665,-0.49627163290224363,0.19694497756037277,-0.3824989414216893,-0.22994260510402165,-0.5715550775203933,0.19918256896541653,-0.4251469463327606,0.7044790792974931,-0.5191467791944568,-0.2881110890592256,-0.4653495453375693
2,0,-0.2595745937910846,0.6017567737626774,-0.7440524395603653,-0.3036348701382018,0.5172788029102846,-0.4692478499953349,0.2862172384021759,-0.39745274771097894,0.19918256896541653,-0.531729209849327,-0.13681418303145162,0.07374055777264124,0.21973049146177498,-0.1880636494523491,0.19081558530245085,-0.14205483008245168,-0.12847536598384937,-0.3999532515202227,0.3571118902353287,-0.4258733957085121,0.02813731664907712,-0.4845039126156861,0.19918256896541653,-0.47843807809104383,0.2838324481330207,-0.22270311071090781,-0.034190298798725316,-0.3267065973949592
3,0,0.008742959711623347,0.44372529919701653,0.5451359098153868,-0.5108102565071059,0.43719534657098574,-0.4643743158057833,0.32062789463591423,-0.3858459257236934,0.19918256896541653,-0.213134659986214,0.6562520769983674,0.07374055777264124,-1.3884345135214387,-0.252269798372336,0.13012471010550836,0.05320521301070439,0.09606172594922936,-0.43690558651585043,0.3838063756805477,-0.4387070357409358,0.12563417597802282,-0.45161791698502185,0.19918256896541653,-0.39000360538943385,0.40797232442146963,-0.12388855454972479,-0.4856050370396298,-0.30189433105408475
4,0,0.5070469876448502,-0.8190069639190558,0.13267854401832135,-0.6961777074687372,0.3571118902353287,-0.13736017168810524,0.59591314450587,-0.48256944228449383,0.519317081224912,-0.4205379835861011,1.0224200574175477,-0.5191467791944568,-0.7113124061600745,-0.3235315680527695,0.22435527949034384,-0.16484783122173566,0.10521593046650236,-0.5017236167540722,0.377132754319243,-0.3633703197277282,0.2432039181099846,-0.4593557983098899,0.27921619703029044,-0.3976371999386007,0.5615842576704891,-0.22270311071090781,-0.542031879319741,-0.30730364030375595
5,0,0.5070469876448502,0.2279515550784994,0.9358304497789351,-0.48173300929742274,0.19694497756037277,-0.6978166034844968,-0.6084598236752169,-0.5251277895712073,0.43928345315821843,-0.056429926599633785,0.8956009032235989,0.6666278947397393,-0.9229130647105139,-0.2938979608589236,0.2808936211212451,-0.08628795396168865,0.2713388343289889,-0.49772549526274223,0.3410951989674689,-0.4302595764790819,0.07287116975294432,-0.4725101965621533,0.311229648255876,-0.3293957452708073,0.6283875867811111,-0.044836909620778395,-0.6182081163978955,-0.3046225044147895
6,0,0.6412057643959863,0.8631165201597453,-0.5512959821778284,-0.03830498934997298,-0.043305391453882,-0.22069760632909136,0.6991451132071095,-0.35876334108665,-0.44108645555357456,-0.1900898462529165,0.9509726466040576,0.07374055777264124,0.09277009633151731,-0.10762957278336752,0.34094564500036867,0.07194612505855034,0.13423303157785269,-0.4211554109439473,0.2770284338972438,-0.3953325814540835,0.1772501603286385,-0.45355238731623615,0.18584363095430093,-0.3061780954344922,0.6821517634182688,-0.025073998388541793,-0.49971174760966003,-0.27179034914288586
7,0,1.9827935319086545,0.8980657885733089,1.0249544031923605,-0.663465804357849,-0.12338884778953907,-0.7543496000830823,0.3550385508696526,-0.4051906290358359,-0.3610528274905204,-0.24885412127285134,-0.33865311857958885,-0.5191467791944568,-0.24579095734914974,-0.537316877094045,0.5754953431301237,0.189963219846373,0.2614789418084967,-0.4557711814316476,0.21982596508484623,-0.4466207269725119,0.20264850183449767,-0.44664356470475036,0.1077155654621836,-0.2979889562685435,0.536322494561432,-0.09565582421795824,-0.4634373490010157,-0.30972271027876574
8,0,0.21956389460626574,0.7035655121848005,-0.31501387312825707,-0.754332201888062,0.11686152122107392,-0.5345532081350954,0.3894492071034154,-0.21174359591423508,0.1191489408987229,-0.5634158287326504,0.5865908514552106,0.07374055777264124,-0.5843520110298168,-1.0495549443018306,0.5310039120646415,0.2541635063886764,0.18941733994140245,-0.4930913089886994,0.20695540960187467,-0.45761228711783486,0.2259985899931124,-0.41728106860593595,0.109144737391751,-0.33116731532655685,0.5426060391731543,-0.0744812764691333,-0.4785516817546159,-0.40220173953164884
9,0,0.06623957831925309,0.8995853219825928,0.07982596699407546,-0.3399814291502953,0.3571118902353287,-0.593035618409537,0.8711983943758257,-0.320073934462321,-0.040918315231024883,-0.37617671714943796,0.4597716972612618,-0.5191467791944568,0.09277009633151731,0.20422886482799368,0.4793634305373761,0.32587704145466717,0.17724052072503277,-0.4760791001177656,0.22363946300559176,-0.4726593239280239,0.29768745714674716,-0.4064802759233121,0.09247106487810924,-0.33616835997354366,0.5334022234051663,-0.1238885545497248,-0.41507148418948997,-0.33482056126946635
10,0,0.8520266992908466,-0.6169090204840936,0.08086229203376563,-0.6089459658397294,0.43719534657098574,-0.5379646820677549,0.59591314450587,-0.327811815787178,-0.12095194329407902,-0.07544189792961732,0.4008275833401365,0.6666278947397393,0.1774103597516991,0.0038492352315693404,0.5166297574127232,0.23159843526079107,0.16760269785590606,-0.489365786689962,0.2449950513621312,-0.4791898597419971,0.3275100258826595,-0.39861342990969867,0.0711287640608904,-0.310095713769151,0.5201447593986633,-0.044836909620778395,-0.3558232997953711,-0.3009535816193628
11,0,0.7561990016114637,1.1958943367931896,0.6498047388241884,-0.34361608505150054,0.19694497756037277,-0.5457623367710019,0.010931988532195711,-0.35102545976179295,0.43928345315821843,-0.24482127886953736,0.6991205234864932,0.6666278947397393,-0.20347082563907387,-0.7772079829489305,0.5281290811342709,0.43977451233286813,0.18387300097905826,-0.4741002319048877,0.24499505136213115,-0.4955161992769283,0.3515974852462812,-0.37656046813383864,0.0951388524801706,-0.2920631470228287,0.5196089038175633,0.07374055777264121,-0.3473592734533559,-0.3321394253804989
12,0,0.5262125271807269,1.0409019290460966,0.6477320887447845,-0.41630920307568753,0.5172788029102846,-0.31475681618710866,0.5615024882721316,-0.5019141455966363,0.1191489408987229,-0.400949891912772,0.6687553738907321,0.07374055777264124,-0.4573916158995892,-0.21769725664619496,0.6067077932314521,0.48368902786121,0.3230514538095732,-0.48536766519863617,0.2449950513621312,-0.48006709589610574,0.3791260102332768,-0.3870066079224044,0.08713548967350124,-0.2789852152291732,0.6001658595097817,0.07374055777264121,-0.41507148418949236,-0.3351027860998835
13,0,-0.5087266077576981,-1.3158943887553312,0.9399757499376958,-0.45992507389019144,0.03677806488541685,-0.38396100167849273,0.3550385508696526,-0.23108829922637758,0.039115312835668756,-0.4666276110526961,0.7330580436228891,0.6666278947397393,0.1774103597516991,-0.34540399241012654,0.55496083648452,0.3077270590659752,0.3625354378218041,-0.48027914693694485,0.2049533231935743,-0.4720257644833767,0.3825670758566506,-0.37153084527267277,0.07112876406052646,-0.3043345103358214,0.6078464561722339,0.133029291469351,-0.25848699686217846,-0.34441620550366253
14,0,-0.010422579824471123,0.7066045790033683,0.5886615614823976,-0.6671004602590541,0.8376126282601964,-0.03647801396476894,0.3894492071034154,-0.335549697112079,0.27921619702847067,-0.40613497500277707,0.7187685614601911,0.6666278947397393,-0.37275135247940744,-0.37997653413626753,0.5032138797375878,0.4602882133582177,0.40813373956821175,-0.47737142221597645,0.2530033969960611,-0.461937548711043,0.36192068211640516,-0.35682887075543135,0.047118675640882325,-0.302894209477489,0.5774813065764983,0.2516067588627706,-0.2246308914941118,-0.3500607021120123
15,0,0.4687159085728792,-0.8372413648304623,0.11816999346263539,-0.590772686333662,0.5172788029102846,-0.6583409765492976,-0.26435326133776,-0.4129285103606929,0.19918256896541653,-0.048364241793005865,0.9866963520108185,0.07374055777264124,-0.37275135247940744,-0.09704614164271005,0.49938077183039065,0.35376892136732146,0.3263676939365817,-0.4882753899196004,0.2850367795310523,-0.45798998601752305,0.3963313383501509,-0.3456089428343799,0.023108587221602132,-0.30208764099682617,0.5865908514552202,0.19231802516606084,-0.16961472027100113,-0.33037552019039096
16,0,0.6795368434677395,1.2460389392996265,0.18864009616163777,-0.503540944704654,0.03677806488541685,-0.2704076550623578,0.010931988532195711,-0.4284042730104069,0.039115312835668756,-0.12325988642630134,0.3776071748257403,0.07374055777264124,0.05044996462144145,-0.286842340098477,0.503213879737566,0.39206116328130963,0.4003613017705284,-0.5347989854550685,0.29304512516498216,-0.46296099089084974,0.32751002588265943,-0.35257303602675555,0.07112876406052646,-0.2954046450141647,0.5292543042773885,0.1923180251660608,-0.17384673344200874,-0.3482967969219019
17,0,-0.5087266077576981,0.5014675687498382,0.6788218399355368,-0.5253488801119267,-0.12338884778953907,-0.5204199589854934,0.6991451132071095,-0.25430194320099253,-0.20098557136077266,-0.35025130169946517,1.5707789354111672,0.6666278947397393,0.26205062317185085,-0.6121064571546643,0.2540618657709307,0.35240134129896256,0.36574804544484596,-0.5209872930304763,0.29304512516498216,-0.4395680267810908,0.36192068211640516,-0.33748416744327125,0.08713548967350124,-0.3055443630568261,0.7201975096764641,0.3108954925594804,-0.12306257538990868,-0.3557757549279638
18,0,0.3345571318217431,-0.153451330652098,0.8850505228340696,-0.37269333226118356,0.5172788029102846,-0.3771380538131737,0.49268117580463044,-0.4361421543353079,-0.040918315231024883,-0.22004810410620326,-0.027856881540867375,0.07374055777264124,-0.9652331964205898,-0.6537346196412519,0.2655611894924784,0.2666996570152727,0.4857544850410787,-0.4828234060677884,0.3330868533339032,-0.42382651134889865,0.37224387898652667,-0.35992402328537854,0.07112876406052646,-0.27120759059418137,0.6587527363768563,0.3108954925594804,-0.16115069392898596,-0.31619372246190597
19,0,1.3119996481523204,0.05928334664785139,0.0331913402079706,-0.7616015136904725,0.11686152122107392,-0.24555263069572456,0.8367877381420873,-0.35876334108665,0.27921619702847067,-0.38424240195611825,0.5794461103738775,0.07374055777264124,-0.37275135247940744,-0.900681346256584,0.39013719647578526,0.18266945948179852,0.4810910223624682,-0.5249854145218061,0.3090618164324777,-0.3890782125775174,0.3688028133631528,-0.36379296394781135,0.103142215286476,-0.2720141590748494,0.6707201776881179,0.37018422625619024,-0.20770283881007842,-0.4266847435703637
20,0,0.48788144810897366,-0.34491254022203865,0.3316529516389993,-0.40177057947082534,0.5973622592459417,-0.3069591614838616,0.5615024882721316,-0.4051906290358359,0.43928345315821843,-0.544403857402667,0.25436039117245807,0.07374055777264124,-0.5843520110298168,-0.8209528316636446,0.3537226713575979,0.20986910750800405,0.5061700883229915,-0.5042678758849158,0.3250785076999733,-0.3659776605191281,0.365361747739779,-0.3715308452726772,0.15916575493170576,-0.31891035502215437,0.65607345847135,0.3108954925594804,-0.28387907588823,-0.5091649502598851
21,0,0.9478543969702296,0.26442035690134685,0.05184519092239369,-0.44175179438412404,0.3571118902353287,-0.546249690189966,0.32062789463591423,-0.4361421543353079,0.27921619702847067,-0.5397948946560074,0.9831239814701203,0.6666278947397393,-0.5843520110298168,-0.4279547553072346,0.3728882108934745,0.11672170951881974,0.44637413353281213,-0.5140814468181781,0.341095198967469,-0.3660263958610245,0.39633133835015083,-0.3800425147300287,0.14315902931873098,-0.34840771660080133,0.6844738042697127,0.3108954925594804,-0.3219671944273043,-0.4742396274957156
22,0,-0.5087266077576981,0.6139130410369484,-0.3347040488823703,-0.29636555833579137,0.5172788029102846,-0.012597696436063765,1.008841019310828,-0.37423910373636393,0.519317081224912,-0.6705742125926148,0.9170351264676617,0.07374055777264124,-0.6689922744499986,-0.85693649754187,0.26939429739963205,0.07402282071790493,0.34813051977009657,-0.5020870823441885,0.34109519896746887,-0.33581048388592,0.4410651914540205,-0.36727501054400147,0.1831758433513499,-0.3753701486687856,0.7093017795274056,0.3108954925594804,-0.3431272602823453,-0.5381635515852831
23,0,-0.12541581703973062,0.6017567737626774,-0.055932613205478446,-0.5435221596179528,0.43719534657098574,-0.23531820889774605,0.4582705195708921,-0.2194814772390921,0.43928345315821843,-0.5657203101059802,0.5026401437493558,-0.5191467791944568,0.13509022804159318,0.3672137043941335,0.3077253764714288,0.26578793696970576,0.2485396834557792,-0.5104467909169645,0.3811369271360258,-0.32094620460784534,0.4513883883241444,-0.3661143283452729,0.2231926573836049,-0.385279418574114,0.6862599895400523,0.19231802516606084,-0.3473592734533558,-0.46690178190485704
24,0,0.83286115975497,0.03345127868999102,0.03422766524766077,-0.40903989127323576,0.43719534657098574,-0.4015057247608429,0.3894492071034154,-0.47870050162206534,-0.20098557136077266,-0.5276963674460131,0.39189665698843834,-0.5191467791944568,0.21973049146177498,-0.770857924264526,0.39205375042937285,0.19847260693836807,0.19309629383230548,-0.48464073401838287,0.3410951989671048,-0.3574489756874527,0.4513883883241444,-0.3804294087962715,0.17517248054468054,-0.39743555781843765,0.653572799092877,0.0737405577726412,-0.2881110890592376,-0.5059899209176828
25,0,0.56454360625248,-0.5287760827455599,-0.23728949515142347,-0.16188328999107435,0.3571118902353287,-0.30208562729431,0.04534264476595851,-0.3084671124750355,-0.040918315231024883,-0.0996389523496059,0.42583417712486593,0.07374055777264124,-0.03419029879874035,-0.4399493105999764,0.4016365201973329,0.22931913514685828,0.15755034497089962,-0.4417517943841241,0.32507850769960916,-0.32182344076195396,0.4823579789345163,-0.3699832690077058,0.1511623921250364,-0.4025630288740977,0.5974865816042818,0.07374055777264121,-0.25425498369117094,-0.5402802378134095
26,0,0.04707403878337651,-0.10330672814569568,-0.004116361220922722,-0.736158922382036,0.3571118902353287,-0.180247272555964,0.7679664256746106,-0.4903073236093508,0.3592498250951643,-0.13881513569626405,1.0295647984989125,0.6666278947397393,-0.07651043050881622,-0.6375066918922572,0.33839023972889665,0.09438456840232609,0.13827469923264357,-0.4650135921518622,0.3571118902346003,-0.3128074025113146,0.5580614226487578,-0.3761735740676002,0.18317584335098597,-0.40411855380109396,0.662682343971599,0.133029291469351,-0.26695102320419667,-0.5753466729927876
27,0,-0.3937333705422207,-0.053162125639258796,0.6425504635463337,-0.17278725769469,0.5172788029102846,-0.23141938154612252,0.9400197068433268,-0.28138452783799206,0.3592498250951643,-0.2695944536328715,0.38296573063674016,0.6666278947397393,-0.16115069392899803,-1.1779672421418044,0.3498895634504444,0.03892159896341639,0.13464756159372326,-0.42975742991013854,0.4211786553045827,-0.28390734476737756,0.5821488820123795,-0.37888183253130014,0.23919938299657964,-0.3960528689944346,0.5439010234941563,0.133029291469351,-0.3092711549142816,-0.6319327514915015
28,0,0.6412057643959863,0.7613077817376221,-0.23418052003235298,-0.29636555833579137,0.03677806488541685,-0.10763161313192045,0.6991451132071095,-0.5715550775203933,0.3592498250951643,-0.024743307716362822,1.1921076580996224,1.2595152317068374,-0.37275135247940744,-0.36022079600703694,0.38055442670786876,0.1303975102023884,0.022724457307080996,-0.42212465251759934,0.37312858150209594,-0.2569567006992522,0.6027952757526275,-0.3924231248498087,0.27921619702919853,-0.37652238935545046,0.6658974774582053,0.2516067588627706,-0.2500229705201633,-0.6025813691280801
29,0,0.5070469876448502,0.6245497749019355,0.329580301559619,-0.5580607832228149,0.11686152122107392,-0.30598445464593355,0.3550385508696526,-0.37423910373636393,0.6793843373546599,-0.41074393774943657,0.6276731126729714,0.6666278947397393,-0.20347082563907387,-0.35739854770286833,0.30005916065712174,0.1869241530277968,0.05236335344224583,-0.4017705794708336,0.37312858150209594,-0.26299988309427313,0.5546203570253839,-0.3939707011147801,0.3192330110618175,-0.37917254293478236,0.6707201776881146,0.3108954925594804,-0.23309491783612996,-0.5482530892727084
30,0,0.008742959711623347,-0.2537405356649372,0.009355864295073077,-0.5689647509264306,-0.043305391453882,-0.4507284200751453,-0.02347866770154264,-0.45161791698502185,0.1191489408987229,-0.4245708259894151,0.7652093784889517,0.07374055777264124,-1.261474118391181,0.49844825053827585,0.2521453118173867,0.19604135348350699,0.02013364470785321,-0.41848999661639413,0.30906181643211356,-0.27737680895340144,0.49612224142801653,-0.3986134299096987,0.2872195598358679,-0.36718923979345713,0.721805076419764,0.31089549255948046,-0.30080712857226644,-0.41631298105251646
31,0,0.43038482950112605,0.6139130410369484,0.8373795710082745,-0.39813592356962013,0.43719534657098574,0.10680389120755077,0.4582705195708921,-0.24269512121370707,0.27921619702847067,-0.20506897517953368,0.7902159722736811,-0.5191467791944568,-0.880592933000408,-0.15278554565016594,0.20039835507047635,0.23099062189706715,0.09868708271644129,-0.41412840953494373,0.31707016206567923,-0.21207145081364978,0.5098865039215144,-0.37926872659753863,0.2872195598358679,-0.3337166478458098,0.7025142755001201,0.19231802516606078,-0.3304312207693255,-0.38879606008680956
32,0,1.0436820946498304,0.7992961169697536,0.7047299659278147,-0.32544280554547445,0.03677806488541685,-0.37080245936673006,0.07975330099969687,-0.47096262029716435,0.19918256896541653,-0.46489925002271193,0.5562257018594814,0.07374055777264124,-0.2881110890592256,-0.7214685789414746,0.35563922531122916,0.24952892949034763,0.20263048419745977,-0.417036134255912,0.26902008826319246,-0.24789192710671643,0.4169777320904012,-0.3889410782536186,0.2552061086099184,-0.3131491515888195,0.6664333330393021,0.1923180251660608,-0.2923431022302482,-0.37524926822677
33,0,0.967019936506324,0.5060261689776898,-0.020697561855965472,-0.40540523537203055,0.3571118902353287,-0.7260831017837895,0.18298526970093637,-0.29686029048775003,0.43928345315821843,-0.672302573622599,0.6884034118644617,-0.5191467791944568,-0.7959526695802562,-0.13302980752093538,0.4648828006658346,0.2399558690118489,0.20615398933241108,-0.4032244418313198,0.26101174262962673,-0.29696841639532073,0.3894492071034056,-0.3966789595784844,0.2552061086099184,-0.3238073779404814,0.6850096598508126,0.1923180251660608,-0.38544739199243316,-0.425273619418277
34,0,0.3920537504293729,-1.1122769119110851,0.34097987699623444,-0.5180795683095163,-0.043305391453882,-0.668088044928312,-0.05788932393528099,-0.5676861368579648,0.3592498250951643,-0.7587206251225432,0.8277258629507753,0.07374055777264124,-0.33043122076933157,-0.8287140145001335,0.4208020597332749,0.12538304995174127,0.23682921050726846,-0.41412840953494784,0.21296166882714,-0.3236266484120677,0.34471535399953596,-0.40557752310207434,0.3112296482555121,-0.3469098037081344,0.7285925804470463,0.2516067588627706,-0.4404635632155438,-0.43105922844183764
35,0,0.21956389460626574,-0.009095656769991954,0.5834799362839468,-0.4744636974950123,0.3571118902353287,-0.2372676225735135,0.7679664256746106,-0.2929913498253215,0.039115312835668756,-0.41016781740609104,0.9098903853862969,0.07374055777264124,-0.2881110890592256,-1.4411418965061562,0.3863040885686535,0.17735109254929807,0.31890615365080544,-0.44538645028534163,0.21296166882714002,-0.317144847939988,0.4169777320904012,-0.404029946837103,0.31923301106218144,-0.37796269021378287,0.7769982012731894,0.2516067588627706,-0.46585564224159237,-0.5311784870324556
36,0,0.02790849924749993,-0.4619166127370004,-0.49533443003451194,-0.41630920307568753,0.3571118902353287,-0.016496523787687293,0.49268117580463044,-0.16144736730262063,0.27921619702847067,-0.36234982890945944,0.4847782910459913,0.6666278947397393,-0.20347082563907387,-0.08222933804577459,0.3843875346150658,0.14149010409016757,0.26978434676944657,-0.41340147835470675,0.21296166882714002,-0.30076977306316033,0.38944920710340314,-0.37114395120642996,0.3112296482555121,-0.40031615953510247,0.7225195505278974,0.2516067588627706,-0.47855168175461815,-0.47565075164780735
37,0,-0.2595745937910846,-0.10786532837354729,0.0860439172322165,-0.49990628880344884,0.2770284338960298,-0.2860029644688519,-0.29876391757149834,-0.36650122241150696,0.19918256896541653,-0.311075118352807,0.8312982334914419,0.07374055777264124,-0.37275135247940744,-0.5733005429722703,0.39780341229017946,0.13601978381673877,0.21413369213803485,-0.44611338146558266,0.18893663192571453,-0.30622813135543325,0.26557084466192066,-0.37965562066378145,0.29522292264253724,-0.404464226007096,0.7673528008133675,0.19231802516606084,-0.4997117476096591,-0.41518408173085397
38,0,-0.4512299891498504,0.22339295485064778,0.40419570441738206,-0.3399814291502953,0.5172788029102846,-0.5121349508632823,0.18298526970093637,-0.3858459257236934,0.19918256896541653,-0.423418585302724,0.0632385672463523,0.6666278947397393,0.21973049146177498,-0.7461632516030003,0.2885598369355957,0.0822283011280413,0.27797131458300833,-0.45047496854703306,0.2369867057282013,-0.3466784651285695,0.21395486031130334,-0.3610847054841114,0.2792161970295625,-0.4443317537657321,0.6544658917280406,0.133029291469351,-0.44046356321554087,-0.45377832729045037
39,0,0.2578949736782368,0.6321474419483895,0.5814072862045664,-0.43811713848291883,0.11686152122107392,-0.3824989414216893,0.2862172384021759,-0.3897148663861219,0.3592498250951643,-0.274203416379531,0.4776335499646264,-0.5191467791944568,-0.7536325378701804,-1.0664884341268925,0.2636446355389344,0.0829880678326867,0.3031540130475031,-0.43848060407304346,0.2369867057282013,-0.35432991380614504,0.20707272906455568,-0.3626322817490873,0.24720274580361296,-0.43067770162874164,0.639461935457206,0.014451824075931385,-0.4954797344386515,-0.5246873159328527
40,0,0.2578949736782368,0.6291083751298217,0.46948418191793356,-0.42357851487809794,0.19694497756037277,0.03808705913513072,1.008841019310828,-0.5019141455966363,0.3592498250951643,-0.508108275772684,0.440123659287564,0.6666278947397393,-0.5843520110298168,-1.0968276033967805,0.2885598369355958,0.1712729589121626,0.34916684480978916,-0.4239419804682102,0.2610117426296268,-0.3054483658851174,0.3103046977657927,-0.36766190461024867,0.2712128342232571,-0.43903144660706844,0.6069533635370673,0.07374055777264119,-0.42776752370251503,-0.6842149013263584
41,0,-0.20207797518323695,0.890468121526855,0.9420484000170761,-0.5435221596179528,0.19694497756037277,-0.13687281826914122,0.4582705195708921,-0.5792929588452943,0.6793843373546599,-0.5945263272726282,0.7794988606516497,0.07374055777264124,-0.542031879319741,-0.0476567963196336,0.22531355646715942,0.19892846696115324,0.35963372771066926,-0.4384806040730435,0.23698670572856545,-0.3298160368327866,0.3103046977657927,-0.4013216883734074,0.311229648255876,-0.4779771818163779,0.6058816523748641,0.133029291469351,-0.3939114183344483,-0.6737020263933051
42,0,0.6028746853242332,0.594159106716258,0.1834584709631869,-0.1764219135958952,0.5172788029102846,-0.16367725631154187,0.802377081908349,-0.3162049937998925,0.27921619702847067,-0.4971619892493808,1.0902950976903711,1.2595152317068374,0.1774103597516991,-0.8752811115190162,0.18123281553459974,0.1784147659358037,0.30750657821420646,-0.4235785148780856,0.2850367795310523,-0.30910351652726786,0.38256707585665795,-0.3858459257236802,0.31923301106218144,-0.4812034557390448,0.6592885919579531,0.2516067588627706,-0.3473592734533558,-0.6890832796510593
43,0,-0.31707121239871433,-0.025810524272149096,1.5078818716884284,-0.576234062728841,0.6774457155852405,-0.03404124686994883,0.3894492071034154,-0.5057830862590649,0.1191489408987229,-0.33815277448947084,0.554439516589148,0.6666278947397393,-1.261474118391181,-0.679840416454887,0.05282370064409592,0.1252310966108198,0.46036452156864593,-0.44066139761376666,0.31707016206604344,-0.23989933103588373,0.40321346959690585,-0.40673820530081173,0.2872195598362319,-0.44778847582573195,0.6458922024304217,0.37018422625619024,-0.39391141833444837,-0.7437643405444545
44,0,-0.3554022914704675,0.594159106716258,0.29641790028950993,-0.31090418194061226,-0.043305391453882,-0.36690363201510656,0.802377081908349,-0.335549697112079,0.43928345315821843,-0.08005086067632923,0.8384429745728068,0.07374055777264124,-0.542031879319741,0.033482842425415216,-0.021921903545888126,0.29587469847355413,0.4559083238979734,-0.41994385897687625,0.31707016206604344,-0.20978088974456321,0.48924011018126884,-0.38352456132622315,0.29522292264253724,-0.37992149938111053,0.6469639135926248,0.37018422625619024,-0.4150714841894893,-0.6575446548518997
45,0,0.2578949736782368,-0.5454909502476825,0.3036721755673411,-0.3581547086563214,0.2770284338960298,-0.40053101792291484,0.14857461346719802,-0.26203982452584956,0.43928345315821843,-0.35831698650614546,1.5296966741934064,-0.5191467791944568,-0.24579095734914974,0.027838345817052877,-0.018088795638691018,0.24223516912578505,0.42792754782631287,-0.40831296009300705,0.30906181643211356,-0.22610722927950336,0.42730092896052757,-0.38042940879627596,0.33523973667479223,-0.37473641629111604,0.7089445424733358,0.3108954925594804,-0.41083947101848173,-0.5106466306195787
46,0,0.8711922388267233,-0.153451330652098,1.416685268195599,-0.5289835360131319,0.19694497756037277,-0.30257298071327404,0.11416395723343523,-0.25043300253856404,0.5993507092879662,-0.3081945166361317,-0.0564358458662634,0.6666278947397393,-0.6689922744499986,-0.32776494050902244,0.0662395783192313,0.2730816973342753,0.619129517649324,-0.41958039338675157,0.29304512516461795,-0.254714874972062,0.3894492071034081,-0.38932797231987026,0.3672531879007418,-0.36932088506378324,0.6548231287821104,0.3108954925594804,-0.45739161589957417,-0.5352001908659035
47,0,0.10457065739100625,1.4177462145488422,0.46948418191793356,-0.5980419981361137,0.2770284338960298,-0.013085049855027788,0.6991451132071095,-0.4554868576474504,0.519317081224912,-0.45856192624606823,0.03287341765062298,0.6666278947397393,-0.8382728012903321,-1.0107490301194366,0.10265410343744039,0.4256428516265142,0.6574735441178956,-0.42939396432001803,0.29304512516461795,-0.22742308351067958,0.48924011018126884,-0.3982265358434646,0.39926663912669136,-0.38406956585310936,0.5749806471980283,0.3701842262561902,-0.5039437607806666,-0.5789450395806202
48,0,0.4687159085728792,-0.5333346829734115,0.6290782380303614,-0.2709229670273135,0.2770284338960298,-0.020395351139310815,0.3550385508696526,-0.5638171961955363,0.3592498250951643,-0.3756005968060924,0.4472684003688971,-0.5191467791944568,-1.0498734598407715,-1.159622628164658,0.19464869320971334,0.3499700878441083,0.6799617974791936,-0.42248811810771986,0.26902008826319246,-0.17824912353828246,0.5064454382981405,-0.4160236628906489,0.4152733647396662,-0.3792877670034462,0.6133836305102829,0.2516067588627706,-0.6309041559109213,-0.6202909772367858
49,0,1.6953104388702878,0.9451713242611435,0.23838369806681314,-0.32907746144667965,0.3571118902353287,-0.004800041732816714,0.6991451132071095,-0.37423910373636393,0.5993507092879662,-0.3790573188661132,0.8366567893024736,0.6666278947397393,-0.4997117476096651,-0.2543864846004624,0.33839023972891846,0.3812724760753837,0.6456594386654183,-0.41158415040409596,0.29304512516461795,-0.1404792335693952,0.5477382257786338,-0.4144760866256731,0.43928345315894635,-0.38977315725210443,0.6492859544440677,0.37018422625619024,-0.6055120768848697,-0.5390807822841429
50,0,1.3694962667599502,-0.025810524272149096,0.6767491898561565,-0.1364406986825965,0.43719534657098574,0.08584769419254107,0.8367877381420873,-0.4903073236093508,0.1191489408987229,-0.19239432762624625,0.6401764095653362,0.6666278947397393,-0.9229130647105139,-0.5189722631168987,0.4495503690370898,0.31578058613518667,0.6663859394592405,-0.3828703687845458,0.31707016206567923,-0.13570317006365418,0.5305328976617598,-0.41331540442694453,0.41527336473930215,-0.3582017624374606,0.6692912294718448,0.37018422625619024,-0.6393681822529395,-0.4812952482561547
51,0,0.7753645411473403,0.26593989031063076,0.7575825429520606,-0.2818269347309705,0.19694497756037277,-0.26602147429177025,0.9400197068433268,-0.24656406187613555,0.43928345315821843,-0.4522246024693721,0.618742186321305,0.6666278947397393,-0.33043122076933157,-1.245701201442002,0.5472946206701474,0.25332776301356424,0.647939353752739,-0.35670084629584753,0.3170701620656793,-0.14861803566591708,0.5787078163890033,-0.3800425147300287,0.39126327631965807,-0.343971589957135,0.6532155620388103,0.4294729599529,-0.6182081163978985,-0.6010996887683915
52,0,0.08540511785512968,-0.1580099308799496,0.6332235381891221,-0.1364406986825965,0.03677806488541685,0.25837080450208155,0.11416395723343523,-0.327811815787178,0.3592498250951643,-0.5449799777460125,1.1367359147191636,-0.5191467791944568,-0.41507148418948325,-0.7475743757550847,0.4955476639232371,0.1781108592539435,0.6929158604753325,-0.3527027248045177,0.26902008826319246,-0.10641322958455472,0.5098865039215118,-0.38120319692875726,0.3992666391263274,-0.3487533888067982,0.6578596437416897,0.2516067588627706,-0.6774563007920167,-0.5883290151919984
53,0,0.7753645411473403,0.6974873785476304,0.4269948552905894,-0.49990628880344884,0.5172788029102846,-0.38444835509745673,0.3550385508696526,-0.29686029048775003,-0.20098557136077266,-0.3404572558628006,0.5062125142900225,0.6666278947397393,-1.5153949086516962,-0.7652134276561887,0.6047912392778427,0.25044064953592143,0.5848271588355486,-0.34506994741197844,0.25300339699569696,-0.1414539404073055,0.5064454382981356,-0.36031091735162574,0.36725318790037786,-0.34898383694413115,0.6530369435117771,0.2516067588627706,-0.7028483798180682,-0.5968663163121286
54,0,0.6795368434677395,0.6883701780919272,-0.01862491177658513,-0.32907746144667965,0.3571118902353287,-0.13151193066062564,0.802377081908349,-0.26977770585070654,-0.12095194329407902,-0.29840047079951953,0.5365776638857835,0.07374055777264124,-0.6266721427399228,-0.6664347370100608,0.7082851527716633,0.2598617566734884,0.5533228776289392,-0.34688727536258523,0.29304512516461795,-0.11791477027185741,0.5064454382981356,-0.35373371822548855,0.3112296482551481,-0.37081879795645023,0.6228504124430747,0.2516067588627706,-0.7113124061600864,-0.6668580742556761
55,0,-0.04875365889622429,0.847921186066872,0.6518773889035688,-0.576234062728841,0.5973622592459417,0.05465707537955287,0.18298526970093637,-0.4593557983098789,-0.040918315231024883,-0.39057972573276195,0.2454294648207599,0.6666278947397393,-1.2191539866811052,-0.9063258428649464,0.6776202895142172,0.3992029703049438,0.588143398962562,-0.3686952107698372,0.32507850769960916,-0.07239596094161065,0.5098865039215095,-0.37346531560389146,0.26320947141622375,-0.37404507187911185,0.49442369150581006,0.3701842262561902,-0.808648709093282,-0.7602744931238761
56,0,-0.29790567286283776,0.7992961169697536,0.4871017075926665,-0.49627163290224363,0.2770284338960298,-0.31865564353873216,0.32062789463591423,-0.6605407127563366,0.519317081224912,-0.5438277370593214,0.27758079968685423,1.2595152317068374,-0.880592933000408,-1.1490391970240006,0.5607104983452611,0.494477715067129,0.4951850429022687,-0.36542402045874833,0.33308685333317484,-0.07400422722415646,0.5305328976617573,-0.41447608662566876,0.2552061086099184,-0.3976083939214308,0.5278253560611219,0.4294729599529001,-0.829808774948323,-0.842401918775374
57,0,-0.010422579824471123,1.5469065543381095,0.7555098928726802,-0.45629041798894493,0.5973622592459417,-0.36592892517726716,0.6303238007396083,-0.47096262029716435,-0.040918315231024883,-0.8566610834891363,0.6884034118644617,-0.5191467791944568,-0.2881110890592256,-0.9543040640359135,0.5492111746237134,0.5073937490460556,0.5237876139977433,-0.3512488624440315,0.36512023586816605,-0.10928861475638038,0.5236507664150072,-0.4160236628906401,0.19918256896432468,-0.4374183096457376,0.5933783554825058,0.3108954925594804,-0.7747926037252123,-0.8367574221670215
58,0,0.7370334620755872,0.7187608462776393,0.264291824059091,-0.44175179438412404,0.3571118902353287,-0.6505433218460505,-0.05788932393528099,-0.5522103742082508,0.27921619702847067,-0.5294247284759973,0.9009594590345987,-1.1120341161615548,-0.880592933000408,-1.0834219239519294,0.5760429299739841,0.6326033019711608,0.4873089726006163,-0.36833174517971257,0.37312858150209594,-0.17230341182705436,0.4823579789345138,-0.4148629806919115,0.19117920615765532,-0.4528007228127281,0.6387474613490759,0.2516067588627706,-0.7578645510411759,-0.8291373517457487
59,0,1.2928341086164439,-0.16712713133565285,0.7057662909675049,-0.1364406986825965,0.03677806488541685,-0.2465273375336526,0.9400197068433268,-0.4400110949977364,0.19918256896541653,-0.4291797887360746,0.588377036725544,0.07374055777264124,-0.7959526695802562,-0.39126552735296716,0.5357952969485998,0.521373456411481,0.5340472318906855,-0.3490680689033042,0.3410951989671047,-0.19647614140713793,0.5064454382981356,-0.42144017981804877,0.15116239212540034,-0.4578129697997242,0.6139194860913829,0.19231802516606084,-0.7874886432382351,-0.8428252560209991
60,0,0.6795368434677395,0.6898897115012111,-0.07458646391990155,-0.4708290415938071,0.11686152122107392,-0.35471979654127195,0.07975330099969687,-0.34715651909936446,0.19918256896541653,-0.3542841441027791,0.6526797064577009,0.6666278947397393,-0.07651043050881622,-0.21064163588574833,0.4667993546193787,0.5929434799888171,0.45891366651307963,-0.38250690319442526,0.30906181643211356,-0.24053289048051923,0.4307419945838965,-0.40712509936705016,0.1591657549320697,-0.47400195144737756,0.6151698157806194,0.19231802516606084,-0.7028483798180652,-0.8119921932978841
61,0,0.008742959711623347,0.16261161847922379,0.7596551930314409,-0.5944073422348671,0.5172788029102846,-0.4746087376038505,0.3550385508696526,-0.3394186377745075,-0.12095194329407902,-0.553621782895986,0.027514861839591395,0.07374055777264124,-1.0921935915508474,-0.7652134276561887,0.390137196475807,0.5826106528056764,0.45912093152101774,-0.41376494394481494,0.3410951989671047,-0.2613916168117273,0.3722438789865291,-0.41641055695688733,0.10314221528683995,-0.48414166949003895,0.5560470833324481,0.133029291469351,-0.7790246168962169,-0.7639434159193028
62,0,0.7945300806832168,0.22491248825993165,-0.12743904094414743,-0.05647826885604039,0.8376126282601964,-0.4760707978607426,0.6647344569733711,-0.6411960094441942,0.1191489408987229,-0.9816791979923931,1.0795779860683714,-0.5191467791944568,-0.542031879319741,-1.0481438201497462,0.4610496927586157,0.6209028947196645,0.38305467360769074,-0.4057687009621593,0.4211786553045827,-0.33483577704800965,0.4273009289605227,-0.447748976322589,0.07913212686719581,-0.5278115915146769,0.5503312904673688,0.133029291469351,-0.7917206564092426,-0.794000360358769
63,0,1.6761448993344112,0.3540728280491644,0.33579825179776,-0.5108102565071059,0.43719534657098574,-0.039402134478464426,1.008841019310828,-0.4593557983098789,0.3592498250951643,-0.24136455680951655,1.1224464325564656,0.6666278947397393,-1.0921935915508474,-0.11186294523962047,0.5511277285773228,0.586561439669818,0.3739350132584078,-0.40685909773252504,0.4131703096706528,-0.30033115498611046,0.49268117580464016,-0.4639985271048019,0.13515566651278949,-0.5179023216093486,0.6119546822940132,0.13302929146935102,-0.7494005246991577,-0.7286653121171122
64,0,0.44955036903700263,-0.03948632495570394,-0.045569362808553164,-0.5326181919143371,0.3571118902353287,-0.19632993538142215,1.2841262691807838,-0.49804520493420784,0.43928345315821843,-0.5409471353426984,-0.14931747992381636,0.07374055777264124,-0.2881110890592256,-0.33905393372572207,0.5281290811342491,0.5137757893650549,0.371240568155211,-0.4272131707792908,0.4131703096706528,-0.3068129554581901,0.5408560945318837,-0.48682527701315204,0.19117920615801925,-0.5421569880636665,0.5433651679130531,0.133029291469351,-0.7155444193310881,-0.6959272317886783
65,0,0.5837091457883566,-0.8250850975561913,0.38554185370293537,-0.2309417521140148,0.2770284338960298,-0.5886494376389494,0.3894492071034154,-0.4245353323479784,0.3592498250951643,-0.5553501439260226,0.8705943094388694,0.07374055777264124,-0.03419029879874035,-1.2866238018525473,0.5913753616027072,0.3464751610027485,0.3446070146351476,-0.3926839397178082,0.3811369271356616,-0.3711436067600403,0.5615024882721316,-0.4833432304169619,0.23119602019063817,-0.5586340298829925,0.6058816523748641,0.07374055777264121,-0.5970480505428516,-0.7339570276874383
66,0,-0.22124351471911352,0.27049849053848235,0.05806314116055829,-0.5689647509264306,0.11686152122107392,-0.04330096183008795,0.11416395723343523,-0.6141134248071507,-0.040918315231024883,-0.194698808999576,0.07931423467938359,0.07374055777264124,-0.542031879319741,-0.44559380720833874,0.5990415774170796,0.29359539835962145,0.3017031579919368,-0.39995325152022687,0.36512023586816605,-0.34360813858917594,0.5408560945318837,-0.47870050162204336,0.17517248054504447,-0.5237211370770181,0.586054995874117,-0.044836909620778395,-0.5631919451747848,-0.6636124887058721
67,0,-0.22124351471911352,1.094085598371101,0.15029606969305428,-0.6452925248518229,0.5172788029102846,-0.4209998615189605,0.6647344569733711,-0.4051906290358359,0.6793843373546599,-0.46374700933607327,0.7169823761898578,0.07374055777264124,-0.5843520110298168,-0.2141694462659591,0.5779594839276154,0.24831330276292057,0.2411817756739742,-0.41885346220651465,0.3571118902346003,-0.3491152322233453,0.54429716015526,-0.47212330249591056,0.24720274580361296,-0.48442972966171166,0.5889128923066566,0.014451824075931407,-0.592816037371844,-0.5895990269288768
68,0,-0.08708473796797746,-0.1017871947364118,0.25703754878123625,-0.46355972979139665,0.3571118902353287,-0.26261000035911075,0.5270918320383933,-0.3781080443987924,0.19918256896541653,-0.3946125681360759,0.8348706040321402,0.07374055777264124,-0.24579095734914974,-0.8865701047357158,0.4955476639232589,0.16625849866151549,0.24045634814618871,-0.4210342557472419,0.3571118902346003,-0.31032190007465127,0.6027952757526274,-0.45471306951496465,0.23919938299730753,-0.47094851362771956,0.5823040068064108,0.13302929146935102,-0.5293358398067182,-0.5699138450072554
69,0,-0.3554022914704675,0.5424949708005373,0.6560226890623295,-0.2091338167067835,0.6774457155852405,-0.16367725631154187,0.42385986333715375,-0.4903073236093508,0.3592498250951643,-0.37329611543276264,0.5383638491561168,0.6666278947397393,-0.6689922744499986,-0.9112647773972415,0.3307240239145678,0.2372207088751345,0.23548198795567118,-0.4283035675496606,0.4211786553045827,-0.3020368919524402,0.5511792914020102,-0.4597426923761261,0.2552061086102823,-0.4653601462973883,0.5773026880494682,0.19231802516606078,-0.5166398002936924,-0.6219137700116828
70,0,1.2736685690805671,1.1320739336032324,-0.050750988007004026,-0.5507914714204045,0.2770284338960298,-0.03696536738373296,0.5270918320383933,-0.44774897632259336,0.3592498250951643,-0.5588068659859909,0.3347387283376463,0.07374055777264124,-0.4997117476096651,-1.5370983388480903,0.3901371964758506,0.2814391310853366,0.237865535546961,-0.43629981053232036,0.43719534657207826,-0.2702614490366863,0.5959131445058797,-0.46980193809844895,0.2712128342232571,-0.4858124184857095,0.5455085902374626,0.133029291469351,-0.5589599320037772,-0.754559440307917
71,0,1.331165187688197,-0.642741088441954,1.0384266287083563,-0.6162152776421398,0.43719534657098574,-0.22752055419449901,1.008841019310828,-0.5173899082463503,0.519317081224912,-0.4170812615260803,0.3454558399596777,0.07374055777264124,-1.261474118391181,-0.41596020001449285,0.522379419273508,0.2009038603932188,0.26574267911465255,-0.4384806040730476,0.42918700093814843,-0.24555263069575117,0.6612933913499972,-0.48759906514563334,0.3352397366751562,-0.47215836634871894,0.5773026880494712,0.133029291469351,-0.5758879846878107,-0.7196341175437474
72,0,-0.4512299891498504,0.6427841758133765,0.9710655011284245,-0.5689647509264306,0.19694497756037277,-0.3332762461073869,0.6991451132071095,-0.4051906290358359,0.039115312835668756,-0.1422718577562849,0.25436039117245807,1.2595152317068374,-0.20347082563907387,0.27831288281259586,0.3978034122902013,0.24269102914856328,0.3755931333219097,-0.4897292522800867,0.365120235868166,-0.2312731755204156,0.6647344569733711,-0.46399852710479744,0.3272363738688508,-0.3882176323251082,0.49478092855987993,0.3108954925594804,-0.542031879319744,-0.5869884472475132
73,0,0.44955036903700263,1.697340361857351,0.17827684576471248,-0.5253488801119267,0.3571118902353287,0.1409186305343231,1.112072988012043,-0.5715550775203933,0.43928345315821843,-0.3946125681360759,0.8455877156541399,0.07374055777264124,0.05044996462144145,-0.9613596847963601,0.27514395926046037,0.37701778252938195,0.3598409927186049,-0.4911831146405687,0.3571118902346003,-0.21324109901913682,0.6750576538434926,-0.4752184550258488,0.33523973667515616,-0.4035424334577641,0.46709505686964736,0.2516067588627706,-0.4277675237025151,-0.6719381212031872
74,0,0.8520266992908466,1.2034920038396435,0.5026465831880427,-0.16188328999107435,0.3571118902353287,-0.39127130296277574,0.3550385508696526,-0.4322732136728794,0.19918256896541653,-0.6440726767992965,0.76878174902965,0.07374055777264124,-0.41507148418948325,-0.969120867632849,0.31539159228584474,0.5013156154089167,0.41466258731826444,-0.45410962444824243,0.3571118902346003,-0.2327352357772722,0.5821488820123795,-0.46864125589971606,0.311229648255876,-0.41385498760342393,0.5589049797649939,0.2516067588627706,-0.44046356321554087,-0.7349448145938998
75,0,0.6412057643959863,0.009138744141414511,1.3171980643852483,-0.5835033745312515,0.19694497756037277,-0.2606605866833433,0.07975330099969687,-0.5096520269214934,0.19918256896541653,-0.5674486711359644,1.1349497294488302,0.6666278947397393,-0.6689922744499986,-0.3185926335204493,0.3211412541466077,0.5847379995786772,0.5078282083864958,-0.48936578668996616,0.34910354460103465,-0.1999363506817116,0.5511792914020077,-0.47715292535706755,0.29522292264290123,-0.41506484032441804,0.5853405217659902,0.3108954925594804,-0.5039437607806667,-0.63814169776069
76,0,0.16206727599863602,-1.2186442505610597,0.23734737302712297,-0.7107163310735581,0.2770284338960298,-0.08277658876528723,-0.19553194887025885,-0.38197698506126493,0.27921619702847067,-0.40613497500277707,0.09003134630141503,0.07374055777264124,-0.33043122076933157,-1.2612235671149796,0.3594723332183826,0.4358237254687231,0.5257566315731522,-0.5035409447046788,0.36512023586853026,-0.20388391337523154,0.5202097007916382,-0.4539392813824789,0.3272363738688508,-0.4362084569247382,0.5864122329281932,0.31089549255948046,-0.48278369492562573,-0.7197046737513542
77,0,0.44955036903700263,-0.5728425516148268,0.7834906689443385,-0.1873258812995522,0.19694497756037277,-0.20900112427422077,0.9744303630770652,-0.24656406187613555,0.3592498250951643,-0.48909630444270047,0.854518642005838,0.6666278947397393,-0.7113124061600745,-0.8964479738003311,0.42655172159399435,0.26913091047013027,0.5890760914982807,-0.45774428034945186,0.33308685333353905,-0.18268403965075755,0.5511792914020076,-0.4380766246665089,0.29522292264290123,-0.43874338643540095,0.6001658595097912,0.37018422625619024,-0.4954797344386515,-0.7879325265047914
78,0,0.20039835507038917,1.180699002700351,0.2269841226301977,-0.4926369770010384,0.5973622592459417,-0.17732315204226853,0.9056090506095885,-0.335549697112079,0.3592498250951643,-0.08465982342298872,0.7527060815966187,1.2595152317068374,-1.68467543549203,0.06241088754319387,0.45530003089783094,0.39737953021380656,0.5860707488831769,-0.460652005070416,0.3571118902346003,-0.17415535481907332,0.5890310132591272,-0.43382078993783757,0.311229648255876,-0.40774811196409216,0.5919494072662391,0.4887616936496098,-0.6393681822529395,-0.6930344272769003
79,0,0.9286888574343529,-0.46647521296485206,0.03733664036673128,-0.5362528478155424,-0.12338884778953907,0.11850037326242134,0.9744303630770652,-0.5522103742082508,0.27921619702847067,-0.13535841363624324,0.4311927329358658,0.07374055777264124,-0.24579095734914974,-0.6487956851089568,0.583709145788313,0.29648251183726765,0.5242021440136171,-0.49336390818129183,0.2770284338971224,-0.145937591861677,0.6440880632331183,-0.4400110949977276,0.30322628544920666,-0.38395434178444027,0.581232295644214,0.4294729599529,-0.5970480505428546,-0.6667875180480719
80,0,0.7945300806832168,0.27049849053848235,0.4850290575132862,-0.4708290415938071,0.3571118902353287,-0.484843159401829,0.9056090506095885,-0.4129285103606929,0.5993507092879662,-0.4003737715694265,1.0367095395802457,0.6666278947397393,-0.11883056221889209,-1.383991368346591,0.535795296948578,0.21032496753079263,0.577780148565646,-0.4853676651986321,0.2850367795310523,-0.19072537106348658,0.6819397850902378,-0.4365290484015375,0.3272363738684868,-0.36811103234278375,0.6514293767684739,0.4887616936496098,-0.5589599320037774,-0.651476820997922
81,0,0.7178679225397105,0.6807725110455078,0.9026680485088024,-0.619849933543345,0.3571118902353287,-0.3269406516609432,0.14857461346719802,-0.26977770585070654,-0.040918315231024883,-0.2759317774095152,1.2296175487767165,0.6666278947397393,-0.6689922744499986,-0.36939310299561007,0.47446557043372933,0.34267632747953874,0.5642042905456907,-0.48573113078875263,0.27702843389748655,-0.20066738081013105,0.5959131445058748,-0.41176782816197316,0.2712128342228931,-0.35399608393112725,0.7398455476501778,0.5480504273463196,-0.4997117476096591,-0.6468201112960338
82,0,0.6987023830036161,1.1092809324639399,0.46015725656069845,-0.5944073422348671,0.5973622592459417,0.1911160326864649,0.49268117580463044,-0.38197698506126493,0.3592498250951643,-0.4833351010094023,0.5312191080747519,0.07374055777264124,-0.24579095734914974,-0.48087191101052185,0.589458807649076,0.38932600314459515,0.5131134660889181,-0.4882753899195963,0.31707016206604344,-0.14822815293074582,0.5752667507656269,-0.409446463764516,0.30322628544884267,-0.38810240825643905,0.7675314193404073,0.4294729599529,-0.5039437607806667,-0.7227385906783456
83,0,1.42699288536758,-0.7080810250412296,-0.10982151526941451,-0.6416578689506176,-0.2034723041288379,-0.14808194690504778,0.7679664256746106,-0.6837543567309516,0.3592498250951643,-0.3830901612694272,0.8956009032235989,1.2595152317068374,-1.1345137232609233,-0.20640826342949536,0.6872030592821338,0.14878386445473707,0.48430362998550536,-0.49990628880346544,0.2610117426296268,-0.17712821067468293,0.5408560945318837,-0.4206663916855719,0.2952229226425373,-0.38695016756977413,0.7725327380973531,0.5480504273463197,-0.622440129568903,-0.647243448541659
84,0,1.3886618062958267,-0.8813078336997292,0.9379030998583154,-0.36542402045873185,0.3571118902353287,-0.18073462597492804,0.49268117580463044,-0.35102545976179295,-0.040918315231024883,-0.6469532785159194,0.5919494072662422,0.6666278947397393,-0.8382728012903321,-0.2797867193380554,0.7408665699826318,-0.0596961192992002,0.5278292816525326,-0.5202603618502312,0.2610117426296268,-0.15607454297589815,0.5546203570253815,-0.41254161629446323,0.27121283422289316,-0.38723822774143646,0.7548495039210124,0.6073391610430294,-0.664760261278988,-0.5783100337121797
85,0,0.9861854760422006,0.32824076009133857,0.8321979458098236,-0.31090418194061226,-0.12338884778953907,-0.5384520354867189,0.3550385508696526,-0.36263228174907847,0.3592498250951643,-0.42860366839272906,1.2224728076953515,0.6666278947397393,-0.542031879319741,0.2331569099457974,0.7753645411472532,-0.02778591770420779,0.47932926979499013,-0.49300044259116726,0.22897836009463557,-0.18385368785623574,0.582148882012377,-0.39783964177722175,0.2872195598358679,-0.37335372746711293,0.7636018117456645,0.6073391610430294,-0.6520642217659622,-0.5231350793655549
86,0,-1.2370171101216618,0.6686162437712369,0.5876252364427075,-0.28546159063217574,0.03677806488541685,-0.3230418243093197,0.18298526970093637,-0.5328656708961083,-0.040918315231024883,-0.22638542788289936,0.3150906903639167,0.07374055777264124,-0.542031879319741,-0.8124860867511137,0.6354561025352233,0.16094013172902186,0.5143570561365486,-0.45047496854702895,0.2049533231935743,-0.20788021141063898,0.6200006038694966,-0.4129285103607061,0.2552061086099183,-0.35537877275512514,0.7861077461519146,0.6073391610430294,-0.6732242876210032,-0.47826133132916837
87,0,1.235337490008814,-0.25070146884636946,0.5057555583071132,-0.39086661176720966,0.5172788029102846,-0.7504507727314588,0.7335557694408478,-0.29686029048775003,0.19918256896541653,-0.4631708889927277,0.3436696546893127,0.6666278947397393,-1.2191539866811052,-1.3084962262099045,0.7140348146324045,0.1931542400058676,0.48658354507282614,-0.4708290415937947,0.23698670572856545,-0.2620251762563628,0.595913144505875,-0.41795813322186753,0.23919938299694357,-0.35278623121012787,0.735022847420262,0.6073391610430294,-0.7240084456731062,-0.5194661565701257
88,0,0.04707403878337651,0.8509602528854397,0.4197405800127582,-0.25274968752128746,0.3571118902353287,0.029802051012919644,0.5615024882721316,-0.5522103742082508,0.519317081224912,-0.45798580590272264,1.6922395337941163,0.6666278947397393,-1.261474118391181,-1.2682791878754012,0.6987023830037032,0.16018036502437646,0.5058591908110821,-0.44684031264581964,0.21296166882750417,-0.24131265595084397,0.5615024882721291,-0.43962420093148474,0.2552061086099183,-0.3901188294581013,0.8289761926400118,0.5480504273463196,-0.6816883139630214,-0.6525351641119853
89,0,0.6220402248601098,1.6304808918487916,0.1637682952090501,-0.45992507389019144,0.43719534657098574,-0.21436201188273635,0.6647344569733711,-0.3935838070485504,0.519317081224912,-0.043179158703000826,0.2740084291461559,0.6666278947397393,-0.542031879319741,-1.470775503699977,0.6680375197462789,0.36987597550574086,0.518502356295314,-0.4392075352532845,0.26902008826355667,-0.27459889446535973,0.5305328976617598,-0.4237615442155147,0.2792161970295625,-0.380900903964777,0.8132577622610407,0.6073391610430294,-0.7113124061600805,-0.7347331459710873
90,0,0.04707403878337651,-0.28565073725993306,0.6435867885860238,-0.5944073422348671,0.11686152122107392,-0.20802641743638137,0.4582705195708921,-0.3162049937998925,0.519317081224912,-0.20794957689620897,0.4508407709095637,0.6666278947397393,-1.2191539866811052,-0.7292297617779384,0.5932919155562949,0.31426105272589927,0.5343581294025878,-0.45156536531739055,0.2449950513621312,-0.24691722026881496,0.4857990445578901,-0.41408919255943466,0.2712128342232571,-0.3616584844974553,0.7546708853939726,0.6073391610430294,-0.8213447486063018,-0.669256985314222
91,0,1.8294692156214238,0.5835223728512364,0.7824543439046483,-0.4744636974950123,0.43719534657098574,-0.08618806269803539,0.9400197068433268,-0.7030990600430942,0.1191489408987229,-0.23445111268952729,0.76878174902965,1.2595152317068374,-1.0498734598407715,-1.098944289624907,0.7044520448644662,0.30453603890647213,0.5223367589421724,-0.43702674171255723,0.2530033969956969,-0.22284196137252418,0.564943553895503,-0.45742132797867335,0.2872195598362318,-0.35751041802545647,0.708587305419266,0.6666278947397393,-0.8594328671453791,-0.7422121039771516
92,0,0.7561990016114637,-0.2658968029392082,0.7886722941427893,-0.5362528478155424,0.19694497756037277,-0.35130832260861244,0.5270918320383933,-0.4090595696982644,0.519317081224912,-0.8111475763658343,0.6991205234864932,0.07374055777264124,-0.37275135247940744,-1.0135712784236053,0.710201706725251,0.16701826536615735,0.5551882627003815,-0.4312112922706248,0.21296166882714,-0.2770843969020319,0.5683846195188792,-0.4601295864423734,0.3032262854492066,-0.3902916655610997,0.72537744696044,0.6666278947397392,-0.8721289066584047,-0.7954820407184601
93,0,0.48788144810897366,0.4528424996527198,1.2260014608924426,-0.25638434342249267,0.8376126282601964,-0.5174958384717093,0.8711983943758257,-0.6063755434822937,0.1191489408987229,-0.3156840810994665,1.3278577386452692,0.07374055777264124,-0.4997117476096651,-0.13726317997718832,0.6162905629993902,0.2831106178355523,0.688770560316567,-0.3926839397178123,0.31707016206604344,-0.3140257860586981,0.5787078163890007,-0.4523917051175076,0.27921619702956246,-0.3835510575441036,0.7686031305026071,0.5480504273463196,-0.808648709093279,-0.7885675323732293
94,0,-0.29790567286283776,0.5576903048934105,1.3596873910125924,-0.5289835360131319,0.11686152122107392,0.004459673227322403,0.42385986333715375,-0.4322732136728794,0.5993507092879662,-0.47815001791939726,0.647321150646701,0.6666278947397393,-1.303794250101257,-0.47804966270635324,0.44763381508352384,0.4270104316948663,0.7309489894319949,-0.4090398912732523,0.2930451251646179,-0.29550635613847304,0.5718256851422531,-0.46051648050861627,0.3432430994814616,-0.3666707314844514,0.774140304840653,0.5480504273463196,-0.8552008539743715,-0.808393826710059
95,0,0.83286115975497,0.49083083488485113,0.0539178410017976,-0.4344824825817136,0.19694497756037277,0.004947026646286425,0.8711983943758257,-0.6682785940811937,0.519317081224912,-0.4487678804094037,0.695548152945795,1.2595152317068374,-0.7113124061600745,-0.7144129581810279,0.4323013834548009,0.4432694391742175,0.6531209789511923,-0.4213977213373624,0.3250785076996091,-0.2411664499251725,0.6234416694928704,-0.49108111174182767,0.35924982509443637,-0.36868715268611885,0.7214478393656973,0.6073391610430294,-0.8721289066584049,-0.9031508135227417
96,0,0.9286888574343529,0.5850419062605202,0.4062683544967624,-0.5253488801119267,0.43719534657098574,-0.6305618316688801,0.9056090506095885,-0.38197698506126493,0.43928345315821843,-0.685553341519232,0.6276731126729714,0.6666278947397393,-0.20347082563907387,-0.7475743757550847,0.6488719802104024,0.43491200542314584,0.6349852907565977,-0.4453864502853375,0.365120235868166,-0.2719184506611286,0.6957040475837356,-0.47599224315834343,0.4072700019333607,-0.4146039440497521,0.7527060815966029,0.6666278947397393,-0.8382728012903382,-0.8966596424231387
97,0,0.2770605132141134,1.4998010186502404,1.2384373613687245,-0.43811713848291883,0.43719534657098574,-0.4049171986935024,0.5270918320383933,-0.6257202467944802,0.43928345315821843,-0.3024333132028335,1.476111116083281,0.6666278947397393,-1.303794250101257,-1.0446160097695354,0.5530442825309322,0.6099622541728069,0.7082534710627588,-0.45011150295690844,0.3571118902342362,-0.23736509325733288,0.6750576538434901,-0.5088782387890165,0.4312800903526409,-0.3985301864707627,0.8659502277359998,0.6666278947397393,-0.8467368276323534,-0.8702716207791019
98,0,0.6987023830036161,0.47411596738269396,0.8363432459685843,-0.39813592356962013,0.7575291719208976,-0.4741213841848865,1.1808943004795442,-0.5251277895712073,0.6793843373546599,-0.2298421499428678,0.854518642005838,0.6666278947397393,-0.880592933000408,0.23174578579371308,0.6182071169529562,0.5722778256225323,0.7499137376583415,-0.46465012656174176,0.39715361840279306,-0.2877574367771135,0.7369968350642314,-0.5061699803253121,0.4472868159656157,-0.37571582087477723,0.7821781385571719,0.6666278947397393,-0.808648709093276,-0.7202691234121904
99,0,1.3119996481523204,0.3100063591798976,0.9275398494613901,-0.5580607832228149,0.5973622592459417,-0.18804492725921107,0.802377081908349,-0.6334581281193372,0.27921619702847067,-0.5017709519960403,0.1936300919809677,0.6666278947397393,-0.9652331964205898,0.032071718273305835,0.6872030592821773,0.4402303723556428,0.8262908930835755,-0.47446369749500406,0.41317030967028867,-0.28512572831476096,0.7507610975577292,-0.5301574124323907,0.42327672754597157,-0.4215750002040812,0.774140304840653,0.6666278947397393,-0.8509688408033609,-0.5699844012148622
100,0,0.16206727599863602,0.22035388803208003,0.4093773296158329,-0.725254954678379,0.43719534657098574,-0.3946827768955239,0.7335557694408478,-0.6528028314314797,0.5993507092879662,-0.32144528453281707,0.711623820378858,0.07374055777264124,-0.33043122076933157,-1.5159314765668006,0.6987023830037031,0.49083083488484414,0.8028699471865564,-0.48754845873935526,0.44520369220527983,-0.3037913642606752,0.7782896225447248,-0.5638171961955495,0.431280090352277,-0.43292457096774195,0.8002186097875825,0.6073391610430294,-0.7620965642121835,-0.6486545726937484
101,0,0.6220402248601098,0.38750256305344416,1.2819630130357589,-0.6234845894445502,0.5973622592459417,-0.10129601868556547,0.7335557694408478,-0.41679745102312143,0.6793843373546599,-0.2747795367228241,0.8080778249770775,-0.5191467791944568,-0.7959526695802562,-1.2167731563242232,0.5779594839275719,0.47122885390506497,0.8528208140996675,-0.502450547934309,0.46122038347277544,-0.3053021598594282,0.7576432288044769,-0.5351870352935523,0.4873036299978707,-0.43695741337107163,0.8041482173823251,0.4294729599529,-0.736704485186132,-0.66043745936368
102,0,1.6953104388702878,0.0911935482428127,0.6549863640226393,-0.3763279881623888,0.5973622592459417,-0.26845824138659036,0.14857461346719802,-0.5135209675839219,0.8394515934844077,-0.5484366998059809,0.47048880888329325,0.6666278947397393,-0.5843520110298168,0.21763454427284484,0.6718706276534543,0.506937889023267,0.8394522210876525,-0.48645806196899366,0.5012621116413323,-0.29701715173722604,0.7197915069473574,-0.545633175082118,0.5193170812238203,-0.4106863257150863,0.7812850459220052,0.4887616936496098,-0.757864551041173,-0.537316877094035
103,0,-0.029588119360347706,-0.7825381620962084,0.5793346361251861,-0.7397935782832411,0.5172788029102846,-0.11737868151102358,-0.12671063640278216,-0.6760164754060947,0.3592498250951643,-0.29494374873949875,0.6383902242950029,0.6666278947397393,-0.542031879319741,-0.9585374364921915,0.6201236709065221,0.38339982284837426,0.7747855386109268,-0.5347989854550684,0.4692287291063411,-0.25700543604115744,0.6200006038694965,-0.552597268274498,0.5433271696434644,-0.4086122924790895,0.7123382944869786,0.5480504273463196,-0.7620965642121806,-0.6194443027455352
104,0,1.503655043511304,-0.027330057681432967,1.1451681077965383,-0.5616954391240202,0.2770284338960298,-0.22167231316701938,1.112072988012043,-0.3162049937998925,-0.040918315231024883,-0.6400398343959302,0.8098640102474107,0.07374055777264124,-1.4307546452315145,-0.46817179364173794,0.8002797425439363,0.32489778659088986,0.7533336102893214,-0.5380701757661573,0.48524542037383667,-0.2796186346805916,0.6888219163369855,-0.5409904462871993,0.47930026719156527,-0.4248012741267428,0.7285925804470496,0.4887616936496098,-0.7747926037252064,-0.6184565158390737
105,0,0.3728882108934963,-1.0332611746282545,1.5068455466487383,-0.41994385897689274,0.5172788029102846,0.329037050250269,1.3873582378820233,-0.39745274771097894,0.5993507092879662,-0.45856192624606823,0.8777390505202343,0.6666278947397393,-0.9229130647105139,-1.0975331654728226,0.7542824476577888,0.1724885856395793,0.8986263808540155,-0.5366163134056753,0.5172788029088279,-0.24720963232019338,0.7404379006876052,-0.5139078616501779,0.4873036299978707,-0.42578067871040925,0.7468116702044935,0.4294729599529,-0.7959526695802503,-0.6567685365682532
106,0,0.5262125271807269,0.9102220558475799,0.4912470077514272,-0.4671943856926019,0.11686152122107392,-0.24165380334410105,0.9056090506095885,-0.5057830862590649,0.6793843373546599,-0.24770188058621265,0.8009330838957126,0.6666278947397393,-0.5843520110298168,-0.8174250212834339,0.7140348146324262,0.20500660059828527,0.907124246179482,-0.5308008639637427,0.48524542037383667,-0.20831882948771546,0.7404379006876052,-0.5262884717699579,0.5113137184175148,-0.38199553261710734,0.7641376673267677,0.4294729599529,-0.8340407881193246,-0.663753601121088
107,0,1.1778408714009665,0.25378362303635976,1.4011403926002464,-0.49990628880344884,0.43719534657098574,-0.35130832260861244,0.8711983943758257,-0.10341325736614919,0.519317081224912,-0.3859707629861025,0.5865908514552106,0.07374055777264124,-0.03419029879874035,-1.2838015535483789,0.8041128504511116,0.08040486103689719,0.9233945493026342,-0.5369797789957957,0.4852454203738367,-0.2029579418792265,0.7748485569213485,-0.4740577728271248,0.5193170812241841,-0.39034927759543425,0.6751856408639606,0.3701842262561902,-0.707080392989073,-0.6876721554989725
108,0,0.12373619692688284,-0.6685731563998143,0.08086229203376563,-0.6089459658397294,0.6774457155852405,-0.22508378709967888,0.5270918320383933,-0.21174359591423508,0.8394515934844077,-0.4810306196360202,0.8973870884939321,0.07374055777264124,-0.16115069392899803,-1.2132453459439874,0.7466162318434383,-0.03386405134135363,0.8478464539091523,-0.5580607832228066,0.477237074740271,-0.1780541821707057,0.7094683100772334,-0.44271935346142754,0.535323806837159,-0.41546812456474946,0.6794724855127698,0.3108954925594804,-0.6351361690819319,-0.8321712686727425
109,0,0.7561990016114637,-0.5318151495641277,0.834270595889204,-0.7070816751723529,0.43719534657098574,-0.18122197939389206,0.8711983943758257,-0.6257202467944802,0.759417965417714,-0.7443176165392192,0.6348178537543363,0.07374055777264124,-0.5843520110298168,-0.2614421053609091,0.6910361671893527,-0.11804620221575617,0.8385195285519338,-0.5729628724177604,0.4612203834727754,-0.1773718873841738,0.7163504413239811,-0.4419455653289418,0.5833439836760832,-0.4397227910190674,0.7235912616901068,0.25160675886277056,-0.5970480505428546,-0.8615226510361641
110,0,-0.24040905425499012,-0.38442040886345386,1.133768532359923,-0.754332201888062,0.6774457155852405,-0.29233855891529553,0.32062789463591423,-0.4284042730104069,0.3592498250951643,-0.4798783789493815,1.0599299480946418,0.6666278947397393,-1.3461143818113328,-0.6981850304320082,0.6507885341639901,-0.17852363190530954,0.9109586488263426,-0.5758705971387288,0.4852454203742008,-0.16713746558615097,0.6750576538434878,-0.4195057094868345,0.5593338952568031,-0.45556610046072377,0.7584218744616853,0.3108954925594804,-0.6986163666470547,-0.7797480064226848
111,0,0.16206727599863602,1.2566756731646136,-0.06629586360238017,-0.6416578689506176,0.19694497756037277,-0.01795858404449071,1.2153049567132825,-0.4554868576474504,0.039115312835668756,-0.45798580590272264,1.2832031068868102,0.6666278947397393,-0.20347082563907387,-0.8068415901427763,0.6047912392778426,-0.09160632089419263,0.7761327611625288,-0.5776879250893355,0.445203692205644,-0.1588037221220435,0.7232325725707313,-0.4233746501492674,0.495306992804904,-0.4738867273787137,0.8059344026526585,0.4294729599529,-0.6393681822529366,-0.7387548498045401
112,0,1.7528070574779175,-0.1488927304242464,0.9586296006521189,-0.5507914714204045,0.6774457155852405,-0.12176486228161114,1.4217688941157616,-0.36650122241150696,0.3592498250951643,-0.47872613826269045,0.6258869274026382,0.6666278947397393,-0.37275135247940744,-1.37552462343406,0.6105409011386056,-0.11561494876089853,0.8064970848254767,-0.5951342734151371,0.45321203783957387,-0.1441343842115456,0.8505520006355874,-0.4086726756320259,0.44728681596597963,-0.4669156712243846,0.821474214504593,0.4294729599529,-0.6182081163978955,-0.8980707665752306
113,0,1.0436820946498304,0.2780961575849017,0.26118284894002053,-0.5362528478155424,0.11686152122107392,-0.4468295927235218,1.008841019310828,-0.23882618055127855,0.27921619702847067,-0.37617671714943796,0.6580382622687325,0.6666278947397393,-0.8382728012903321,-0.7722690484166104,0.7178679225396234,-0.009551516792787512,0.7746819061069601,-0.5747802003683673,0.4131703096706528,-0.1770794753327954,0.9641071662069486,-0.36495364614654435,0.43928345315931033,-0.4750389680653785,0.823439018301966,0.4294729599529,-0.6478322085949546,-0.8794439277676724
114,0,1.3503307272240734,0.13829908393068183,1.0114821776763883,-0.5071756006059006,0.2770284338960298,-0.38444835509745673,0.7335557694408478,-0.4593557983098789,0.27921619702847067,-0.37963343920945875,0.6830448560534302,0.6666278947397393,-0.6266721427399228,-0.3439928682580422,0.7025354909109003,0.0070113973684239675,0.7613133130949452,-0.5693282165165553,0.4131703096706528,-0.1933570795258391,0.926255444349829,-0.379268726597543,0.4712969043852599,-0.44899832854673144,0.810757102882568,0.4887616936496098,-0.5674239583457954,-0.8670260352293029
115,0,0.31539159228586655,-1.1122769119110851,0.4104136546555231,-0.5980419981361137,0.8376126282601964,-0.7533748932451542,0.5270918320383933,-0.5135209675839219,0.43928345315821843,-0.5403710149993529,0.5615842576704813,0.6666278947397393,-0.7536325378701804,-0.4378326243718499,0.6967858290501374,-0.000890176359859085,0.6516701238956236,-0.5871380304324774,0.445203692205644,-0.30159827387538146,0.840228803765466,-0.3908755485848373,0.45529017877228506,-0.4571792374220599,0.7791416235975925,0.4887616936496098,-0.5504959056617621,-0.8010559811192056
116,0,1.6186482807265636,0.17172881893496156,0.3482341522740656,-0.5253488801119267,0.2770284338960298,0.29199819040980124,0.9400197068433268,-0.6411960094441942,0.3592498250951643,-0.29724823011282847,0.4419098445578972,0.6666278947397393,-0.542031879319741,-1.2746292465598057,0.8060294044047212,-0.07473950005112091,0.6373688383478875,-0.5929534798744098,0.4612203834731396,-0.2482330744999912,0.8436698693888399,-0.4044168409033502,0.4232767275463355,-0.4621338723747215,0.743239299663811,0.4887616936496098,-0.5462638924907546,-0.8467764036468427
117,0,1.5228205830471806,0.7354757137797618,0.8964500982706615,-0.7288896105795841,0.6774457155852405,-0.24262851018202908,0.5615024882721316,-0.842380923890652,0.5993507092879662,-0.0979105913196217,-0.07787006911029455,1.2595152317068374,-1.5153949086516962,-0.37362647545186306,0.8405273755693423,-0.026570290976780698,0.5868998089149289,-0.6158518120520234,0.48524542037456503,-0.23736509325733288,0.8127002787784704,-0.4783136075558005,0.43128009035264087,-0.4333278552080734,0.6767932076072605,0.6073391610430294,-0.6943843534760501,-0.7557588958371912
118,0,0.20039835507038917,0.2553031564456436,1.3441425154172164,-0.6089459658397294,0.43719534657098574,-0.417101034167337,0.42385986333715375,-0.5676861368579648,0.3592498250951643,-0.8105714560224888,0.6830448560534302,0.07374055777264124,-1.1768338549709991,-0.40608233094987756,0.8481935913836931,0.0658173403077651,0.713227831253274,-0.6158518120520234,0.4612203834731396,-0.2565668179640987,0.8023770819083464,-0.5139078616501734,0.3832599135137166,-0.4662819388467202,0.6553589843632104,0.6073391610430294,-0.7959526695802502,-0.6750425943377802
119,0,-0.04875365889622429,1.0910465315525333,0.35548842755189686,-0.4708290415938071,0.3571118902353287,-0.4609628418731238,0.802377081908349,-0.38197698506126493,0.3592498250951643,-0.4291797887360746,1.1492392116115282,0.07374055777264124,-0.41507148418948325,-0.317181509368365,0.7676983253329243,0.22810350841943122,0.6653496144195433,-0.5922265486941688,0.45321203783957387,-0.2845409042120219,0.7954949506615988,-0.48953353547685186,0.3432430994814616,-0.4347681560664058,0.7068011201489296,0.6073391610430294,-0.7790246168962168,-0.6806165347385258
120,0,0.7753645411473403,0.30544775895204596,0.30263585052765096,-0.961507588256966,0.19694497756037277,-0.029167712680485913,0.07975330099969687,-0.772739991966895,0.6793843373546599,-0.22811378891288359,1.1099431356641007,1.2595152317068374,-0.6266721427399228,-1.3973970477914421,0.8692756848731573,0.29709032520098116,0.5822363462363163,-0.6129440873310592,0.40516196403708704,-0.2582238195885409,0.7714074912979771,-0.5239671073725007,0.37525655070741115,-0.40959169706275594,0.7118024389058755,0.6666278947397393,-0.7070803929890758,-0.7505377364744692
121,0,1.3119996481523204,0.8859095212990034,1.1814394841857179,-0.6961777074687372,0.6774457155852405,-0.3961448371523273,1.0432516755445664,-0.5870308401701513,0.8394515934844077,-0.6481055192026105,1.1510253968818616,1.2595152317068374,-0.7113124061600745,-1.3924581132591218,0.9842689220885259,0.26001371001442014,0.707009881015126,-0.6183960711828712,0.45321203783957387,-0.2960424448993245,0.7542021631811056,-0.5371215056247708,0.45529017877228506,-0.4286036683927447,0.6985846679053805,0.7259166284364491,-0.7578645510411759,-0.8090993887861038
122,0,1.6953104388702878,1.180699002700351,1.2000933349001646,-0.6416578689506176,0.8376126282601964,-0.6807592338211106,1.5594115190507394,-0.6953611787182371,0.519317081224912,-0.6221801037526377,0.8295120482211086,-1.1120341161615548,-0.6266721427399228,-0.9472484432754918,0.9785192602277627,0.39297288332687985,0.7311562544399305,-0.6274827109358925,0.4692287291070695,-0.35194188205327454,0.7679664256746033,-0.570007501255444,0.4712969043852599,-0.44294906494173947,0.7189471799872276,0.5480504273463197,-0.7832566300672276,-0.766271770770247
123,0,0.8520266992908466,0.12918188347494405,0.5575718102916689,-0.8815451584303686,0.19694497756037277,-0.33522565978315433,0.6647344569733711,-0.49804520493420784,0.1191489408987229,-0.12383600676959448,0.7723541195703165,0.6666278947397393,-0.16115069392899803,-0.1781857803877338,0.9593537206918645,0.37808145591588416,0.7607951505750954,-0.6620119419973751,0.4772370747409994,-0.34078148875923775,0.7335557694408575,-0.5959294036937368,0.45529017877228506,-0.41771499390375516,0.730378765717386,0.5480504273463197,-0.715544419331094,-0.7068634439673593
124,0,1.6761448993344112,0.05320521301068135,1.4260121935528343,-0.5326181919143371,0.3571118902353287,0.10729124462651479,0.9056090506095885,-0.35102545976179295,0.43928345315821843,-0.3179885624727962,0.7705679342999833,0.6666278947397393,-0.7536325378701804,-1.4298529032894567,0.9919351379028981,0.36957206882388405,0.80224815216274,-0.6645562011282188,0.4852454203749293,-0.2916075287868406,0.7507610975577317,-0.5850963698389282,0.47129690438525984,-0.4115505062300889,0.7391310735420413,0.5480504273463197,-0.7282404588441198,-0.8154494474705007
125,0,1.3694962667599502,0.48475270124771563,0.947230025215527,-0.5253488801119267,0.11686152122107392,0.04198588648675424,0.8711983943758257,-0.4129285103606929,0.8394515934844077,-0.3594692271927841,1.1438806558004966,0.6666278947397393,-1.0498734598407715,-1.0918886688644602,1.0973456053503066,0.5292750301397641,0.8559297892187404,-0.6572868893258,0.413170309671017,-0.21207145081364978,0.7851717537914749,-0.5750371241166052,0.5113137184178788,-0.393460327449432,0.7973607133550429,0.5480504273463197,-0.7578645510411789,-0.8808550519197617
126,0,0.6603713039318629,0.545534037619105,1.0581168044624696,-0.25274968752128746,0.2770284338960298,-0.38980924270597234,0.2862172384021759,-0.6141134248071507,0.43928345315821843,-0.8324640290691477,1.2492655867504143,0.07374055777264124,-1.4307546452315145,0.33546341097216115,1.0015179076708365,0.5666555520081784,0.9269180544375809,-0.6300269700667361,0.413170309671017,-0.2802521941252271,0.7197915069473597,-0.5723288656529009,0.5193170812241841,-0.44698190734506393,0.8780962875742946,0.4887616936496098,-0.8467368276323561,-0.7198457861665651
127,0,0.83286115975497,-0.78709676232406,0.5275183841406303,-0.44902110618653446,0.43719534657098574,-0.38785982903011623,0.4582705195708921,-0.6760164754060947,0.5993507092879662,-0.3352721727727956,0.5597980724001479,0.07374055777264124,-0.9652331964205898,-0.2797867193380554,0.9325219653416154,0.4143983043977963,0.8900248830245776,-0.6020401196274311,0.38914527276959154,-0.29477532601003587,0.7094683100772359,-0.5556924208044453,0.5193170812241842,-0.4707180654903813,0.9418631017253389,0.37018422625619024,-0.7917206564092456,-0.7104618105551843
128,0,1.599482741190687,0.96948385880972,0.9669202009696638,-0.34361608505150054,0.2770284338960298,0.06342943692072796,1.4217688941157616,-0.7185748226928081,0.3592498250951643,-0.6446487971425896,0.9581173876854224,1.2595152317068374,-1.0498734598407715,-0.174657970007523,1.0724304039536452,0.485816374634204,0.8523026515798223,-0.5755071315486082,0.37312858150209594,-0.24672227890122939,0.8092592131550965,-0.5707812893879296,0.5193170812241842,-0.4541257996023914,0.969370354888538,0.4887616936496098,-0.7790246168962229,-0.6873193744609489
129,0,1.8294692156214238,0.4254908982855755,1.1213326318836407,-0.6816390838638751,0.43719534657098574,-0.3254785914041398,0.5615024882721316,-0.6489338907690512,0.3592498250951643,-0.35831698650614546,0.724127117271191,1.2595152317068374,-0.41507148418948325,-1.1560948177844472,1.26025269140541,0.41926081130750814,0.9288870720129967,-0.5965881357756151,0.3811369271356616,-0.23317385385433095,0.7851717537914749,-0.5974769799587082,0.5193170812241842,-0.4470395193793985,0.9268591454545042,0.6073391610430294,-0.7790246168962229,-0.7712107053025571
130,0,0.7178679225397105,1.5772972225238215,1.0923155307722925,-0.663465804357849,0.8376126282601964,-0.4117401465588214,0.5270918320383933,-0.5638171961955363,0.6793843373546599,-0.3635020695960981,0.8080778249770775,0.6666278947397393,-0.9229130647105139,-0.8512920009335326,1.254503029544647,0.5464457576646857,1.007855040037461,-0.5667839573857034,0.445203692205644,-0.27143109724216447,0.8299056068953445,-0.5765847003815724,0.5193170812241842,-0.46057834744771997,0.896672614385802,0.5480504273463197,-0.808648709093282,-0.7166002006167662
131,0,0.2578949736782368,-0.004537056542140337,0.9803924264856361,-0.7616015136904725,0.9176960845958535,-0.46778578973853147,0.9744303630770652,-0.49804520493420784,0.519317081224912,-0.320293043846126,0.8920285326829323,0.07374055777264124,-0.7536325378701804,-1.501114672969865,1.1490925620972385,0.4574010998805713,0.9877503342674526,-0.5733263380078768,0.46922872910670527,-0.2785951925007849,0.8230234756485943,-0.567686136857978,0.48730362999823457,-0.4277970999120715,0.8707729279659091,0.4294729599529001,-0.8128807222642926,-0.7274658565878405
132,0,0.8711922388267233,1.33417187703816,1.2591638621625516,-0.5871380304324567,0.11686152122107392,-0.33766242687797443,0.5270918320383933,-0.6411960094441942,0.759417965417714,-0.3479468203261354,0.5705151840221794,1.2595152317068374,-1.8539559623323634,-1.0241547095642627,1.0666807420928823,0.4727483873143522,0.9936573869936914,-0.5678743541560608,0.397153618402793,-0.24428551180647134,0.7197915069473598,-0.5622696199305736,0.5113137184175148,-0.4003737715694212,0.8448732415460162,0.6666278947397393,-0.9356091042235366,-0.7351564832167176
133,0,1.1203442527933367,0.7841007828769148,1.3876681670842506,-0.754332201888062,0.9977795409351523,-0.12176486228161114,1.146483644245806,-0.6682785940811937,-0.040918315231024883,-0.5109888774893593,0.5597980724001479,0.6666278947397393,-1.68467543549203,-1.2104230976398187,1.0935124974431312,0.5382402772545494,1.0766670226729496,-0.5551530585018302,0.477237074740271,-0.22293943205631694,0.7679664256746033,-0.5792929588452722,0.49530699280454005,-0.43908905864139774,0.8236176368289992,0.6666278947397393,-1.08796157837984,-0.838380214941926
134,0,0.5262125271807269,1.6000902236630796,1.0498262041449482,-0.6816390838638751,0.8376126282601964,-0.36982775252889066,0.7679664256746106,-0.5057830862590649,0.5993507092879662,-0.43206039045274985,1.0867227271497046,0.6666278947397393,-0.7959526695802562,-0.6805459785309291,0.9785192602277627,0.6929287783197892,1.039048423732161,-0.5700551476967839,0.5252871485427578,-0.2706513317718575,0.7542021631811056,-0.5947687214949994,0.5113137184175148,-0.45049624143939315,0.8552331161139713,0.6666278947397393,-1.0921935915508474,-0.7634495224660733
135,0,0.29622605274999,-0.8402804316490301,0.24667429838433452,-0.514444912408311,0.9176960845958535,0.03565029204031061,0.6647344569733711,-0.6721475347436662,0.519317081224912,-0.20449285483624055,0.8009330838957126,0.6666278947397393,-1.7693156989121817,-0.36022079600703694,0.8711922388267667,0.5604254650301146,0.9689928510490418,-0.5689647509264224,0.6053706048802358,-0.2712848912165019,0.7335557694408601,-0.6206906239332968,0.47930026719156527,-0.4349986042037387,0.820938358923493,0.6666278947397393,-1.1641378154579884,-0.6902827351803309
136,0,0.6220402248601098,1.2308436052067533,1.271599762638857,-0.7179856428759686,0.5973622592459417,-0.15051871399986788,0.8711983943758257,-0.5522103742082508,0.759417965417714,-0.23329887200288862,0.8509462714651715,1.2595152317068374,-0.542031879319741,-0.8491753147054062,0.8673591309195915,0.6289564217888794,0.9903411468666805,-0.6154883464618905,0.637403987415227,-0.24735583834589145,0.792053885038225,-0.6145003188734067,0.5113137184175148,-0.37508208849711283,0.7811064273949687,0.7852053621331588,-1.075265538866811,-0.8087466077480876
137,0,1.331165187688197,0.5409754373912534,1.1099330564470253,-0.7725054813940881,0.19694497756037277,-0.3137821093491806,1.5594115190507394,-0.6489338907690512,0.519317081224912,-0.7448937368825648,0.6973343382161282,1.2595152317068374,-1.600035172071848,-1.4044526685518637,0.9171895337129141,0.7617636417604108,1.04858261409732,-0.6478367839826459,0.6133789505141656,-0.2399480663777979,0.9021679849862098,-0.6117920604097025,0.5033103556112094,-0.4160442449080898,0.7948600539765668,0.9037828295265784,-1.1387457364319369,-0.9212132026694684
138,0,0.5262125271807269,1.0606558633668213,0.33268927667868947,-0.5944073422348671,0.8376126282601964,-0.4633996089679439,1.525000862817001,-0.7147058820303797,0.8394515934844077,-0.4729649348293922,0.6687553738907321,1.2595152317068374,-1.8962760940424392,-1.7410057788247506,0.8098625123119181,0.770880842216121,0.9851595216682225,-0.6729159097009825,0.6694373699505822,-0.29263097096666507,0.9124911818563337,-0.6114051663434596,0.5513305324501336,-0.39887585867677006,0.7659238525970976,0.9037828295265784,-1.2233859998521037,-1.0778479835511914
139,0,1.733641517942041,0.39358069669057966,1.1721125588285064,-0.4744636974950123,0.5973622592459417,0.11947508010034939,1.112072988012043,-0.6914922380558086,0.6793843373546599,-0.2724750553494944,0.9491864613337243,0.07374055777264124,-0.7113124061600745,-0.528850132181514,0.8002797425439798,0.7676898220566214,0.9902375143627091,-0.6521983710640963,0.685454061218078,-0.24813560381621613,0.9675482318303249,-0.6156610010721353,0.5833439836760833,-0.39029166556110495,0.788429787003351,0.785205362133159,-1.253010092049163,-1.015123514990898
140,0,1.6186482807265636,1.3387304772660118,0.26636447413847136,-0.6561964925554385,0.6774457155852405,-0.35325773628446855,0.9744303630770652,-0.6760164754060947,0.8394515934844077,-0.5634158287326504,0.6812586707830969,0.07374055777264124,-0.9229130647105139,-1.2527568222024486,0.8903577783626652,0.7438331475308404,0.9076424086993271,-0.6514714398838553,0.6694373699505822,-0.24228736278878088,1.012282084934192,-0.6268809289931911,0.599350709289058,-0.41028304147476014,0.775747871583953,0.7259166284364491,-1.253010092049163,-1.0552699971177897
141,0,0.8711922388267233,1.36760161204244,0.519227783823109,-0.6053113099385241,0.6774457155852405,-0.14710724006720838,1.146483644245806,-0.6179823654695792,0.759417965417714,-0.18778536487958675,1.0974398387717361,1.8524025686739354,-0.6689922744499986,-0.7567466827436578,0.9516875048775137,0.8810470143892983,0.8615259444330743,-0.6358424195086604,0.645412333049521,-0.21021950782164858,1.029487413051066,-0.6388746450467283,0.6233607977083383,-0.3970322735781062,0.7962890021928334,0.9037828295265784,-1.2445460657071448,-0.9808331980951689
142,0,0.967019936506324,1.7885123664144524,1.3824865418858,-0.8779105025291634,0.8376126282601964,-0.20802641743638137,1.2497156129470453,-0.5560793148706793,0.759417965417714,-0.16358831045959818,0.975979240388787,0.6666278947397393,-0.8382728012903321,-0.654440181717294,0.961270274645474,0.9264810633269276,0.8738582124053991,-0.664919666718331,0.7174874437534332,-0.19725590687748926,1.1017497911419314,-0.6303629755893768,0.6233607977083382,-0.37859642259145254,0.8368354078294942,0.8444940958298688,-1.1429777496029414,-0.9438617453104718
143,0,1.0053510155780772,2.0681065137229266,0.9078496737072769,-0.5544261273216098,0.7575291719208976,-0.21728613239643185,1.2841262691807838,-0.47870050162206534,0.8394515934844077,-0.28860642496285505,0.7777126753813164,0.07374055777264124,-0.4997117476096651,-0.6099897709265377,0.9497709509239479,1.0548816364115288,0.8258763630677018,-0.6449290592616859,0.6934624068520077,-0.20680803388897134,1.115514053635429,-0.6114051663434641,0.7113977885798815,-0.35635817733880204,0.858626868127611,0.7852053621331588,-1.024481380814705,-0.8838184126391437
144,0,0.5453780667166034,0.8327258519740333,1.5441532480776081,-0.6053113099385241,0.11686152122107392,-0.2708950084813218,0.8367877381420873,-0.5406035522209653,0.6793843373546599,-0.37329611543276264,0.9027456443049637,0.6666278947397393,-1.1768338549709991,-0.7765024208728883,0.9516875048775356,0.9781451992426241,0.8753090674609677,-0.6372962818691507,0.6213872961480955,-0.19691475948421444,1.1223961848821769,-0.6148872129396541,0.7194011513865509,-0.35048174983680336,0.8402291598431368,0.785205362133159,-1.0625694993537793,-0.8934140568733397
145,0,1.2161719504729374,1.355445344768169,0.8218346954128983,-0.7107163310735581,0.7575291719208976,-0.4750960910228145,0.7335557694408478,-0.4129285103606929,0.5993507092879662,-0.5000425909660561,1.0349233543099123,0.6666278947397393,-0.8382728012903321,-0.9740598021651441,1.0436820946498302,1.1977177768843439,0.9328251071638242,-0.6569234237356755,0.6053706048805999,-0.24798939779052692,1.1292783161289244,-0.5889653105013568,0.7274045141928563,-0.3800367234497849,0.8636281868845568,0.785205362133159,-0.9694652095915943,-0.9547979574891505
146,0,1.331165187688197,0.5728856389862493,1.1918027345826196,-0.5798687186300463,0.5973622592459417,-0.5423508628383424,1.3873582378820233,-0.8462498645530805,0.759417965417714,-0.6313980292459567,1.1385220999894967,0.6666278947397393,-1.0921935915508474,-0.8167194592073916,1.114594590932639,1.1319219802622937,0.9248454043582004,-0.6431117313110832,0.6053706048805999,-0.2871726126743744,1.1808943004795442,-0.6183692595358397,0.7274045141928563,-0.4198466391740917,0.8923857697369894,0.7259166284364491,-1.024481380814705,-0.951552371939349
147,0,1.599482741190687,-0.08963092746210627,1.4374117689894261,-0.601676654037319,0.9176960845958535,-0.06279509858820558,0.8711983943758257,-0.49417626427177935,0.9194852215474617,-0.18144804110289064,1.8672856902871589,1.8524025686739354,-1.5153949086516962,-0.8992702221044997,1.141426346282888,1.0688613437769576,0.9575932756124406,-0.6260288485754063,0.677445715584148,-0.26207391159827687,1.1120729880120528,-0.6028934968861124,0.7674213282251113,-0.3635020695961243,1.0093809049440925,0.7852053621331588,-1.0160173544726898,-0.9010341272946126
148,0,0.06623957831925309,1.666949693671639,0.8850505228340696,-0.619849933543345,0.3571118902353287,-0.36397951150141106,1.5938221752844777,-0.6141134248071507,0.6793843373546599,-0.5334575708793637,1.2689136247241122,1.2595152317068374,-0.33043122076933157,-0.49780540083558383,1.0954290513967406,1.1294907268074394,1.0128294002279783,-0.6285731077062541,0.6293956417816612,-0.2521319018516236,1.1189551192588005,-0.5928342511637895,0.7514146026121364,-0.36955133320112143,1.0693967300274303,0.7852053621331588,-0.8594328671453791,-0.776714089495696
149,0,1.2928341086164439,0.9284564567589864,0.7223474916025476,-0.7216202987771737,0.5973622592459417,-0.11737868151102358,1.1808943004795442,-0.6450649501066227,0.759417965417714,-0.46950821276937144,0.6348178537543363,0.07374055777264124,-1.2191539866811052,-0.8244806420438554,1.051348310464181,1.1829783028142802,0.9678528935053826,-0.6532887678344702,0.6293956417816612,-0.2758172780127609,1.1258372505055507,-0.5881915223688711,0.7594179654184419,-0.3892546489431091,1.0379598692694916,0.7852053621331588,-0.910217025197482,-0.8062771404819301
150,0,2.0211246109804075,1.0378628622275288,0.988683026803181,-0.5616954391240202,1.0778629972708094,-0.1943805217056547,1.2841262691807838,-0.6179823654695792,0.6793843373546599,-0.6083532155126068,1.1563839526928614,0.6666278947397393,-1.5153949086516962,-1.1306945830468793,1.0915959434895652,1.152891541310432,1.0400847487718534,-0.6438386624913284,0.6694373699502181,-0.25992955655487954,1.1568068411159225,-0.5823881113752194,0.7434112398054672,-0.3937483876211048,1.085472397460468,0.8444940958298688,-0.9694652095916003,-0.7940709165663732
151,0,0.7561990016114637,0.9223783231218509,1.6819844783565188,-0.692543051567532,0.7575291719208976,-0.2431158636009931,1.4905902065832384,-0.6489338907690512,0.43928345315821843,-0.5674486711359644,1.3171406270232378,1.2595152317068374,-1.1345137232609233,-1.7403002167487085,1.0800966197680393,1.1083692124183728,1.1563604182251948,-0.6525618366542292,0.6774457155837839,-0.269530418908258,1.1912174973496659,-0.5854832639051667,0.7113977885795175,-0.43171471824674257,1.1074424762856183,0.7852053621331588,-1.016017354472693,-0.8924262699668782
152,0,0.3537226713576197,0.6716553105898047,0.243565323265264,-0.8742758466279582,0.8376126282601964,-0.13053722382278624,0.8711983943758257,-0.312336053137464,0.3592498250951643,-0.3306632100261361,0.5133572553713873,1.2595152317068374,-1.2191539866811052,-0.9359594500587922,1.0187668932531688,0.9966835068359081,1.042468296363141,-0.6521983710641087,0.6774457155837837,-0.2617814995468985,1.1533657754925437,-0.5611089377318451,0.6713809745472626,-0.44842220820339634,1.0611802777838784,0.8444940958298688,-1.0541054730117703,-0.920578196801028
153,0,0.7753645411473403,0.024334078234287782,1.0104458526366746,-0.4308478266805084,0.3571118902353287,-0.24019174308729763,1.318536925414522,-0.4438800356601649,0.9194852215474617,-0.4769977772327062,1.1974662139106222,0.6666278947397393,-0.11883056221889209,-0.6057563984702848,0.9957682458100953,0.7923062632870442,1.0527279142560808,-0.6398405409999985,0.637403987415227,-0.26407206061598504,1.1568068411159176,-0.557626891135655,0.679384337353568,-0.4672613434303815,1.103155631636809,0.9037828295265784,-1.016017354472693,-0.9201548595554028
154,0,0.5070469876448502,0.6655771769526692,0.8176893952541376,-0.5689647509264306,0.6774457155852405,-0.017471230625526687,0.9744303630770652,-0.942973381113881,0.9995188496141554,-0.013220900849661672,1.1295911736377986,1.2595152317068374,-1.6423553037819238,-1.2365288944534538,0.99193513790292,0.7755913957849079,0.9800815289737337,-0.6362058850987892,0.6934624068516435,-0.23872968283040552,1.1705711036094155,-0.5978638740249467,0.7113977885795176,-0.43125382197207135,1.1258401845700923,0.9630715632232881,-1.0625694993537853,-0.9661575069134594
155,0,1.42699288536758,0.08207634778710947,1.1658946085903419,-0.5725994068276359,0.3571118902353287,-0.5287049671077044,1.1808943004795442,-0.5754240181828657,0.3592498250951643,-0.5951024476159739,0.8205811218694422,1.2595152317068374,-1.0498734598407715,-0.6057563984702848,1.0130172313923842,0.6482544960868019,1.014487520291478,-0.6223941926741969,0.6534206786830866,-0.24409057043889454,1.215304956713285,-0.6141134248071639,0.6873877001602373,-0.4407598076370632,1.1044059613260453,1.0223602969199983,-1.0837295652088292,-0.9293271665439734
156,0,0.9478543969702296,-0.3251586059013483,1.063298429660944,-0.5835033745312515,1.2380299099457652,-0.36982775252889066,1.5594115190507394,-0.6992301193806657,0.759417965417714,-0.29840047079951953,0.9724068698481205,0.07374055777264124,-0.6266721427399228,-1.3903414270309955,0.9746861523205874,0.5584500715980422,1.0016370897993103,-0.6227576582643175,0.7174874437530689,-0.22683825940794936,1.2325102848301566,-0.5994114502899224,0.6873877001602373,-0.40746005179241945,1.0877944383119078,0.9630715632232884,-1.0371774203277369,-0.9866893633263338
157,0,1.599482741190687,0.3844634962348764,0.45601195640193776,-0.6561964925554385,0.9176960845958535,-0.21387465846377235,1.0432516755445664,-0.6914922380558086,0.3592498250951643,-0.37617671714943796,1.7886935383923357,1.2595152317068374,-1.0921935915508474,-1.1236389622864327,0.9746861523205876,0.6058595139677404,0.9034971085405618,-0.6282096421161294,0.7174874437530689,-0.24194621539550604,1.2497156129470306,-0.6191430476683254,0.6313641605150077,-0.4269329193970742,1.0799352231224255,0.9037828295265786,-0.9948572886176519,-1.009126237344527
158,0,0.967019936506324,0.9314955235775886,0.7254564667216181,-0.6743697720614645,0.6774457155852405,-0.30500974780809414,1.3873582378820233,-0.6953611787182371,0.3592498250951643,-0.33239157105612027,1.5046900804086771,1.2595152317068374,-0.9229130647105139,-0.5352001908658934,1.0647641881392946,0.5323140969583353,0.8875377029293166,-0.6336616259679413,0.7495208262880603,-0.23604923902617436,1.2290692192067851,-0.627267823059434,0.5993507092890581,-0.4068263194147498,1.103512868690882,0.9037828295265784,-1.0541054730117703,-1.0128657163475583
159,0,0.967019936506324,1.7490044977730372,0.35445210251220666,-0.6234845894445502,0.6774457155852405,-0.24945145804734808,1.5594115190507394,-0.6141134248071507,0.5993507092879662,-0.7489265792858787,1.4528907075688848,0.07374055777264124,-1.4730747769415904,-1.3430687679360456,1.0321827709282827,0.6143689010597405,0.8507481640202824,-0.623848055034679,0.7575291719219901,-0.2492565166798068,1.2669209410639046,-0.6241726705294868,0.5833439836760833,-0.43476815606640057,1.1853201540723368,0.9037828295265784,-1.0794975520378187,-1.064724528936777
160,0,1.2928341086164439,0.431569031922711,1.3762685916476587,-0.5944073422348671,0.5973622592459417,-0.10519484603718898,1.2841262691807838,-0.7147058820303797,0.6793843373546599,-0.6458010378292807,0.9438279055227244,1.8524025686739354,-1.7269955672021058,-1.470775503699977,0.9593537206918862,0.5537395180292587,0.8895067205047302,-0.6271192453457638,0.7094790981195034,-0.2403379491129602,1.2669209410639048,-0.6338450221855669,0.5833439836760832,-0.4385129382980679,1.1640645493553232,1.0223602969199983,-1.1006576178928598,-1.0987326210020867
161,0,1.0820131737215835,1.2247654715696177,1.443629719227567,-0.590772686333662,0.6774457155852405,-0.13443605117440977,1.5594115190507394,-0.8578566865403661,1.2396197338069572,-0.9073596737024432,1.4314564843248219,2.4452899056410335,-1.7693156989121817,-0.9761764883932705,0.9919351379028983,0.5839782328740354,0.865671244591835,-0.6169422088223767,0.7014707524859376,-0.22946996787030188,1.2738030723106548,-0.6547373017626983,0.6633776117409572,-0.4725040385547158,1.1754961350854816,1.1409377643134178,-1.1641378154579853,-1.0223202481665432
162,0,0.3537226713576197,0.6078349073998129,1.1244416070027115,-0.6271192453457555,0.5973622592459417,-0.4068666123693585,0.9744303630770652,-0.6837543567309516,0.6793843373546599,-0.28860642496285505,0.8402291598431401,0.07374055777264124,-1.3461143818113328,-1.508875855806354,0.9919351379028983,0.5775961925550362,0.9537588729655798,-0.5922265486941564,0.6774457155845122,-0.2571029067249591,1.2841262691807789,-0.6918791321220471,0.6953910629669067,-0.46829836004838776,1.2081833255326568,1.022360296919998,-1.1768338549710082,-1.0796118887412993
163,0,0.4112192899652495,0.49083083488485113,1.5545164984745097,-0.7906787609001555,0.7575291719208976,-0.24214115676306505,1.3873582378820233,-0.8152983392536085,0.759417965417714,-0.6941951466692579,1.1010122093124026,1.8524025686739354,-0.7959526695802562,-2.191154383340701,0.955520612784689,0.6242458682200925,1.0081659375493632,-0.6282096421161212,0.7174874437530689,-0.25729784809253586,1.2910084004275288,-0.7290209624813915,0.6793843373539319,-0.4900180969920429,1.1985379250728347,1.1409377643134178,-1.2445460657071445,-1.2381516872283407
164,0,0.6028746853242332,-0.8022920964168987,1.0197727779939096,-0.9796808677629921,0.7575291719208976,-0.1086063199698485,0.6647344569733711,-0.834643042565795,0.8394515934844077,-0.3283587286528063,0.9813377961997869,0.6666278947397393,-0.9652331964205898,-0.917614836081646,0.9651033825526273,0.4774589408831358,1.0283742758233405,-0.6692812537997773,0.7254957893866347,-0.26641135702696805,1.2600388098171595,-0.7181879286265829,0.6633776117409572,-0.5215318797723574,1.1837125873290337,1.081649030616708,-1.1768338549710113,-1.20626028139116
165,0,0.7753645411473403,0.8008156503790375,-0.0331334623322711,-0.9396996528496934,0.6774457155852405,-0.05304803020919109,1.3529475816482603,-0.7108369413679512,0.759417965417714,-0.5259680064160289,0.43655128874686566,1.2595152317068374,-1.2191539866811052,-1.4862978693729547,0.8999405481306034,0.5493328711423285,0.9084714687310791,-0.7059912784019831,0.7575291719216259,-0.21884566333711675,1.2772441379340314,-0.7317292209450914,0.7033944257732122,-0.5146184356523629,1.145309604016776,1.081649030616708,-1.1937619076550448,-1.294314428481427
166,0,1.9636279923727777,2.4768610008206684,1.0373903036686662,-0.797948072702566,0.6774457155852405,-0.17244961785271698,1.318536925414522,-0.904283974489552,1.0795524776772096,-0.46259476864938215,1.0492128364726103,1.2595152317068374,-0.542031879319741,-1.9188074219878009,1.0015179076708582,0.8295348318145301,0.9058806561318514,-0.7274357482191145,0.7014707524855734,-0.19910784986949936,1.2531566785704096,-0.7522346064559801,0.7354078769991618,-0.5310378654373491,1.1529902006792248,1.2002264980101276,-1.1852978813130264,-1.3471610279771076
167,0,0.9286888574343529,1.511957285924546,0.9254671993820098,-0.663465804357849,1.1579464536101083,-0.33132683243153077,1.4217688941157616,-0.8462498645530805,0.5993507092879662,-0.587612883152639,1.1295911736377986,1.2595152317068374,-1.68467543549203,-1.0671939962029346,0.9344385192952249,0.942284210783497,0.9528261804298588,-0.7281626793993555,0.7254957893869989,-0.21085306726627517,1.2910084004275288,-0.7677103691057072,0.7594179654184419,-0.5521814820376691,1.0870799642037712,1.2002264980101276,-1.2445460657071448,-1.3415165313687578
168,0,2.0594556900521606,0.9071829890290121,1.3078711390280366,-0.8342946317146595,1.2380299099457652,-0.3327888926884228,1.008841019310828,-0.6566717720939081,0.8394515934844077,-0.6014397713926175,1.1706734348555594,0.6666278947397393,-1.303794250101257,-1.1779672421418044,1.0436820946498084,0.9398529573286394,1.0110676476605005,-0.7441551653646751,0.7815542088230514,-0.21363098175430806,1.2531566785704094,-0.7638414284432743,0.8074381422573662,-0.579086302071319,1.0536782996484595,1.1409377643134175,-1.282634184246219,-1.4057932364963488
169,0,0.1812328155345126,-0.11698252882925052,1.6799118282771384,-0.590772686333662,0.43719534657098574,0.18867926559173345,1.9379287376219347,-0.8888082118398379,0.8394515934844077,-0.31453184041282783,1.5207657478417083,0.6666278947397393,-1.68467543549203,-2.3181555570285903,0.9651033825526273,0.7532542546684107,1.1436136202369935,-0.7408839750535863,0.7575291719216259,-0.16981790939039992,1.291008400427529,-0.7913109071465431,0.8314482306770105,-0.5356468281840139,1.0604658036757417,1.2002264980101276,-1.3037942501012627,-1.5033019154056035
170,0,0.9861854760422006,1.8189030346001644,1.7565998812142818,-0.7179856428759686,1.398196822624363,-0.5735414816514194,1.8346967689206952,-0.6528028314314797,1.1595861057439032,-0.41765738186942586,1.5029038951383438,0.6666278947397393,-1.600035172071848,-0.9931099782183325,0.9344385192952032,0.8919876549361561,1.1816467491936558,-0.7532418051176963,0.8376126282594679,-0.21665257295182294,1.3460654504015201,-0.785120602086653,0.8794684075159347,-0.5128324625880284,1.1163734026373038,1.081649030616708,-1.2910982105882371,-1.455535362857439
171,0,1.771972597013794,0.5911200398976904,1.959719588993744,-0.7870441049989503,0.7575291719208976,-0.13930958536387267,2.1099820187906753,-0.7108369413679512,0.5993507092879662,-0.8122998170524731,0.35974532212237575,0.6666278947397393,-0.8382728012903321,-1.0573161271383194,1.003434461624424,0.8286231117689633,1.2332557361702734,-0.7728689469842253,0.8456209738930337,-0.21713992637076923,1.4011225003755137,-0.7704186275694116,0.8154415050640356,-0.5033264769230315,1.0092022864170591,0.9037828295265786,-1.1979939208260522,-1.4636493267319437
172,0,1.2736685690805671,0.5835223728512364,1.4591745948229433,-0.7434282341844464,0.2770284338960298,-0.0720548135483447,1.8346967689206952,-0.5173899082463503,0.9995188496141554,-0.4965858689060353,1.561848009059469,0.6666278947397393,-1.2191539866811052,-1.0883608584842495,1.0954290513967189,0.8261918583141057,1.2667290349522968,-0.7844998458680943,0.8135875913580426,-0.18365874648866787,1.4871491409598767,-0.7537821827209514,0.8474549562899852,-0.5241244213173493,1.0813641713386921,0.9630715632232884,-1.1852978813130295,-1.4215978269997334
173,0,1.2161719504729374,1.2293240717974694,1.2114929103367564,-0.8306599758134542,0.8376126282601964,-0.0720548135483447,0.9744303630770652,-0.772739991966895,1.0795524776772096,0.15731072077689703,1.4100222610807909,1.2595152317068374,-1.1345137232609233,-1.7360668442924554,1.1759243174474876,0.9000411820053676,1.2324266761385216,-0.7884979673594241,0.8215959369919725,-0.1666501121671958,1.445856353479381,-0.74952634799228,0.8794684075159347,-0.43897383457273387,1.112265176515531,0.9037828295265784,-1.219153986681096,-1.3760890730949087
174,0,1.9636279923727777,2.3218685930735754,1.0249544031923605,-0.5944073422348671,0.6774457155852405,-0.1768357986233045,1.6282328315182406,-0.5831618995077228,0.9194852215474617,-0.11231359990294573,1.247479401480081,1.2595152317068374,-0.7959526695802562,-1.0269769578684314,1.3119996481523422,1.212457250954415,1.2329448386583666,-0.7499706148066115,0.8135875913584067,-0.17347306003254143,1.5422061909338676,-0.7243782336864728,0.8874717703222401,-0.41736932169774776,1.1388793370435604,0.9630715632232881,-1.2022259339970627,-1.3870252852735871
175,0,1.4653239644395508,1.4420587490974188,2.074751668399471,-0.7470628900856516,1.398196822624363,-0.31573152302503665,1.525000862817001,-0.6721475347436662,1.0795524776772096,-0.5461322184326511,1.0331371690395792,0.6666278947397393,-1.6423553037819238,-0.8710477390627632,1.3809955904815632,1.276581560826253,1.4437333517315407,-0.7307069385302074,0.885662702062319,-0.19974140931412598,1.5594115190507418,-0.7205092930240444,0.9194852215481897,-0.41938574289941,1.1985379250728316,0.9037828295265784,-1.2445460657071445,-1.3255002722425682
176,0,1.1395097923292132,1.198933403611792,1.5773156493477172,-0.9905848354666078,0.5973622592459417,-0.38396100167849273,1.2841262691807838,-0.6605407127563366,0.759417965417714,-0.36926327302944867,0.6633968180797323,1.8524025686739354,-1.4730747769415904,-1.4601920725593196,1.2985837704772067,1.1487888011053655,1.4977258862994458,-0.7499706148066116,0.8776543564283891,-0.22089254769670355,1.555970453427368,-0.6961349668507228,0.8874717703222401,-0.4100525933374167,1.159956323233544,0.9630715632232884,-1.3376503554693295,-1.27963873729972
177,0,1.4078273458317032,1.2809882077131902,1.3855955170048704,-0.8924491261339843,0.6774457155852405,-0.3303521255936027,1.4561795503494999,-0.6605407127563366,1.1595861057439032,-0.6434965564559509,1.6600881989280218,1.8524025686739354,-1.3884345135214387,-1.5632041356617254,1.3464976193169418,1.12569189328423,1.5437387180617317,-0.7728689469842251,0.8296042826259024,-0.22079507701291073,1.5594115190507418,-0.6775640516710485,0.9434953099678338,-0.4156409606677479,1.213006025762566,1.022360296919998,-1.3080262632722703,-1.329239751245599
178,0,1.9061313737649301,0.8570383865226098,1.122368956923331,-0.8633718789243012,1.1579464536101083,-0.12273956911953918,1.0776623317783047,-0.7340505853425661,0.8394515934844077,-0.7950162067525262,1.1188740620157671,1.2595152317068374,-1.8962760940424392,-1.7868673137676163,1.3311651876882187,1.1206774330335896,1.5251884998512613,-0.7757766717051894,0.8215959369923367,-0.19979014465602235,1.5662936502974896,-0.6853019329959142,0.9434953099678338,-0.4349986042037388,1.207826088478587,1.0816490306167077,-1.3672744476663887,-1.3901297584081802
179,0,1.9827935319086545,1.5073986856966943,1.1171873317248802,-0.8851798143315738,1.0778629972708094,-0.08277658876528723,0.9056090506095885,-1.0667794823117247,0.9995188496141554,-0.6584756853826206,1.74582509190421,0.6666278947397393,-1.600035172071848,-1.3854024924986752,1.511321259325633,1.283115554486184,1.4689160501960354,-0.8052173845049804,0.885662702062319,-0.22693573009172444,1.463061681596255,-0.703099060043103,0.9595020355808085,-0.46939298870071805,1.2303320228848371,1.081649030616708,-1.3588104213243706,-1.296854451955189
180,1,1.8294692156214238,0.6990069119569143,1.8550507599849424,-0.7870441049989503,0.9176960845958535,-0.30647180806489754,1.662643487751979,-0.9545802031011664,0.8394515934844077,-0.3940364477927828,1.2510517720207477,1.2595152317068374,-1.3461143818113328,-1.8270843521020945,1.595649633283555,1.1711259422218592,1.4787611380731016,-0.8121232307172788,0.8376126282594681,-0.20022876273307227,1.4458563534793831,-0.7332767972100716,0.9274885843548593,-0.46703089529305375,1.2051468105730776,1.1409377643134175,-1.333418342298319,-1.380251889343565
181,1,0.4112192899652495,1.0880074647339657,2.2219098240355932,-0.9469689646521039,0.43719534657098574,-0.356181856798164,1.662643487751979,-0.7998225766038946,0.6793843373546599,-0.6244845851259674,1.747611277174575,1.2595152317068374,-1.557715040361772,-1.6464604606349007,1.459574302578701,1.2208146847054866,1.5049801615772866,-0.828115716682594,0.8055792457244768,-0.22191598987650138,1.4011225003755137,-0.742175360733666,0.9354919471615284,-0.44824937210040317,1.3439334060782975,1.2002264980101276,-1.405362566205463,-1.439166322693223
182,1,1.599482741190687,0.5242605698891308,1.5410442729585374,-0.9651422441581713,0.8376126282601964,0.3421955925620317,1.525000862817001,-0.7417884666674232,0.8394515934844077,-0.6498338802325947,1.2546241425614142,1.8524025686739354,-1.5153949086516962,-1.358591133609023,1.4921557197897126,1.2148885044092759,1.513167129390846,-0.8502871176799666,0.8616376651608935,-0.18049094926546375,1.3701529097651444,-0.7646152165757731,0.9194852215485536,-0.4635741732330591,1.3132110194284918,1.3188039654035473,-1.4349866584025222,-1.4661893502057004
183,1,1.8103036760855473,2.613619007656355,1.2954352385517311,-1.0596432975895895,1.0778629972708094,-0.7270578086217175,2.178803331258152,-0.7533952886547086,0.8394515934844077,-0.29667210976948294,0.9063180148456302,1.2595152317068374,-2.1501968843029546,-1.5561485149012788,1.5515688923509736,1.3533179979951646,1.5215613622123434,-0.8731854498575802,0.8856627020619549,-0.24599124877280104,1.4905902065832528,-0.7626807462445546,0.8954751331292734,-0.5089724562876972,1.262840594804976,1.318803965403547,-1.5365549745067253,-1.4481975172665829
184,1,1.1203442527933367,1.3827969461352787,1.161749308431581,-0.888814470232779,0.9977795409351523,-0.03452860028891285,1.146483644245806,-0.772739991966895,1.1595861057439032,-0.5432516167160282,1.4278841137841554,1.8524025686739354,-1.303794250101257,-0.9500706915796605,1.4672405183930297,1.259410833301335,1.5352408527362653,-0.9026261626573714,0.917696084596946,-0.2317605289393619,1.4424152878560095,-0.7816385554904718,0.9194852215489175,-0.5520662579690054,1.2808810660353833,1.378092699100257,-1.5873391325588255,-1.4405068906377057
185,1,1.7911381365496708,0.5576903048934105,1.7939075826431752,-1.2232028131439483,0.9176960845958535,-0.07059275329145263,2.0411607063231743,-0.8578566865403661,1.2396197338069572,-0.5034993130260246,1.626150678791626,1.2595152317068374,-0.542031879319741,-2.26100502886905,1.4998219356040416,1.170973988880934,1.507156444160636,-0.950240154963201,0.8696460107940951,-0.2072466519660035,1.4940312722066267,-0.8002094706701417,0.9354919471618924,-0.5478029674283427,1.3401824170105878,1.437381432796967,-1.4773067901126071,-1.5795026196183344
186,1,2.2319455458752677,0.8539993197040074,2.119313645106172,-1.263184028057247,0.6774457155852405,-0.4122274999777854,2.1443926750244136,-0.8926771525022664,0.9194852215474617,-0.57839495765932,0.4222618065841677,1.2595152317068374,-1.7693156989121817,-1.5363927767720482,1.6090655109586471,1.1364805804901557,1.5613562437364812,-0.977500074222265,0.8776543564280249,-0.21007330179593273,1.58005791279099,-0.8234231146447348,0.9514986727748671,-0.5687161358913299,1.3160689158610315,1.378092699100257,-1.5069308823096663,-1.5871226900396072
187,1,0.6412057643959863,1.0013940604046814,1.766963131611207,-0.6525618366542333,0.8376126282601964,0.13701980318269957,1.4905902065832384,-0.6411960094441942,1.1595861057439032,-0.48391122135269543,1.911940322045618,1.2595152317068374,-2.1501968843029546,-1.7177222303153092,1.5324033528150753,1.1085211657593048,1.599493005197115,-0.9535113452742898,0.8936710476955205,-0.16333610891830252,1.5834989784143636,-0.8214886443135205,0.9514986727748672,-0.5527576023810042,1.3412541281727912,1.3188039654035473,-1.5831071193878177,-1.6025744995049656
188,1,1.1778408714009665,1.698859895266635,1.986664040025712,-1.0451046739847274,1.2380299099457652,-0.4590134281973564,1.7658754564532184,-0.7882157546166091,0.759417965417714,-0.750654940315863,1.3296439239156026,1.8524025686739354,-1.8539559623323634,-2.2285491733710354,1.459574302578679,1.192703316633707,1.685922513507353,-0.9716846247803325,0.9016793933290863,-0.19696349482608425,1.652320290881855,-0.8269051612409248,0.9434953099681979,-0.548321475737338,1.3623311143627748,1.378092699100257,-1.57887510621681,-1.6467426854653078
189,1,2.1552833877317616,1.5636214218402322,1.2311830860908932,-1.172317630527034,1.2380299099457652,-0.342048607648562,1.9035180813881962,-0.8772013898525525,1.4797206180033988,-0.47411717551603094,1.2832031068868102,0.6666278947397393,-1.7269955672021058,-1.2781570569400165,1.4768232881609897,1.1983255902480612,1.6973220889439542,-1.0003984063998783,0.9176960845965819,-0.2228906967144117,1.7521111939597156,-0.8079473519950076,0.9915154868071221,-0.529885624750679,1.3160689158610348,1.378092699100257,-1.5915711457298358,-1.6360181419094417
190,1,2.3469387830905273,2.1106534491829443,1.6633306276420956,-0.9251610292448725,1.3181133662850641,-0.19243110802979863,1.6970541439857172,-0.8191672799160811,1.2396197338069572,-0.4216902242727398,1.8315619848804299,1.2595152317068374,-1.4730747769415904,-1.6591605780036847,1.5285702449079,1.3394902439706642,1.6781500757096697,-1.0142100988244707,0.957737812765503,-0.21148662671090182,1.7555522595830895,-0.794406059676499,1.0315323008393773,-0.5326510023986748,1.374119937147003,1.378092699100257,-1.6042671852428618,-1.6192257644996009
191,1,2.270276624947021,1.2901054081688934,2.092369194074204,-1.0378353621823169,0.9977795409351523,-0.6393341932100552,1.6970541439857172,-0.9197597371393099,1.0795524776772096,-0.4706604534560625,1.5154071920307084,1.8524025686739354,-1.303794250101257,-1.9780746363754675,1.714475978406077,1.3597000383141569,1.6651960127135308,-1.023296738577492,1.0137962322019196,-0.23980186035209092,1.7589933252064633,-0.8063997757300406,1.071549114871632,-0.5172685892316842,1.3508995286326162,1.437381432796967,-1.57887510621681,-1.6523871820736573
192,1,1.5611516621189339,1.2885858747596095,2.455082957966094,-0.8342946317146595,1.558363735299319,-0.1943805217056547,1.9379287376219347,-1.0203521943625389,1.879888758329588,-0.5328814505360181,1.4046637052697593,2.4452899056410335,-2.023236489172697,-1.444669706886367,1.710642870498902,1.4361325688012048,1.7565998812142865,-1.0102119773331408,1.085871342905832,-0.29345947177885956,1.800286112686957,-0.8342561484995523,1.1755928313561501,-0.5055733462620265,1.3659034849034508,1.4966701664936766,-1.6296592642689103,-1.6609950394013917
193,1,1.0245165551139537,1.5514651545659612,2.0332986668118167,-1.0014888031702234,1.558363735299319,-0.4965396414566996,1.5938221752844777,-1.1015999482735812,1.879888758329588,-0.5933740865859896,0.9259660528193282,1.2595152317068374,-1.8962760940424392,-1.824967665873968,1.6320641584017426,1.3299171834921655,1.830386224040295,-1.004396527891204,1.1339214167086828,-0.27040765506235775,1.7417879970895893,-0.8690766144614394,1.2796365478406682,-0.5352435439436771,1.3678682887008207,1.4966701664936766,-1.6042671852428587,-1.6878769544986607
194,1,2.2511110854111442,2.0878604480436516,1.9939183153035431,-1.0560086416883843,1.47828027896002,-0.04671243576274745,2.0755713625569125,-1.0513037196619668,1.2396197338069572,-0.7310668486425339,2.3424109721969235,1.2595152317068374,-1.3884345135214387,-1.9851302571359142,1.7451408416635232,1.4004235336830027,1.9136031247274912,-1.0211159450367646,1.1819714905111696,-0.2716260386097412,1.8346967689206999,-0.8969329872309466,1.2876399106469736,-0.5540250671363278,1.4593209745420974,1.4373814327969667,-1.6127312115848766,-1.791382911054286
195,1,1.733641517942041,2.8521857529141306,2.3037795021711873,-0.961507588256966,1.2380299099457652,-0.3474094952569889,2.0755713625569125,-0.7882157546166091,1.3996869899403446,-0.4355171125127183,2.061979884753963,1.2595152317068374,-1.4307546452315145,-1.3515355128485764,1.7393911798027601,1.6298730784850748,1.9645903166802925,-0.9949464225480664,1.2140048730461608,-0.2993077128062948,1.8381378345440738,-0.8899688940385708,1.303646636260312,-0.5472268470849971,1.502903895138331,1.4373814327969667,-1.7016034881760542,-1.7004359594522387
196,1,1.5228205830471806,0.8312063185647494,1.7141105545869613,-0.7652361695916777,1.1579464536101083,0.2452122621903189,1.525000862817001,-1.0435658383371098,0.9194852215474617,-0.4902485451293916,2.0101805119141707,1.2595152317068374,-2.1501968843029546,-2.1248315481925877,1.6684786835199517,1.6275937783711487,1.9240700076283712,-0.9451516367015096,1.2620549468486475,-0.23356373658948443,1.7761986533233327,-0.9050577626220553,1.3036466362603123,-0.5384122058320042,1.6616957656713314,1.437381432796967,-1.7396916067151313,-1.7592798365942925
197,1,2.2894421644828977,0.9421322574425757,2.2996342020124265,-1.00512345907147,1.47828027896002,0.2418007882576594,1.7314648002194557,-0.9700559657509245,0.759417965417714,-0.2874541842761639,2.083414107997994,2.4452899056410335,-2.2348371477231064,-1.751589209965408,1.8333023235286425,1.6216675980749382,1.9773371146684933,-0.9804077989432333,1.32612171191863,-0.22308563808198847,1.8002861126869543,-0.9379437582527282,1.2636298222276934,-0.5187665021243512,1.678843144266569,1.5559589001903864,-1.7481556330571464,-1.7626665345593024
198,1,1.7911381365496708,1.723172429815177,2.3897944804655658,-1.0887205447992314,1.1579464536101083,-0.1300498704038222,2.350856612426868,-0.935235499789024,1.7998551302628942,-0.7598728658091819,1.6350816051432924,2.4452899056410335,-2.8696391233743945,-2.5947358908377685,1.8946320500435132,1.6240988515297925,2.017650158712479,-0.9847693860246836,1.3181133662850641,-0.19018928230263504,1.8587842282843194,-0.9526457327699698,1.3676735387122112,-0.519688294673683,1.7093869123893382,1.6152476338870962,-1.84972394916135,-1.7992852063059757
199,1,2.1169523086597906,1.910075039157266,1.8270699839132842,-1.186856254131896,1.3181133662850641,-0.30257298071327404,1.6970541439857172,-1.1170757109233393,1.1595861057439032,-0.6970757483858807,1.9280159894786493,1.2595152317068374,-2.2348371477231064,-1.6732718195245528,1.8907989421363158,1.658744213261496,2.077238848494718,-0.9862232483851697,1.326121711918994,-0.18624171960910624,1.8381378345440715,-0.9766331648770483,1.3356600874862619,-0.5419841519606681,1.7738682006485216,1.674536367583806,-1.9005081072134498,-1.8387966825644295
200,1,3.266884680813475,1.2460389392996265,1.9110123121282587,-1.0778165770956156,1.1579464536101083,-0.09544777765808585,2.1443926750244136,-1.0899931262862959,1.4797206180033988,-0.7535355420325383,2.0280423646175354,1.8524025686739354,-2.4464378062735457,-1.488414555601081,1.982793531908611,1.572282762273164,2.102007016943334,-1.001488803170244,1.3101050206514984,-0.17654338657193497,1.8828716876479412,-1.00371574951407,1.3596701759059058,-0.5751686837366479,1.7935162386222323,1.733825101280516,-1.997844410146645,-1.8217220803241692
201,1,1.6953104388702878,1.2429998724810587,2.388758155425876,-0.9178917174424621,1.1579464536101083,0.03370087836454317,1.5594115190507394,-0.904283974489552,1.1595861057439032,-0.5069560350860454,1.295706403779175,1.2595152317068374,-2.1078767525928788,-2.0422807852954543,1.9252969133009372,1.5675722087043806,2.1316459130785015,-0.9894944386962585,1.326121711918994,-0.10923987941447513,1.8691074251544435,-1.0021681732490941,1.3676735387125754,-0.5787982418996461,1.771546159797079,1.674536367583806,-2.0782526603958074,-1.8281426952161677
202,1,1.2161719504729374,1.783953766186601,2.0695700432009967,-1.0560086416883843,1.638447191634976,-0.20997583111214882,2.178803331258152,-1.1209446515857677,1.4797206180033988,-0.7656340692425325,2.1262825544860884,2.4452899056410335,-1.8539559623323634,-1.2788626190160586,1.8907989421363376,1.6171089978470796,2.0930946216019914,-1.011665839693631,1.3341300575525596,-0.11079941035512456,1.8931948845180648,-1.0122274189714169,1.3276567246799562,-0.6020735037702976,1.8437080447187122,1.674536367583806,-2.061324607711774,-1.8115619864291372
203,1,3.094394824990368,2.7291035467620333,1.7110015794678906,-1.125067103811325,1.558363735299319,-0.3137821093491806,1.3529475816482603,-1.0242211350249673,1.319653361873651,-0.7621773471825117,2.3513418985486214,1.2595152317068374,-2.1925170160130305,-1.5328649663918374,2.0977867691239793,1.7348728370666868,2.0608649128675993,-1.0240236697577412,1.3341300575525596,-0.09252365714437263,1.8691074251544433,-1.0044895376465557,1.2716331850343627,-0.6189538298299497,1.9862456292916413,1.674536367583806,-2.090948699908833,-1.7823517164809242
204,1,2.4810975598418814,1.4602931500088252,2.188747422765484,-1.1650483187246234,1.2380299099457652,-0.21777348581539585,1.7658754564532184,-1.0319590163498245,1.7998551302628942,-0.686705582205923,0.9706206845777872,1.8524025686739354,-2.1078767525928788,-1.9858358192119563,2.120785416567053,1.6721161072632043,2.080347823613793,-1.0349276374613652,1.3101050206511344,-0.10962976214963749,1.838137834544074,-1.0025550673153414,1.3276567246799564,-0.6145177031862887,1.8490666005297278,1.7338251012805155,-2.162892923815977,-1.7824222726885282
205,1,2.5194286389136344,2.888654554736978,2.0291533666530563,-1.2050295336379222,1.398196822624363,-0.05353538362815511,2.0755713625569125,-0.9661870250884959,1.0795524776772096,-0.5397948946560074,1.847637652313461,2.4452899056410335,-1.303794250101257,-0.7475743757550847,2.1993641286642123,1.6757629874454891,2.05288521006198,-1.059279831999461,1.326121711918994,-0.0802423509867541,1.8381378345440738,-1.02035219436253,1.295643273453643,-0.6249454814006177,1.8276323772856773,1.8524025686739356,-2.1501968843029515,-1.7220261589791792
206,1,1.9827935319086545,1.9343875737058425,1.3482878155760005,-1.0560086416883843,1.558363735299319,0.1735713096042034,1.525000862817001,-1.0822552449614389,1.6397878741331464,-0.8117236967091799,1.7154599423084806,1.8524025686739354,-1.980916357462621,-1.9406798463451578,2.2453614235503596,1.7860811129595984,2.016302936160884,-1.0883570792091315,1.3661634400879152,-0.08740644624536567,1.8381378345440738,-1.024221135024963,1.3676735387122112,-0.6570929965585964,1.7981603203251086,1.9116913023706452,-2.1332688316189183,-1.703610988794436
207,1,2.4810975598418814,2.5361228037828085,2.897593749914198,-1.1359710715149405,1.638447191634976,-0.29038914523943943,2.4884992373618706,-1.1635029988725252,1.4797206180033988,-0.577242716972629,2.5299604255823627,2.4452899056410335,-2.5310780696936974,-2.1897432591886163,2.2645269630862583,1.9454801675936217,2.0760988909510614,-1.1014418404534783,1.3821801313554107,-0.14062543959507554,1.9138412782583152,-1.043565838337123,1.43970380397078,-0.6860718498282429,1.8428149520835455,1.9116913023706452,-2.1628929238159773,-1.7474263937167567
208,1,3.6501954715314424,0.9770815258561393,3.2033096366230813,-1.3867623286983484,1.398196822624363,-0.18463345332655157,2.4884992373618706,-1.0280900756873959,1.319653361873651,-0.36811103234281,2.2155918180029746,1.8524025686739354,-1.980916357462621,-2.3738949610360462,2.450432696584435,1.8708710771977182,2.1574504065668125,-1.1312460188433904,1.4062051682568364,-0.14608379788734846,1.9276055407518158,-1.0528512959269603,1.3916836271318556,-0.6468956664816058,1.9008659733695137,1.8524025686739354,-2.0740206472248,-1.7253423007365847
209,1,2.001959071444531,1.856891369832296,2.3897944804655658,-1.1468750392185973,1.3181133662850641,-0.16026578237888237,2.7637844872318262,-1.1054688889360098,1.3996869899403446,-0.6550189633225997,1.9280159894786493,2.4452899056410335,-2.361797542853364,-1.3734079372059336,2.4389333728629095,1.8655527102652207,2.2137228562220406,-1.1272478973520603,1.4062051682568362,-0.13185307805390928,2.0342785750764265,-1.0516906137282274,1.4156937155514995,-0.6426899879752777,1.9008659733695137,1.9709800360673548,-2.0867166867378257,-1.6953559125047228
