ciclo,target,s2_norm,s3_norm,s4_norm,s7_norm,s8_norm,s9_norm,s11_norm,s12_norm,s13_norm,s14_norm,s15_norm,s17_norm,s20_norm,s21_norm,s2_norm_mm,s3_norm_mm,s4_norm_mm,s7_norm_mm,s8_norm_mm,s9_norm_mm,s11_norm_mm,s12_norm_mm,s13_norm_mm,s14_norm_mm,s15_norm_mm,s17_norm_mm,s20_norm_mm,s21_norm_mm,s2_norm_slope,s3_norm_slope,s4_norm_slope,s7_norm_slope,s8_norm_slope,s9_norm_slope,s11_norm_slope,s12_norm_slope,s13_norm_slope,s14_norm_slope,s15_norm_slope,s17_norm_slope,s20_norm_slope,s21_norm_slope
1,0,-0.6620509240447107,0.3966197635091474,-0.4901528048360375,-0.30726952603940705,0.11686152122107392,-0.3162188764440007,-0.12671063640278216,-0.1885299519396641,0.039115312835668756,-0.4072872156894158,-0.4118867146634122,-0.5191467791944568,-0.16115069392899803,0.42013086009739564,-0.6620509240447107,0.3966197635091474,-0.4901528048360375,-0.30726952603940705,0.11686152122107392,-0.3162188764440007,-0.12671063640278216,-0.1885299519396641,0.039115312835668756,-0.4072872156894158,-0.4118867146634122,-0.5191467791944568,-0.16115069392899803,0.42013086009739564,0.0,0.0,0.0,0.0,0.0,0.0,0.0,0.0,0.0,0.0,0.0,0.0,0.0,0.0
2,0,-0.18291243564736037,-2.277759036832886,-1.2135076825404374,-0.1364406986825965,-0.6038895858144068,-0.5715920679755633,-0.4364065425064762,-0.3239428751247495,-0.040918315231024883,-0.46547537036605746,-0.7601928423792278,0.07374055777264124,-0.20347082563907387,-0.30307026784749674,-0.4224816798460355,-0.9405696366618694,-0.8518302436882375,-0.22185511236100178,-0.24351403229666643,-0.443905472209782,-0.2815585894546292,-0.25623641353220683,-0.0009015011976780639,-0.43638129302773665,-0.58603977852132,-0.22270311071090781,-0.18231075978403594,0.05853029612494945,0.0,0.0,0.0,0.0,0.0,0.0,0.0,0.0,0.0,0.0,0.0,0.0,0.0,0.0
3,0,0.04707403878337651,-0.26893586975777595,0.17827684576471248,0.07800399948867663,-0.5238061294787497,-0.47217197050903037,-0.6084598236752169,0.16354364834168106,-0.44108645555357456,-0.3588931068494386,-0.8637915880587805,0.07374055777264124,-0.6689922744499986,-0.10198507617500517,-0.2659631069695649,-0.7166917143605049,-0.5084612138705875,-0.12190207507777563,-0.33694473135736086,-0.45332763830953143,-0.39052566752815837,-0.11630972624091085,-0.14762981931631022,-0.41055189763497063,-0.6786237150338068,-0.12388855454972479,-0.34453793133935684,0.005025172024964576,0.0,0.0,0.0,0.0,0.0,0.0,0.0,0.0,0.0,0.0,0.0,0.0,0.0,0.0
4,0,-0.20207797518323695,-1.4541719290002673,-0.05489628816578827,-0.04920895705358863,-0.283555760464495,-0.5750035419082228,-0.05788932393528099,-0.1923988926020926,-0.2810191994238268,-0.44127831594606887,0.10432082846411304,-0.5191467791944568,-0.11883056221889209,0.7806730809557911,-0.24999182402298287,-0.9010617680204456,-0.3950699824443877,-0.10372879557172889,-0.3235974886341444,-0.4837466142092043,-0.307366581629939,-0.1353320178312063,-0.1809771643431894,-0.4182335022127452,-0.4828875791593269,-0.22270311071090781,-0.28811108905924065,0.19893714925767123,0.0,0.0,0.0,0.0,0.0,0.0,0.0,0.0,0.0,0.0,0.0,0.0,0.0,0.0
5,0,-1.3520103473369214,-0.8235655641469075,-0.04349671272917282,0.11798521440197535,-0.283555760464495,-0.31865564353873216,0.07975330099969687,0.06682013178088066,-0.5211200836202682,-0.27996461981282916,0.18648535089963456,-1.1120341161615548,0.00812983291133551,-0.4152546379384507,-0.4703955286857706,-0.8855625272457379,-0.3247553285013447,-0.05938599357698804,-0.31558914300021457,-0.4507284200751099,-0.22994260510401188,-0.0949015879087889,-0.24900574819860513,-0.390579725732762,-0.3490129931475346,-0.4005693118010372,-0.22886290466512543,0.07609879181844684,0.0,0.0,0.0,0.0,0.0,0.0,0.0,0.0,0.0,0.0,0.0,0.0,0.0,0.0
6,0,-0.29790567286283776,-0.40721341000274647,0.4383944307271813,-0.1146327632753652,-0.5238061294787497,-0.4317216367359031,-0.5396385112077158,-0.18079207061476313,-0.5211200836202682,-0.6227562240959308,-0.33508074803889054,0.6666278947397393,0.3043707548819267,0.9923417037689402,-0.44164721938194845,-0.8058376743719059,-0.19756370196325704,-0.06859378852671756,-0.35029197407997037,-0.44756062285190873,-0.28155858945462914,-0.10921666835978461,-0.294358137435549,-0.42927580879329014,-0.3466909522960939,-0.2227031107109078,-0.13999062807395005,0.22880594381019573,0.0,0.0,0.0,0.0,0.0,0.0,0.0,0.0,0.0,0.0,0.0,0.0,0.0,0.0
7,0,-0.06791919843210087,-0.370744608179899,-0.4497361282880972,0.13252383800683754,-0.7640564984930045,-0.4804569786312415,-0.29876391757149834,-0.3239428751247495,-0.681187339750016,-0.6296696682159725,-0.19754448222291024,0.07374055777264124,-0.20347082563907387,-0.15419666980225027,-0.38825750210339877,-0.7436815220587621,-0.23358833429537706,-0.03986269902192398,-0.409401191853261,-0.45226010224895624,-0.2840164934713248,-0.1398918407547796,-0.34961945205190137,-0.4579035029965305,-0.32538431371421056,-0.18035401521325792,-0.14905922772611063,0.17409128472270344,0.0,0.0,0.0,0.0,0.0,0.0,0.0,0.0,0.0,0.0,0.0,0.0,0.0,0.0
8,0,-0.18291243564736037,0.10638888233568597,-0.7129626883696366,0.0707346876862662,-0.12338884778953907,-0.3946827768955239,-0.5740491674414541,0.05134436913112268,-0.12095194329407902,-0.4378215938860481,0.4865644763163246,-0.5191467791944568,0.1774103597516991,0.22680685126141797,-0.362589368796394,-0.6374227215094561,-0.2935101285546595,-0.026038025683400207,-0.3736496488452957,-0.44506293657977725,-0.32027057771759093,-0.1159873145190418,-0.3210360134571736,-0.45539326435772015,-0.22389071496039364,-0.22270311071090781,-0.1082505292913844,0.18068073054004277,0.0,0.0,0.0,0.0,0.0,0.0,0.0,0.0,0.0,0.0,0.0,0.0,0.0,0.0
9,0,-0.010422579824471123,-0.20663499997706808,-0.5191699059474094,-0.08555551606568214,-0.5238061294787497,-0.2094884776931848,-0.8493344173114342,-0.03764126610477675,-0.44108645555357456,-0.13074945088958373,-0.05286347532559683,-0.5191467791944568,0.6006116768525179,0.5831156996635355,-0.32345972557729147,-0.5895574191169686,-0.31858343715385395,-0.03265108017032042,-0.39033370224901287,-0.41888799670348914,-0.3790554487835735,-0.10728219802856792,-0.3343749514678848,-0.41932172952792723,-0.2048876883343051,-0.2556412960979688,-0.029488061942061907,0.2253957271093197,0.0,0.0,0.0,0.0,0.0,0.0,0.0,0.0,0.0,0.0,0.0,0.0,0.0,0.0
10,0,-1.0645272542985547,-0.8630734327883227,-0.10153091495186958,0.08163865538988185,0.2770284338960298,-0.7392416440955522,-1.0902090109476517,-0.0918064353788637,-0.2810191994238268,-0.24943024161619687,-0.008208843567137775,-0.5191467791944568,0.00812983291133551,0.5838212617395776,-0.3975664784494178,-0.616909020484104,-0.29687818493365553,-0.021222106614300195,-0.3235974886345086,-0.45092336144269546,-0.4501708049999813,-0.10573462176359749,-0.329039376263479,-0.40233258073675415,-0.18521980385758838,-0.2819918444076176,-0.025726272456722165,0.26123828057234555,0.0,0.0,0.0,0.0,0.0,0.0,0.0,0.0,0.0,0.0,0.0,0.0,0.0,0.0
11,0,-0.5278921472935746,-0.16104899769851735,-0.4932617799551316,-0.21640312850919394,-0.5238061294787497,-0.3108579888354851,-0.8149237610776715,-0.14984054531533514,-0.2810191994238268,-0.3387288948328164,-0.2707780783067653,-1.1120341161615548,0.5159714134323662,0.08357774982450877,-0.3841506007743042,-0.6726758966048705,-0.2971890824455649,-0.012135466861278883,-0.3876642537044909,-0.45038727268184386,-0.5189921174674703,-0.10186568110116459,-0.3610528274894286,-0.3954767486510943,-0.1711089402219237,-0.34128057810432744,0.041985938279414256,0.22758296954505686,0.013415877675113607,-0.05576687612076647,-0.0003108975119094082,0.00908663975302131,-0.06406676506998236,0.0005360887608515608,-0.06882131246748893,0.003868940662432896,-0.032013451225949556,0.006855832085659941,0.014110863635664689,-0.0592887336967098,0.06771221073613642,-0.033655311027288685
12,0,-0.7578786217243115,-1.0317416412189706,-0.32744977360453914,-0.1691526017934848,-0.4437226731394509,-0.24603998411468858,-0.22994260510402165,-0.010558681467777269,-0.040918315231024883,-0.2649854908861596,-0.07787006911029455,-1.1120341161615548,0.43133115001218436,-0.4180768862426193,-0.44164721938199925,-0.548074157043479,-0.2085832915519751,-0.015406657172367711,-0.37164756243699537,-0.4178320642957565,-0.49834572372722485,-0.07052726173546736,-0.3610528274894286,-0.37542776070310446,-0.10287666289503036,-0.459858045497747,0.10546613584454008,0.21608230770554457,-0.057496618607695116,0.12460173956139156,0.08860579089358982,-0.0032711903110888285,0.016016691267495588,0.03255520838608747,0.020646393740245454,0.03133841936569722,0.0,0.020048987947989788,0.06823227732689333,-0.11857746739341961,0.06348019756512582,-0.011500661839512255
13,0,-1.1220238729061844,-0.47559241342058983,-0.4901528048360375,-0.31090418194061226,-0.5238061294787497,-0.27333177557605326,-0.09229998016901934,-0.21174359591423508,-0.3610528274905204,-0.2897586656494937,-0.06715295748829485,-1.1120341161615548,0.3890110183021085,0.31076873831061036,-0.5585570105509554,-0.5687398114097604,-0.2754262566120501,-0.054297475315296606,-0.37164756243699537,-0.3979480448024587,-0.4467297393766051,-0.10805598616105898,-0.35304946468312315,-0.36851431658311,-0.023212799837981794,-0.5784355128911666,0.2112664651197508,0.2573576891541061,-0.1169097911689561,-0.02066565436628139,-0.066842965060075,-0.03889081814292889,0.0,0.01988401949329771,0.05161598435061976,-0.03752872442559162,0.008003362806305415,0.006913444119994489,0.07966386305704856,-0.11857746739341961,0.10580032927521073,0.041275381448561556
14,0,-1.3136792682651681,-0.9041008348390218,-0.26527027122308167,0.05619606408144533,0.03677806488541685,-0.2645594140349668,-0.40199588627273786,-0.09954431670372069,-0.5211200836202682,-0.498890350279365,0.6866172265941285,-0.5191467791944568,0.6852519402726998,0.6240383000740559,-0.6697171398591484,-0.5137327019936357,-0.29646365491777943,-0.043756973201793205,-0.33961417990200415,-0.36690363201513315,-0.4811403956103507,-0.09877052857122179,-0.3770595531027673,-0.3742755200164396,0.035016839975019746,-0.5784355128911666,0.29167471536891,0.24169421106593258,-0.11116012930819312,0.05500710941612454,-0.021037398305729337,0.010540502113503396,0.03203338253499118,0.031044412787325597,-0.03441065623374569,0.009285457589837193,-0.024010088419644138,-0.005761203433329615,0.05822963981300154,0.0,0.08040825024915918,-0.015663478088173522
15,0,-0.06791919843210087,-0.943608703480437,0.02075543973166497,0.1252545262043858,0.3571118902353287,-0.6987913103224248,-0.22994260510402165,-0.03764126610477675,-0.44108645555357456,-0.25576756539284057,-0.21362014965594156,0.07374055777264124,0.1774103597516991,0.4772813882569609,-0.5413080249686665,-0.5257370159269887,-0.2900384396716956,-0.04303004202155215,-0.2755474148320218,-0.4049171986935024,-0.5121099862207227,-0.10921666835978754,-0.36905619029609793,-0.3718558145744407,-0.004993710080537861,-0.4598580454977469,0.30860276805294634,0.33094781368547377,0.12840911489048207,-0.01200431393335295,0.006425215246083779,0.0007269311802410444,0.06406676506998236,-0.03801356667836926,-0.03096959061037185,-0.01044613978856574,0.008003362806669361,0.0024197054419988597,-0.04001055005555761,0.11857746739341961,0.01692805268403636,0.08925360261954116
16,0,0.10457065739100625,-1.2505544521560557,-0.23418052003235298,0.04892675227903489,-0.5238061294787497,-0.606681514140175,-0.7461024486101947,-0.09567537604129218,-0.44108645555357456,-0.6360069919926161,0.0632385672463523,-0.5191467791944568,0.05044996462144145,-0.3334094371173848,-0.5010603919432821,-0.6100711201423197,-0.3572959347476491,-0.026674090466112153,-0.2755474148320218,-0.4224131864339296,-0.5327563799609705,-0.10070499890244045,-0.3610528274894286,-0.37318089136410926,0.03483822144798642,-0.5784355128911667,0.28321068902689783,0.19837269959684123,0.0402476330253844,-0.08433410421533091,-0.06725749507595344,0.01635595155544001,0.0,-0.017495987740427193,-0.020646393740247893,0.008511669457347094,0.008003362806669361,-0.0013250767896685334,0.03983193152852428,-0.11857746739341961,-0.025392079026048526,-0.13257511408863248
17,0,-0.5853887659012044,-0.8022920964168987,-0.3782297005494047,-0.001958430337879482,-0.4437226731394509,-0.5983965060179639,-1.0213876984801504,-0.2156125365766636,-0.20098557136077266,-0.25115860264618106,-0.13681418303145162,-0.5191467791944568,0.4736512817222903,-0.19229702190860204,-0.5528073486901923,-0.6532258689660196,-0.35014529197377986,-0.040122317300583854,-0.24351403229666646,-0.43420713917260184,-0.6050187580518357,-0.08987196504763184,-0.31303265065050423,-0.3353297848071301,0.040911251367132286,-0.6377242465878764,0.3509228997630342,0.1945626643862061,-0.05174695674691034,-0.04315474882369997,0.007150642773869254,-0.013448226834471702,0.032033382535355356,-0.011793952738672241,-0.0722623780908652,0.01083303385480859,0.04802017683892433,0.03785110655697914,0.006073029919145862,-0.059288733696709804,0.06771221073613642,-0.0038100352106351766
18,0,-0.6237198449729575,-0.2704554031670598,-0.20516341892098103,-0.31090418194061226,-0.36363921680379385,-0.8074711227490082,-0.5740491674414541,0.028130725156551694,-0.5211200836202682,-0.23502723303287285,0.318663060904615,-1.1120341161615548,-0.2881110890592256,-0.04624567216754928,-0.5968880896227521,-0.6909102975162942,-0.29936536502891425,-0.07828620426327171,-0.2675390691980919,-0.4754859737579502,-0.6050187580518357,-0.09219332944508894,-0.35304946468312315,-0.3150503487218126,0.02412110982596133,-0.6970129802845861,0.30437075488194176,0.16725741204330935,-0.04408074093255972,-0.037684428550274575,0.050779926944865564,-0.03816388696268784,-0.02402503690142548,-0.04127883458534844,0.0,-0.0023213643974570987,-0.04001681403261892,0.020279436085317522,-0.01679014154117096,-0.0592887336967098,-0.04655214488109247,-0.027305252342896724
19,0,-0.029588119360347706,-1.2353591180632169,-1.065313201864625,0.09617727899474404,0.03677806488541685,-0.5311417342024359,-0.6428704799089552,0.012654962506837703,0.1191489408987229,-0.6077770951693137,-0.48512031074723555,-1.1120341161615548,0.3890110183021085,0.1597784540372374,-0.5988046435763398,-0.793782709324909,-0.35397969462063583,-0.06011292475722909,-0.2114806497616753,-0.5076512994088753,-0.5843723643115879,-0.0871637065839275,-0.2970259250378934,-0.3627531131497856,-0.019104573716202545,-0.756301713981296,0.28321068902690083,0.12492368748067954,-0.0019165539535876581,-0.10287241180861488,-0.05461432959172156,0.018173279506042618,0.05605841943641665,-0.032165325650925114,0.020646393740247904,0.005029622861161445,0.05602353964522975,-0.04770276442797299,-0.04322568354216387,-0.0592887336967098,-0.021160065855040943,-0.04233372456262981
20,0,-1.4095069659445512,-0.25526006907422105,0.012464839414143593,-0.12553673097898085,-0.2034723041288379,-0.6159412291003141,-0.6084598236752169,-0.00668974080534877,-0.12095194329407902,-0.09906283200631277,0.11861031062681106,-1.704921453128653,0.5582915451424421,0.5125594920591441,-0.6333026147409394,-0.7330013729534989,-0.34258011918403447,-0.08083046339411534,-0.25953072356416207,-0.4953212579093516,-0.5361974455843443,-0.07865203712657601,-0.2810191994249186,-0.34771637218879714,-0.006422658296807661,-0.8748791813747155,0.3382268602500115,0.11779751051263618,-0.03449797116459965,0.060781336371410165,0.011399575436601316,-0.02071753863688627,-0.04805007380248677,0.012330041499523802,0.04817491872724348,0.008511669457351493,0.016006725612974778,0.01503674096098841,0.012681915419394885,-0.11857746739341961,0.05501617122311066,-0.007126176968043352
21,0,0.3537226713576197,0.2917719582684911,-0.3834113257478555,0.008945537365736172,-0.8441399548286616,-0.78895169282873,-0.12671063640278216,-0.26203982452584956,-0.44108645555357456,-0.38078567989609746,0.3097321345529168,-0.5191467791944568,0.4736512817222903,0.008788169763864453,-0.54514113287582,-0.687719277356798,-0.3315950737633069,-0.05829559680662235,-0.2915641060991533,-0.5431306283086761,-0.4673761331168554,-0.08987196504762746,-0.2970259250378934,-0.3519220506951253,0.051628362989160556,-0.8155904476780058,0.33399484707900384,0.11031855250657177,0.08816148186511943,0.04528209559670084,0.010985045420727608,0.02253486658749301,-0.03203338253499118,-0.047809370399324494,0.06882131246748893,-0.011219927921051443,-0.016006725612974775,-0.004205678506328109,0.058051021285968216,0.0592887336967098,-0.004232013171007587,-0.007478958006064432
22,0,-0.7195475426523404,0.5850419062605202,-0.7202169636474678,-0.37996264406359403,-0.12338884778953907,-0.4633996089679439,-0.8493344173114342,-0.13436478266557716,0.27921619702847067,-0.6521383616059244,-0.4440380495294748,-0.5191467791944568,-0.41507148418948325,-0.3270593784329803,-0.5413080249686228,-0.5260409226088489,-0.37087179276759974,-0.07937660103363327,-0.25953072356416207,-0.5648665907940016,-0.5293153143375966,-0.10225257516740745,-0.2650124738119438,-0.39063733776710174,0.015011564947242534,-0.756301713981296,0.24935458365883711,0.11942030328753565,0.0038331079071971088,0.1616783547479491,-0.039276719004292866,-0.021081004227010924,0.03203338253499118,-0.021735962485325534,-0.061939181220741255,-0.012380610119779988,0.032013451225949556,-0.03871528707197648,-0.036616798041918024,0.0592887336967098,-0.08464026342016676,0.009101750780963902
23,0,-0.3554022914704675,-0.5166198154712889,-0.2849604469772185,-0.2091338167067835,-0.12338884778953907,-0.40637925895039445,-0.4364065425064762,-0.304598171812607,-0.44108645555357456,-0.3393050151761619,-0.07072532802896142,-1.1120341161615548,-0.11883056221889209,0.5245540473518858,-0.46464586682505116,-0.5301436628139188,-0.35035255698171786,-0.06919956451025039,-0.21948899539524097,-0.5781713391314357,-0.5637259705713423,-0.11153803275724464,-0.27301583661824924,-0.3955919727197686,0.014654327893175872,-0.756301713981296,0.19857042560673704,0.1407988341916632,0.07666215814357169,-0.004102740205069904,0.0205192357858819,0.010177036523382876,0.04004172816892106,-0.013304748337434119,-0.03441065623374569,-0.009285457589837193,-0.008003362806305415,-0.00495463495266682,-0.00035723705406665723,0.0,-0.050784158052100056,0.021378530904127547
24,0,-0.5470576868294512,0.7977765835604697,-0.5357511065824522,-0.1873258812995522,-0.2034723041288379,-0.7143866197289189,-0.5740491674414541,-0.10341325736614919,-0.2810191994238268,-0.4309081497660588,-0.11002140397638889,-0.5191467791944568,0.4736512817222903,0.8695739025373037,-0.38798370868147947,-0.35995592097396967,-0.37740064051765493,-0.09355175904835014,-0.24351403229666646,-0.6231540597008309,-0.580931298688214,-0.1119249268234875,-0.24900574819860513,-0.38879375266843796,-0.06500953516387586,-0.7563017139812961,0.1774103597516961,0.165352394437988,0.07666215814357169,0.17018774183994917,-0.027048083535937052,-0.024352194538099753,-0.024025036901425476,-0.044982720569395215,-0.017205328116871622,-0.0003868940662428502,0.024010088419644138,0.006798220051330623,-0.07966386305705174,0.0,-0.021160065855040943,0.02455356024632478
25,0,-0.8920373984754476,-0.06379885950428045,-0.10982151526941451,-0.06374758065845082,-0.043305391453882,-0.41905044784319306,-0.26435326133776,-0.14210266399047813,0.039115312835668756,-0.400949891912772,-0.1761102589788791,-0.5191467791944568,-0.07651043050881622,0.5203206748956329,-0.47039552868581413,-0.2719749365763541,-0.3904583360177628,-0.11245196973463381,-0.2835557604655875,-0.5951799734529077,-0.5843723643115878,-0.12237106661205761,-0.2009855713596808,-0.4033119853204311,-0.06125854609616963,-0.8155904476780058,0.1520182807256446,0.1696563231018552,-0.08241182000433467,0.08798098439761566,-0.01305769550010795,-0.018900210686283662,-0.04004172816892107,0.027974086247923174,-0.0034410656233738344,-0.010446139788570138,0.04802017683892433,-0.014518232651993146,0.0037509890677062453,-0.059288733696709804,-0.025392079026051534,0.004303928663867201
26,0,-0.37456783100634405,-0.8691515664254582,0.34408885211530493,-0.052843612954835174,-0.043305391453882,-0.4268481025464401,-1.6751901669213014,0.028130725156551694,-0.12095194329407902,-0.2632571298561754,-0.9959692980637609,0.07374055777264124,0.05044996462144145,0.144961650440327,-0.5183093775255492,-0.2338346480032943,-0.3326313988029971,-0.1226290062580208,-0.23550568666310073,-0.5771966322935342,-0.6772811361426985,-0.10999045649227324,-0.16897212013373125,-0.36603699910678705,-0.16717933262718093,-0.756301713981296,0.15201828072564458,0.21749343185762635,-0.047913848839735027,0.03814028857305975,0.0578269372147658,-0.010177036523387006,0.04805007380248677,0.01798334115937349,-0.09290877183111067,0.012380610119784387,0.03201345122594955,0.03727498621364407,-0.10592078653101131,0.059288733696709804,0.0,0.04783710875577118
27,0,-0.3362367519345909,-1.6380354715237884,0.264291824059091,-0.12190207507777563,-0.283555760464495,-0.3074465149028256,-0.47081719874021455,-0.04924808809210623,0.19918256896541653,-0.7051414331925611,0.2990150229308854,-1.704921453128653,-0.11883056221889209,-0.11045182108753615,-0.4933941761288878,-0.3174089855139833,-0.2683792463421475,-0.13462337073201042,-0.21948899539560518,-0.5481016331820204,-0.6222240861687048,-0.09335401164381749,-0.12895530610111233,-0.41143528216142505,-0.12359641203094725,-0.8748791813747155,0.09277009633152636,0.22567795193973295,0.024915201396661348,-0.08357433751068896,0.06425215246084956,-0.011994364473989615,0.01601669126749559,0.02909499911151383,0.05505704997399359,0.016636444848455736,0.04001681403261892,-0.045398283054638,0.0435829205962337,-0.11857746739341961,-0.05924818439411824,0.00818452008210659
28,0,-0.3362367519345909,0.05472474641996522,0.03733664036673128,0.13615849390804274,-0.36363921680379385,-0.6953798363897653,-0.09229998016901934,-0.17305418928990612,0.039115312835668756,-0.638311473365946,-0.38688012087868273,-0.5191467791944568,-1.0498734598407715,0.6501440968876909,-0.46464586682505127,-0.2848909705552808,-0.24412924041337628,-0.08991710314714493,-0.21948899539560518,-0.5368925045460962,-0.5740491674414614,-0.11347250308846328,-0.07293176645551865,-0.45176370619473233,-0.194150730209277,-0.8155904476780058,0.016593859253371757,0.295316928845257,0.02874830930383666,0.032518014958702504,0.02425000592877123,0.0447062675848655,0.0,0.011209128635924293,0.04817491872724347,-0.02011849144464578,0.05602353964559369,-0.04032842403330731,-0.07055431817832977,0.0592887336967098,-0.0761762370781546,0.06963897690552402
29,0,-0.20207797518323695,-0.29628747112492015,-0.8362853680928849,0.012580193266941389,-0.12338884778953907,-0.7353428167439287,-0.8149237610776715,0.0010481405195082254,-0.44108645555357456,-0.35197966272944936,-0.23684055817033772,-1.704921453128653,0.939172730533215,0.4547034018235617,-0.48189485240734015,-0.19098380586145108,-0.22122645703620228,-0.0982768117199252,-0.23550568666310076,-0.5573126128002455,-0.591254495558333,-0.11463318528719624,-0.12895530610074837,-0.42618396295074595,-0.16932275495158722,-0.8748791813747158,0.07161003047648241,0.32480942362388937,-0.017248985582288923,0.09390716469382968,0.022902783377174007,-0.008359708572780265,-0.01601669126749559,-0.02042010825414927,-0.017205328116871633,-0.0011606821987329478,-0.05602353964522975,0.02557974324398643,0.02482797525768978,-0.05928873369670982,0.05501617122311066,0.029492494778632434
30,0,-0.6237198449729575,-0.5135807486527212,-0.635238310392803,-0.20549916080557828,-0.2034723041288379,-0.2284952610323384,-0.40199588627273786,-0.04537914742967773,-0.12095194329407902,-0.3709916340594329,-0.7566204718385295,0.6666278947397393,0.8968525988231091,0.6021658757166988,-0.40331614031018076,-0.21681587381930106,-0.2859967720168969,-0.10627305470258493,-0.23550568666310073,-0.5185680159934478,-0.5706081018180851,-0.11850212594962913,-0.1289553061007484,-0.453376843156058,-0.25684583319812127,-0.6377242465878764,0.10546613584454911,0.33377006198964493,0.07857871209715936,-0.025832067957850015,-0.06477031498069466,-0.007996242982659742,0.0,0.03874459680679757,0.020646393740247904,-0.003868940662432896,0.0,-0.027192880205312013,-0.08752307824653406,0.23715493478683922,0.0338561053680667,0.00896063836575547
31,0,-0.7962097007960647,0.18844368643708417,-0.5243515311458603,-0.29273090243458616,-0.283555760464495,-0.40248043159877095,-0.33317457380523674,-0.304598171812607,0.1191489408987229,-0.45798580590272264,-0.2618471519550672,-1.1120341161615548,0.5582915451424421,0.2627905171396433,-0.5183093775255492,-0.22714870100244178,-0.3000907925566974,-0.13644069868261716,-0.17944726722668408,-0.479920889870452,-0.5912544955583305,-0.12275796067830487,-0.07293176645551863,-0.46109685575672044,-0.31400376184891965,-0.6970129802845862,0.1139301621865643,0.3591702967272227,-0.11499323721536844,-0.010332827183140695,-0.014094020539800477,-0.030167643980032233,0.05605841943641665,0.03864712612299591,-0.020646393740245458,-0.004255834728675745,0.05602353964522975,-0.007720012600662518,-0.057157928650798405,-0.0592887336967098,0.008464026342015174,0.02540023473757789
32,0,-0.31707121239871433,0.6944483117290627,-0.641456260630944,-0.052843612954835174,-0.283555760464495,-0.35715656363609205,-0.4364065425064762,-0.02216550345506276,-0.5211200836202682,-0.45164848212607894,-0.3779491945270163,1.2595152317068374,0.1774103597516991,-0.7179407685612388,-0.47806174450018657,-0.21620806045558752,-0.292214722255045,-0.10372879557174128,-0.1954639584941797,-0.46929658533726676,-0.5499617080778347,-0.11153803275725342,-0.1529653945203925,-0.4410478678087359,-0.30739487634867385,-0.5191467791944568,0.1731783465806825,0.3200821577143969,0.04024763302536261,0.010940640546854253,0.007876070301652383,0.032711903110875885,-0.01601669126749559,0.010624304533185186,0.0412927874804958,0.01121992792105144,-0.08003362806487388,0.02004898794798455,0.006608885500245848,0.17786620109012943,0.05924818439411823,-0.03908813901282585
33,0,-1.0261961752268016,-2.0862978272629453,-0.1305480160632415,-0.23821106391646657,-0.12338884778953907,-0.5096981837684622,-0.3675852300389995,-0.03764126610477675,-0.681187339750016,-0.4447350380060897,0.2132781299546973,-0.5191467791944568,-0.37275135247940744,0.43918103615058407,-0.54514113287582,-0.37317586163475314,-0.2767734791636473,-0.10663652029270958,-0.1954639584941797,-0.4796284778190735,-0.5430795768310871,-0.08484234218647041,-0.17697548294003668,-0.45159087009172866,-0.278994530550308,-0.4598580454977471,0.14778626755463098,0.3115448565942668,-0.0670793883756334,-0.15696780117916564,0.015441243091397699,-0.0029077247209683076,0.0,-0.010331892481806776,0.006882131246747669,0.026695690570783026,-0.024010088419644145,-0.010543002282992781,0.028400345798365874,0.0592887336967098,-0.025392079026051534,-0.008537301120130176
34,0,-1.3520103473369214,-0.3297172061291999,-0.24247112034987434,0.02348416097055704,-0.283555760464495,-0.07985246825159174,-0.4364065425064762,-0.07246173206667722,-0.3610528274905204,-0.6337025106192864,-0.19933066749324355,-0.5191467791944568,0.5582915451424421,-0.20358601512532673,-0.6256363989265671,-0.4859252406037201,-0.24744548054038953,-0.08555551606569867,-0.2034723041277454,-0.41617506267134086,-0.5293153143375894,-0.0817471896565232,-0.18497884574670603,-0.47187030617705145,-0.28792545690199345,-0.459858045497747,0.1562502938966462,0.20422886482800373,-0.08049526605074701,-0.11274937896896695,0.029327998623257783,0.021081004227010924,-0.008008345633565709,0.06345341514773271,0.013764262493497787,0.0030951525299471967,-0.008003362806669361,-0.02027943608532276,-0.008930926351685466,0.0,0.008464026342015174,-0.10731599176626305
35,0,-0.5087266077576981,-0.829643697784043,-0.17200101765087197,-0.2818269347309705,0.11686152122107392,-0.44634223930455774,-1.434315573285084,-0.1962678332645211,-0.6011537116833223,-0.5323053301926726,-0.14574510938311805,-1.1120341161615548,-0.20347082563907387,-0.0053230717570037925,-0.5873053198547921,-0.5625097244316963,-0.2536634307785353,-0.10736345147295064,-0.1874556128602498,-0.41890424181747726,-0.6463115455323217,-0.0871637065839275,-0.24900574819860513,-0.4850058500050415,-0.2848889419424173,-0.5191467791944568,0.1435542543836204,0.15166449016274003,0.03833107907177495,-0.07658448382797625,-0.006217950238145746,-0.021807935407251965,0.01601669126749559,-0.002729179146136468,-0.11699623119473242,-0.005416516927404297,-0.0640269024518991,-0.013135543827990055,0.0030365149595761058,-0.0592887336967098,-0.012696039513025763,-0.05256437466526367
36,0,-0.6620509240447107,-0.04404492518355556,-0.8155588672990578,0.038022784575377916,-0.5238061294787497,-0.46145019529208786,-0.02347866770154264,-0.12662690134072016,-0.3610528274905204,-0.21025405826953872,0.14183071914120723,0.07374055777264124,0.3890110183021085,0.44200328445477777,-0.6160536291586287,-0.4799990603075061,-0.36962820271997154,-0.09827681171992933,-0.23550568666273658,-0.42236445109204207,-0.48114039561034583,-0.10263946923365468,-0.27301583661824924,-0.47970554284637784,-0.17110894022192052,-0.5191467791944568,0.17741035975168712,0.1813686535641851,-0.02874830930383666,0.08251066412419027,-0.11596477194143628,0.009086639753021309,-0.04805007380248677,-0.003460209274564774,0.16517114992197587,-0.015475762649727184,-0.02401008841964414,0.005300307158663667,0.1137800017204968,0.0,0.0338561053680667,0.029704163401445077
37,0,-0.24040905425499012,0.492350368294135,-0.06215056344361948,0.03075347277296748,0.11686152122107392,-0.5184705453096373,-0.4364065425064762,-0.08406855405396271,-0.12095194329407902,-0.3940364477927828,0.15790638657423853,-1.1120341161615548,-0.4573916158995892,-0.25579760875254676,-0.6064708593906686,-0.26696047632571374,-0.40227244147024266,-0.083011256934855,-0.1954639584941797,-0.44346685413272324,-0.4776993299869721,-0.10612151582984033,-0.3050292878441988,-0.44859504430639996,-0.18521980385758519,-0.459858045497747,0.1435542543836174,0.16683407479768403,0.009582769767960079,0.21303858398179232,-0.032644238750271046,0.015265554785074312,0.04004172816855689,-0.021102403040681172,0.0034410656233738344,-0.0034820465961856485,-0.03201345122594955,0.031110498539977827,-0.014110863635664685,0.05928873369670982,-0.03385610536806971,-0.01453457876650106
38,0,-0.5853887659012044,-0.5454909502476825,-0.3295224236839195,-0.23457640801526133,-0.2034723041288379,-0.715361326566847,-0.22994260510402165,-0.09954431670372069,-0.040918315231024883,-0.3727199950894695,0.05430764089465414,0.07374055777264124,0.05044996462144145,-0.07376259313324361,-0.63138606078733,-0.3269820459924785,-0.43895834787530763,-0.12008474712718542,-0.17944726722668408,-0.44546500315043136,-0.49146359248047233,-0.09877052857122179,-0.31303265065086816,-0.4220358964787524,-0.1411010276802515,-0.4005693118010372,0.2535865968298387,0.0944434057955906,-0.024915201396661348,-0.06002156966676477,-0.036685906405065076,-0.0370734901923304,0.016016691267495595,-0.001998149017708173,-0.01376426249350023,0.007350987258618544,-0.008003362806669365,0.026559147827647643,0.04411877617733369,0.059288733696709804,0.11003234244622129,-0.07239066900209346
39,0,0.02790849924749993,-0.6989638245854918,-0.0973856147931089,-0.1691526017934848,-0.36363921680379385,-0.6208147632898657,-0.05788932393528099,-0.13823372332800565,-0.12095194329407902,-0.4401260752594302,0.35795913685204245,-0.5191467791944568,0.3890110183021085,0.43635878784641546,-0.6083874133442564,-0.3672496813385357,-0.3650683725453301,-0.13825802663322803,-0.20347230412810954,-0.43401219780502504,-0.41576014876623324,-0.11269871495597317,-0.28101919942491865,-0.43085053773175047,-0.08162105817801349,-0.28199184440761754,0.19857042560672805,0.09260894439787597,0.02299864744307369,-0.040267635346057165,0.0738899753299776,-0.018173279506042618,-0.02402503690142548,0.011452805345406292,0.07570344371423905,-0.013928186384751387,0.03201345122594955,-0.008814641252998084,0.059479969502238016,0.11857746739341961,-0.05501617122311066,-0.0018344613977146263
40,0,0.008742959711623347,-0.21119360020495423,0.13786016921677222,-0.1873258812995522,-0.043305391453882,-0.7124372060530628,-0.40199588627273786,-0.12275796067829167,-0.2810191994238268,-0.479302258606036,-0.21540633492630656,-0.5191467791944568,0.1774103597516991,0.6078103723250612,-0.5451411328757982,-0.33701096649375895,-0.2877585245843725,-0.13644069868262543,-0.187455612860614,-0.4824063923070975,-0.41576014876623324,-0.12043659628083458,-0.29702592503789343,-0.4416816001864108,-0.0274996444867912,-0.4005693118010371,0.12662620169958708,0.09317339405871221,0.06324628046845808,0.030238714844776693,0.07730984796095752,0.0018173279506026097,0.01601669126749559,-0.04839419450207244,0.0,-0.007737881324861394,-0.016006725612974778,-0.010831062454660307,0.054121413691222295,-0.11857746739341961,-0.07194422390714099,0.0005644496608362415
41,0,-0.7387130821884349,-1.5514220671945387,-0.6590737863057005,-0.44175179438412404,-0.36363921680379385,-0.42343662861369197,-1.12461966718139,0.07068907244330916,-0.20098557136077266,-0.6337025106192864,-0.2511300403330357,0.07374055777264124,0.21973049146177498,-0.3065980782277075,-0.5393914710150352,-0.5109975418569213,-0.30123075010035655,-0.1513427878775792,-0.19546395849454387,-0.48450201200858967,-0.4949046581038486,-0.08290787185524295,-0.329039376263843,-0.45925327065806715,-0.026427933324588055,-0.2819918444076176,0.09277009633152034,0.03623453452197713,0.005749661860762978,-0.17398657536316228,-0.013472225515984015,-0.014902089194953788,-0.008008345633929886,-0.0020956197014921018,-0.07914450933761533,0.03752872442559162,-0.032013451225949556,-0.017571670471656375,0.0010717111622031484,0.11857746739341961,-0.033856105368066707,-0.056938859536735074
42,0,0.8136956202190935,0.018255944597117744,-1.0269691753960415,-0.31090418194061226,-0.12338884778953907,-0.5057993564168387,-0.19553194887025885,-0.04924808809210623,-0.20098557136077266,-0.7391325334492141,-0.02964306681120066,0.07374055777264124,0.05044996462144145,0.5936991308041929,-0.42631478775325443,-0.5786167785701157,-0.3397820415768663,-0.17714884477615692,-0.17944726722704826,-0.4993662912866643,-0.47081719874022687,-0.0856161303189473,-0.29702592503789343,-0.48800167579038056,0.008402679446993511,-0.4005693118010372,0.08007405681849457,0.16739852445852027,0.11307668326178077,-0.0676192367131945,-0.03855129147650975,-0.025806056898577706,0.01601669126749559,-0.014864279278074665,0.024087459363621735,-0.0027082584637043465,0.03201345122594955,-0.02874840513231352,0.034830612771581566,-0.11857746739341961,-0.012696039513025767,0.13116398993654316
43,0,0.16206727599863602,-0.027330057681432967,0.16169564512966975,-0.06011292475724561,-0.36363921680379385,-0.5189578987286013,-0.7461024486101947,-0.24269512121370707,-0.040918315231024883,-0.6999563501025561,0.3793933600960736,0.6666278947397393,0.09277009633151731,0.7185836182639308,-0.3074884426307107,-0.37272000161196456,-0.3105576754575752,-0.15933903086023482,-0.20347230412847375,-0.5002922627826782,-0.5086689205973464,-0.10612151582984033,-0.2329990225859943,-0.5135238070000272,0.02501420246113114,-0.2819918444076176,0.12662620169958702,0.195338782669855,0.11882634512254375,0.20589677695815123,0.029224366119291124,0.017809813915922096,-0.02402503690142548,-0.000925971496013911,-0.03785172185711952,-0.02050538551089303,0.06402690245189911,-0.025522131209646637,0.01661152301413763,0.11857746739341961,0.04655214488109247,0.027940258211334675
44,0,-0.31707121239871433,-0.8493976321047333,-0.5098429805901743,-0.12190207507777563,0.5973622592459417,-0.4906914004293086,-0.9869770422464121,-0.02603444411749126,-0.5211200836202682,-0.47584553654606754,0.02572867656925811,-0.5191467791944568,-0.4573916158995892,0.3100631762345682,-0.20399452913688995,-0.4246880442095179,-0.3372948614816052,-0.17387765446506812,-0.11538050215743008,-0.5413761560004499,-0.5637259705713399,-0.10147878703492175,-0.2490057481989691,-0.4977381095927054,0.04752013686738131,-0.28199184440761754,0.02505788559538392,0.2467037018058445,0.10349391349382071,-0.051968042597553346,-0.026737186024029996,-0.014538623604833267,0.08809180197104367,-0.041083893217771686,-0.05505704997399359,0.004642728794918597,-0.016006725612974775,0.015785697407321886,0.022505934406250167,0.0,-0.10156831610420314,0.05136491913598949
45,0,-1.2945137287292916,-0.9572845041639919,-0.07873176407868579,-0.21640312850919394,-0.043305391453882,-0.26602147429177025,-0.3675852300389995,0.271873986889767,-0.12095194329407902,-0.28457358255948867,-0.3654458976346516,0.07374055777264124,-0.2881110890592256,0.5224373611237594,-0.2825732412340493,-0.43745212484751284,-0.32796793612438657,-0.16733527384289043,-0.13139719342492567,-0.5233440794991712,-0.45705293624673154,-0.054664605019492926,-0.20098557136004475,-0.47296493482938695,0.025550058042227958,-0.16341437701419798,0.01659385925336875,0.2994797450939208,-0.07857871209715936,-0.01276408063799489,0.009326925357218619,0.006542380622177654,-0.01601669126749559,0.01803207650127875,0.10667303432460847,0.04681418201542881,0.04802017683892433,0.02477317476331839,-0.021970078825153352,0.11857746739341961,-0.008464026342015174,0.052776043288076314
46,0,0.06623957831925309,-1.3402069233038731,-0.7253985888459422,-0.28909624653338095,-0.12338884778953907,-0.44049399827707814,0.07975330099969687,-0.0879374947163912,0.039115312835668756,-0.3133795997261367,-0.2564885961440673,-1.1120341161615548,0.3466908865920326,0.2952463726376578,-0.20974419099765296,-0.5670683246595445,-0.318951908279075,-0.2000471769537663,-0.0913554652560046,-0.5212484597976702,-0.44672973937660754,-0.05079566435706003,-0.16096875732742583,-0.48327748897504674,-0.014281873486299505,-0.2819918444076176,0.01236184608236116,0.2848040539122088,0.07282905023639638,-0.12961619981203176,0.009016027845311558,-0.032711903110875885,0.04004172816892106,0.0020956197015009727,0.01032319687012395,0.003868940662432896,0.04001681403261892,-0.0103125541456598,-0.03983193152852745,-0.11857746739341961,-0.004232013171007587,-0.014675691181711997
47,0,0.08540511785512968,-0.3585883409055935,-0.13676596630138255,-0.1873258812995522,0.03677806488541685,-0.6276377111551847,-0.40199588627273786,-0.2001367739269496,0.19918256896541653,-0.4689320924260783,0.2132781299546973,-0.5191467791944568,0.26205062317185085,0.356630273253476,-0.17716277378664097,-0.6521621955795174,-0.32641344856485127,-0.22185511236101832,-0.0993638108895703,-0.5321651763822249,-0.4432886737532337,-0.06240248634435872,-0.12895530610147626,-0.49076705343837634,-0.008744699148253626,-0.2227031107109078,0.08430606998950516,0.34604684211281106,0.03258141721101198,-0.08509387091997285,-0.007461540285776306,-0.021807935407251965,-0.008008345633565707,-0.010916716584554741,0.0034410656233738344,-0.011606821987298687,0.03201345122594955,-0.007489564463329551,0.0055371743380458775,0.0592887336967098,0.07194422390714401,0.06124278820060227
48,0,-1.0070306356909249,-0.8129288302818858,0.3482341522740656,0.09981193489594926,0.03677806488541685,-0.2835661973741204,-0.9181557297789109,-0.10341325736614919,-0.3610528274905204,-0.5017709519960403,-0.16717933262718093,-0.5191467791944568,-0.41507148418948325,-0.9987544748266698,-0.21932696076561306,-0.6789059835829377,-0.2586377909690528,-0.18841627806989722,-0.07533877398814484,-0.48898566346295225,-0.5121099862207226,-0.06278938041060157,-0.16096875732742583,-0.5036721491290334,-0.030893396500437133,-0.2819918444076176,0.037753925108412696,0.25354765394346845,-0.04216418697897205,-0.02674378800342033,0.06777565759579851,0.03343883429112106,0.024025036901425476,0.04317951291927266,-0.06882131246748893,-0.0003868940662428502,-0.03201345122594955,-0.012905095690657075,-0.022148697352183506,-0.059288733696709804,-0.04655214488109247,-0.09249918816934262
49,0,-0.9686995566191718,-0.0607597926857127,0.032155015168280426,-0.12553673097898085,-0.6038895858144068,-0.3108579888354851,0.010931988532195711,-0.03764126610477675,0.039115312835668756,-0.3064661556061475,-0.21540633492630656,-0.5191467791944568,0.05044996462144145,0.252912648075028,-0.3189877663522802,-0.6150855803929598,-0.24568372797291388,-0.18405469098844685,-0.09936381088920614,-0.4579899860175142,-0.5052278549739749,-0.05273013468827868,-0.14496203171445105,-0.4903061571637052,-0.08822994367827203,-0.2819918444076176,0.0038978197403459905,0.2352030399663297,-0.09966080558666718,0.0638204031899779,0.012954062996138932,0.004361587081450393,-0.02402503690106129,0.030995677445438064,0.006882131246747671,0.01005924572232289,0.016006725612974775,0.013365991965328273,-0.057336547177834894,0.0,-0.0338561053680667,-0.018344613977138748
50,0,0.14290173646275942,-0.9512063705268564,-0.8155588672990578,0.11798521440197535,0.03677806488541685,-0.6885568885243577,-0.29876391757149834,-0.13436478266557716,0.039115312835668756,0.021346319750284583,-0.3654458976346516,0.07374055777264124,0.7698922036928815,0.2931296864095313,-0.3055718886771666,-0.6890868574251501,-0.3410256316244969,-0.15352358141829409,-0.09135546525527624,-0.4556019542646437,-0.494904658103851,-0.05389081688700723,-0.1129485804885015,-0.44024129932807315,-0.10323389994910652,-0.2227031107109078,0.06314600413446422,0.2037349713747767,0.013415877675113607,-0.07400127703219021,-0.095341903651583,0.030531109570152752,0.008008345633929884,0.002388031752870512,0.010323196870123952,-0.0011606821987285494,0.032013451225949556,0.05006485783563206,-0.015003956270834501,0.059288733696709804,0.05924818439411823,-0.03146806859155299
51,0,-0.9303684775472008,0.4254908982855755,-0.4227916772561292,-0.1146327632753652,0.3571118902353287,-0.5023878824841792,-0.4364065425064762,-0.3781080443987924,-0.040918315231024883,-0.6066248544826226,0.10610701373444634,-0.5191467791944568,-0.16115069392899803,-0.35034292694242164,-0.3247374282130432,-0.49139556087713865,-0.3173974207195398,-0.1208116783074182,-0.01928035455136399,-0.46349707965169235,-0.4260833456363596,-0.09877052857121739,-0.09694185487552673,-0.43753353371440673,-0.06751019454235833,-0.2819918444076176,0.02505788559538693,0.19936048650330532,-0.019165539535876585,0.1976912965480114,0.023628210904957127,0.032711903110875885,0.07207511070391226,-0.007895125387048724,0.06882131246749137,-0.044879711684210156,0.016006725612974778,0.00270776561366638,0.035723705406748206,-0.059288733696709804,-0.0380881185390773,-0.004374484871471412
52,0,-0.7387130821884349,-1.215605183742492,-1.098475603134734,-0.45629041798894493,-0.12338884778953907,-0.477532858117546,-0.3675852300389995,-0.1923988926020926,0.1191489408987229,-0.35774086616279993,0.004294453325226953,-0.5191467791944568,-0.2881110890592256,-0.2762589089578195,-0.479978298453796,-0.6147816737110995,-0.324548063493409,-0.13535030191225148,-0.01928035455136399,-0.46067042982176315,-0.44328867375323366,-0.11308560902221602,-0.06492840364957717,-0.39939436698576525,-0.06411644252871558,-0.3412805781043274,-0.00879821977267978,0.11236468252710408,-0.15524087024075284,-0.12338611283396098,-0.007150642773869254,-0.014538623604833267,0.0,0.002826649829929273,-0.017205328116874065,-0.014315080450998639,0.032013451225949556,0.03813916672864142,0.0033937520136427617,-0.059288733696709804,-0.033856105368066707,-0.08699580397620124
53,0,0.6220402248601098,-1.3873124589917423,-0.4486998032484071,-0.10736345147295476,-0.4437226731394509,-0.004800041732816714,0.04534264476595851,-0.11888902001586317,-0.681187339750016,-0.21025405826953872,-0.11359377451705546,0.07374055777264124,-0.41507148418948325,-0.9394872604390031,-0.4339810035676487,-0.7507799138421305,-0.38558760833121675,-0.1400753545838224,-0.027288700184929692,-0.4092546441221846,-0.36414416441561837,-0.10070499890243163,-0.12895530610147626,-0.35042413780246356,-0.11341515599002847,-0.4005693118010372,-0.05958237782477984,-0.05344240534318932,0.04599729488614738,-0.13599824013103093,-0.06103954483780768,-0.004725052671570915,-0.008008345633565705,0.05141578569957846,0.07914450933761533,0.01238061011978439,-0.06402690245189911,0.04897022918330174,-0.049298713461312905,-0.059288733696709804,-0.050784158052100056,-0.16580708787029338
54,0,0.5262125271807269,-1.4724063299117083,-0.3129412230488767,-0.20549916080557828,-0.283555760464495,-0.6831960009159307,-0.7461024486101947,-0.25043300253856404,-0.44108645555357456,-0.45798580590272264,-0.08680099546199271,0.07374055777264124,0.4736512817222903,1.0487866698524382,-0.3496526296097045,-0.813080783622828,-0.36589743257708696,-0.14843506315660265,-0.11538050215597336,-0.42850510417084686,-0.3400567050519966,-0.12314485474453891,-0.12095194329480692,-0.3486381647381291,-0.12466812319315354,-0.34128057810432744,0.03352191193740812,0.020429944018597677,0.08432837395794412,-0.0623008697806975,0.019690175754129756,-0.008359708572780265,-0.08809180197104367,-0.01925046004866221,0.024087459363621742,-0.022439855842107278,0.008003362806669361,0.0017859730643344895,-0.011252967203125082,0.059288733696709804,0.09310428976218796,0.073872349361787
55,0,0.1812328155345126,-0.98615563894042,-0.30672327281071216,-0.15824863408986914,-0.2034723041288379,-0.7168233868236504,-0.6772811361426936,-0.06472385074182022,-0.6011537116833223,-0.49946647062271055,0.05073527035398757,-0.5191467791944568,0.13509022804159318,-0.31788707144440714,-0.2020779751833241,-0.8159678971004707,-0.38869658345028957,-0.1426196137146702,-0.13139719342346895,-0.4735852954240348,-0.371026295662366,-0.15680463850769763,-0.16897212013373125,-0.37012745354445126,-0.08305000639428964,-0.4005693118010372,0.07584204364749,-0.06360249923821897,0.14757465442638043,-0.002887113477642811,-0.022799150873202636,0.00581544944193248,-0.01601669126749559,-0.04508019125318802,-0.030969590610369406,-0.03365978376315872,-0.04802017683892433,-0.02148928880632219,0.041618116798863916,-0.059288733696709804,0.04232013171008188,-0.08403244325681665
56,0,0.5453780667166034,-0.08203326041568691,-0.7844691161083291,0.08890796719233361,-0.043305391453882,-0.2606605866833433,-0.3675852300389995,-0.16918524862747764,-0.3610528274905204,-0.3663826713127734,-0.33865311857958885,-1.704921453128653,0.7698922036928815,0.07087763245572484,-0.1541641263435891,-0.6901505308116522,-0.39460363617652827,-0.10481919234209872,-0.12338884778990325,-0.4556019542646614,-0.4157601487662356,-0.16492941389880628,-0.20898893416635017,-0.37542776070311495,-0.0912664586378418,-0.4598580454977471,0.11816217535757487,-0.08603937325641227,0.047913848839735027,0.12581736628881862,-0.005907052726238693,0.03780042137257146,0.008008345633565707,0.017983341159373483,-0.04473385310386964,-0.008124775391108643,-0.04001681403261892,-0.00530030715866367,-0.008216452243552153,-0.05928873369670982,0.042320131710084884,-0.022436874018193297
57,0,-1.0261961752268016,-1.504316531506704,-0.3917019260654005,-0.40540523537203055,-0.12338884778953907,-0.21826083923435988,-0.33317457380523674,-0.16144736730262063,0.27921619702847067,-0.6792160177425883,-0.2600609666847339,0.07374055777264124,0.1774103597516991,0.7164669320358042,-0.2653242556517822,-0.8047233498717633,-0.4200972321529301,-0.12662712774934654,-0.13940553905739883,-0.414664267072579,-0.4088780175194855,-0.16106047323637337,-0.20098557136004475,-0.3964561532347659,-0.1386003683017849,-0.4005693118010372,0.1096981490155597,-0.05005570737817945,-0.11116012930819312,-0.11457281906011105,-0.025493595976401794,-0.021807935407247837,-0.01601669126749559,0.04093768719208248,0.006882131246750111,0.003868940662432896,0.008003362806305415,-0.021028392531651,-0.047333909663943116,0.059288733696709804,-0.008464026342015174,0.035983665878232825
58,0,-0.9303684775472008,-0.2339866013442123,-0.5025887053123431,-0.009227742140331239,-0.2034723041288379,-0.6749109927937197,-0.5052278549739774,-0.029903384779919755,-0.2810191994238268,-0.0656478520930052,-0.40652815885241234,-0.5191467791944568,-0.24579095734914974,-0.3108314506839605,-0.2576580398374098,-0.7468291269779959,-0.5051795179115709,-0.13753109545297462,-0.16343057595882432,-0.45379874661453884,-0.3675852300389922,-0.15370948597775042,-0.1929822085533754,-0.35284384324446244,-0.16253525092430804,-0.4005693118010372,0.12662620169959307,0.01873659503609148,0.007666215814372412,0.05789422289376735,-0.08508228575864088,-0.01090396770362805,-0.024025036901425476,-0.03913447954195993,0.04129278748049335,0.007350987258622943,0.008003362806669361,0.04361230999030351,-0.023934882622523142,0.0,0.01692805268403335,0.06879230241427092
59,0,0.29622605274999,-0.7080810250412296,-0.3170865232076374,-0.020131709843946893,-0.12338884778953907,-0.24360321701995713,0.21739592593467472,-0.2852534685004645,0.039115312835668756,-0.3225975252194557,-0.24041292871100428,-0.5191467791944568,-0.5843520110298168,-0.5831784120368856,-0.1311654789004936,-0.8115612502135475,-0.5401036717491627,-0.1269905933394712,-0.11538050215633755,-0.44707326943298603,-0.34693883629874434,-0.17847070621731922,-0.1929822085533754,-0.3544569802057932,-0.16503591030277784,-0.4005693118010372,0.06314600413446722,-0.06487251097509987,0.1264925609369162,-0.06473212323555169,-0.03492415383759179,0.010540502113503396,0.04805007380248677,0.006725477181552797,0.0206463937402479,-0.024761220239568775,0.0,-0.0016131369613308244,-0.0025006593784697717,0.0,-0.06348019756512582,-0.08360910601119136
60,0,-1.1603549519779377,0.007619210732130639,-0.32641344856484894,-0.027401021646357326,-0.12338884778953907,-0.5374773286487909,-0.19553194887025885,-0.4245353323479784,-0.3610528274905204,-0.7068697942225453,-0.4422518642591415,-1.1120341161615548,-0.37275135247940744,0.21128448558844035,-0.2614911477445633,-0.7156786920876488,-0.49118912987574176,-0.14152921694430448,-0.13139719342383313,-0.4319653134454294,-0.33661563942862033,-0.20748776118555937,-0.2329990225859943,-0.42727859160307624,-0.17271650696522683,-0.5191467791944568,-0.05111835148276165,-0.07305703105720898,-0.1303256688440697,0.09588255812589871,0.04891454187342088,-0.014538623604833267,-0.01601669126749559,0.015107955987556676,0.010323196870123948,-0.029017054968240124,-0.04001681403261892,-0.07282161139728298,-0.007680596662448991,-0.11857746739341961,-0.11426435561722889,-0.008184520082109095
61,0,0.14290173646275942,-0.7323935595897715,-0.596894283924243,-0.30726952603940705,0.03677806488541685,-0.3254785914041398,-0.8493344173114342,-0.018296562792634263,-0.040918315231024883,0.01731347734697062,0.6241007421323048,-0.5191467791944568,0.05044996462144145,-0.2565031708285889,-0.1541641263435673,-0.8314671378751836,-0.5085993905425532,-0.16079289322070867,-0.16343057595882432,-0.4142743843374254,-0.3779084269091161,-0.17150661302494355,-0.2329990225859943,-0.3648847584201169,-0.12091713412544096,-0.5191467791944568,-0.029958285627717702,-0.06367305544582572,0.10732702140099601,-0.11578844578753471,-0.017410260666811384,-0.019263676276404185,-0.03203338253499118,0.01769092910800394,-0.0412927874804958,0.03598114816061582,0.0,0.062393833182959324,0.05179937283978585,0.0,0.021160065855043948,0.009383975611383271
62,0,-0.6620509240447107,-0.6153894870748097,-0.7523430398779102,-0.001958430337879482,-0.283555760464495,-0.29233855891529553,-0.8149237610776715,-0.12662690134072016,-0.6011537116833223,-0.2724750553494944,0.15076164549287366,0.07374055777264124,-0.5843520110298168,0.1760063817862572,-0.14649791052919486,-0.7714455682084154,-0.4739861342168708,-0.1153596944556021,-0.1794472672263199,-0.3957549544172004,-0.4226422800129833,-0.16492941389880628,-0.3050292878441988,-0.3563581773387864,-0.10627041490867631,-0.459858045497747,-0.05958237782477682,-0.01844652637141804,0.007666215814372423,0.06002156966676823,0.034613256325682386,0.04543319876510655,-0.01601669126749559,0.018519429920225046,-0.0447338531038672,0.006577199126137245,-0.07203026525820452,0.008526581081330553,0.01464671921676467,0.059288733696709804,-0.02962409219705912,0.045226529074407676
63,0,-0.8537063194036945,-0.3980962095470087,-0.49222545491544145,-0.29273090243458616,-0.4437226731394509,-0.39711954399025534,-0.9525663860126493,-0.14984054531533514,-0.12095194329407902,-0.3370005338027798,-0.19397211168224368,-1.1120341161615548,0.3890110183021085,-0.42583806907910815,-0.29407256495557527,-0.6725239432639419,-0.47833869938357426,-0.13389643955176525,-0.17944726722631993,-0.43498690464294426,-0.5224331830908441,-0.16802456642875346,-0.24900574819860513,-0.3690328248921105,-0.11430824862519513,-0.5784355128911666,0.02082587242438235,0.03291839276457146,-0.14757465442638043,0.09892162494447336,-0.004352565166703437,-0.01853674509616314,0.0,-0.03923195022574386,-0.09979090307786079,-0.0030951525299471967,0.0560235396455937,-0.012674647553324106,-0.008037833716518821,-0.11857746739341961,0.08040825024915918,0.05136491913598949
64,0,-0.48956106822182144,-0.053162125639258796,0.16169564512966975,-0.1146327632753652,-0.4437226731394509,-0.539914095743611,0.010931988532195711,-0.14984054531533514,-0.20098557136077266,-0.381361800239443,-0.22076489073730643,-1.1120341161615548,-0.24579095734914974,-0.10198507617500517,-0.39564992449583014,-0.530599522836697,-0.43087501256571964,-0.12480979979874393,-0.1954639584938155,-0.4206587141257123,-0.44672973937660504,-0.1579653207064306,-0.22499565977932492,-0.3613704243257825,-0.12770463815272648,-0.6970129802845861,-0.05111835148276165,-0.08215878183817288,-0.10157735954025485,0.14192442042724496,0.04746368681785464,0.009086639753021309,-0.01601669126749559,0.014328190517231965,0.07570344371423904,0.01005924572232289,0.02401008841928019,0.007662400566327965,-0.013396389527531371,-0.11857746739341961,-0.07194422390714401,-0.11507717460274433
65,0,0.20039835507038917,0.7187608462776393,-1.1119478286507063,0.08890796719233361,-0.4437226731394509,-0.7280325154595569,0.04534264476595851,-0.17305418928990612,-0.2810191994238268,-0.47642165688936067,0.15433401603357197,-0.5191467791944568,0.09277009633151731,-0.02225656158206574,-0.39373337054224244,-0.3601078743148911,-0.511397468149719,-0.10009413967052365,-0.2194889953948768,-0.42177962698930294,-0.3744673612857399,-0.1687983545612392,-0.1929822085533754,-0.35906594295244754,-0.11734476358476804,-0.6970129802845862,-0.055350364653769246,-0.05259573085193873,0.0019165539535876575,0.17049164852180593,-0.08052245558399942,0.024715660128220275,-0.0240250369010613,-0.0011209128635906508,0.0722623780908652,-0.01083303385480859,0.03201345122594955,0.0023044813733349876,0.01035987456795844,0.0,-0.004232013171007587,0.02956305098623414
66,0,-0.3937333705422207,0.20515855393920676,-0.26112497106432103,-0.1473446663862535,-0.12338884778953907,-0.39517013031439924,-1.0902090109476517,-0.16531630796504912,-0.5211200836202682,-0.5363381725959866,-0.11180758924672217,-0.5191467791944568,0.21973049146177498,-0.5119166423564521,-0.48764451426812494,-0.33138869287940176,-0.45906305364531824,-0.12371940302838236,-0.22749734102844252,-0.43523058135240855,-0.4467297393766051,-0.16841146049499633,-0.20898893416635014,-0.3760614930807688,-0.09466021065148139,-0.5784355128911666,-0.1103665358768799,-0.11087515833315642,-0.09391114372588241,0.028719181435489367,0.052334414504400815,-0.023625263357858712,-0.008008345633565707,-0.013450954363105594,-0.07226237809086522,0.00038689406624285163,-0.016006725612974775,-0.016995550128321317,0.022684552933286667,0.11857746739341961,-0.055016171223110644,-0.05827942748121769
67,0,0.14290173646275942,-0.49382681433199627,-0.4279733024545801,0.08890796719233361,0.03677806488541685,-0.34497272816225744,-0.40199588627273786,0.012654962506837703,-0.040918315231024883,-0.2649854908861596,0.4508407709095637,0.07374055777264124,0.1774103597516991,1.1073483221640628,-0.3707347230991688,-0.23033972116193097,-0.46269019128423616,-0.07428808277194596,-0.21148064976094688,-0.4479017702451983,-0.4536118706233552,-0.15100122751405048,-0.24100238539229973,-0.33463844039512597,-0.023570036892051626,-0.5784355128911666,-0.11036653587687988,-0.07178701932033056,0.1169097911689561,0.10104897171747078,-0.00362713763891796,0.049431320256436415,0.01601669126749559,-0.012671188892789755,-0.006882131246750111,0.017410232980945833,-0.032013451225949556,0.04142305268564288,0.07109017375942976,0.0,0.0,0.03908813901282585
68,0,-0.5853887659012044,-0.8797883002904453,-0.7430161145206751,-0.1328060427813913,-0.36363921680379385,-0.3829862948405647,-0.9525663860126493,-0.21174359591423508,-0.12095194329407902,-0.39346032744943726,0.1632649423852384,-1.704921453128653,0.6852519402726998,-0.1880636494523491,-0.33623675193456914,-0.29491989105655425,-0.48673293220506936,-0.08664591283605197,-0.22749734102844252,-0.4187093004498828,-0.49834572372722236,-0.16918524862748202,-0.22499565977932492,-0.3674196879307691,0.03340927323171344,-0.6970129802845861,-0.017262246114694946,-0.059510239197169426,0.03449797116459964,-0.0645801698946233,-0.024042740920833194,-0.012357830064106005,-0.016016691267495595,0.0291924697953155,-0.0447338531038672,-0.018184021113431533,0.016006725612974778,-0.03278124753564321,0.05697931012376507,-0.11857746739341961,0.09310428976218495,0.01227678012316114
69,0,-0.16374689611148377,-1.3873124589917423,-1.066349526904315,-0.16551794589227956,0.19694497756037277,-0.3435106679053654,-0.40199588627273786,-0.033772325442348254,-0.2810191994238268,-0.3531319034161404,0.7616370079482851,0.07374055777264124,0.43133115001218436,0.4180141738692692,-0.3822340468207165,-0.36284303445160554,-0.5616592325747372,-0.10118453644088524,-0.1954639584934513,-0.4287000455384236,-0.5602849049479637,-0.1440371343216704,-0.25700911100527446,-0.3704731257504376,0.1336142668976424,-0.6377242465878764,0.08430606998950517,0.04060901939344605,-0.04599729488614738,-0.06792314339505126,-0.07492630036966777,-0.014538623604833267,0.03203338253499118,-0.009990745088540826,-0.061939181220741255,0.025148114305811625,-0.032013451225949556,-0.00305343781966847,0.10020499366592894,0.059288733696709804,0.10156831610420011,0.10011925859061548
70,0,0.44955036903700263,0.6944483117290627,-0.8083045920212266,-0.2636536552249031,-0.4437226731394509,-0.6515180286838899,-0.8149237610776715,-0.00668974080534877,-0.12095194329407902,0.14521219356690276,-0.2225510760076397,-1.1120341161615548,0.05044996462144145,-0.17536353208356517,-0.2212435147192225,-0.2941601243519123,-0.6098483469203748,-0.12480979979873981,-0.22749734102844252,-0.4401041155419335,-0.622224086168705,-0.10225257516740745,-0.23299902258563035,-0.28526492697149286,0.15558434572279256,-0.6377242465878764,0.12662620169959005,0.001944217626245498,0.16099053210149403,0.06868291009969321,-0.04818911434563777,-0.023625263357854576,-0.03203338253499118,-0.011404070003509893,-0.06193918122074127,0.04178455915426296,0.02401008841964414,0.0852081987789448,0.021970078825150178,0.0,0.04232013171008489,-0.03866480176720055
71,0,-0.29790567286283776,-1.4465742619538478,-0.03209713729258093,-0.2273070962128096,-0.283555760464495,-0.34107390081063393,-0.6772811361426936,-0.13049584200314868,-0.2810191994238268,-0.43897383457273914,-0.01713976991883593,-0.5191467791944568,0.3043707548819267,0.027838345817052877,-0.2653242556517822,-0.36557819458831997,-0.5533686322572087,-0.11681355681608005,-0.2595307235634337,-0.4416636464825829,-0.6050187580518308,-0.11347250308845887,-0.25700911100491053,-0.33089365816346383,0.0914602945176785,-0.6377242465878764,0.15201828072563858,0.030378369290809677,-0.04408074093255972,-0.07141807023640763,0.05647971466316622,0.007996242982659746,-0.03203338253499118,-0.0015595309406494118,0.017205328116874065,-0.011219927921051441,-0.024010088419280193,-0.04562873119197098,-0.06412405120511408,0.0,0.025392079026048526,0.02843415166456418
72,0,0.20039835507038917,-0.22031080066065747,-0.7378344893222243,0.005310881464530954,-0.283555760464495,-0.7114624992152234,-0.29876391757149834,-0.25430194320099253,-0.2810191994238268,-0.5818516797192884,-0.45296897588117296,-0.5191467791944568,0.43133115001218436,-0.05541797915612241,-0.17907932774027222,-0.32607032594690477,-0.5519177772016401,-0.11608662563583902,-0.2595307235634337,-0.48357604051257574,-0.5534027737012135,-0.1262400072744861,-0.224995659778961,-0.3618313206004432,0.031087232380273833,-0.6970129802845861,0.2535865968298387,0.007235933196571717,0.08624492791150998,0.03950786864141522,0.0014508550555685895,0.0007269311802410435,0.0,-0.04191239402999279,0.05161598435061732,-0.012767504186027238,0.03201345122594955,-0.030937662436979402,-0.06037306213740466,-0.059288733696709804,0.10156831610420011,-0.02314243609423796
73,0,-1.0836927938344312,-0.352510207268458,0.16894992040750095,0.09254262309353882,-0.12338884778953907,-0.41612632732940896,0.18298526970093637,-0.17305418928990612,-0.2810191994238268,-0.47642165688936067,-0.09037336600265929,0.6666278947397393,-0.33043122076933157,0.6811888282336211,-0.20207797518334586,-0.3215117257190497,-0.4858002396693458,-0.07755927308302653,-0.2274973410284425,-0.485476718846491,-0.43984760812985496,-0.1285613716719432,-0.24100238539193578,-0.37577343290910126,0.04144710694823227,-0.5191467791944568,0.18164237292269472,0.11793862292784466,-0.022998647443073672,0.004558600227855069,0.06611753753229424,0.0385273525528125,0.03203338253499118,-0.0019006783339153622,0.11355516557135856,-0.0023213643974570987,-0.016006725612974778,-0.013942112308658088,0.010359874567958439,0.1778662010901294,-0.07194422390714401,0.11070268973127292
74,0,0.1812328155345126,-1.7261684092623222,-0.3429946491999153,-0.23457640801526133,-0.043305391453882,-0.3469221418380249,-0.47081719874021455,-0.056985969416963225,0.3592498250951643,-0.06680009277964387,-0.7048210989987691,0.07374055777264124,-0.07651043050881622,0.391202814979617,-0.13499858680771246,-0.4888123540813559,-0.5362692691023043,-0.08955363755701615,-0.1874556128598856,-0.46617752345593244,-0.48802252685709596,-0.11927591408210603,-0.1849788457463421,-0.3443172621631214,-0.006958513877913996,-0.4005693118010372,0.19857042560672805,0.16725741204330685,0.0670793883756334,-0.16730062836230636,-0.0504690294329585,-0.011994364473989614,0.04004172816855689,0.019299195390558615,-0.04817491872724103,0.009285457589837192,0.0560235396455937,0.03145617074597991,-0.048405620826146266,0.11857746739341961,0.01692805268403335,0.04931878911546222
75,0,-0.7195475426523404,-0.5986746195726871,-0.6735823368613865,0.07436934358747141,-0.4437226731394509,-0.4468295927235218,-0.9181557297789109,-0.12662690134072016,-0.8412545958797637,-0.24078843646622342,-0.617298020752216,0.07374055777264124,0.09277009633151731,0.4892759435497027,-0.22699317657998544,-0.6205559006663887,-0.49243271992337245,-0.09100749991750236,-0.1874556128598856,-0.438057231182329,-0.584372364311583,-0.11463318528718743,-0.2410023853919358,-0.32075394012080766,-0.0841217175564928,-0.3412805781043274,0.19857042560672805,0.21841066255648373,-0.09199458977227296,-0.13174354658503265,0.04383654917893198,-0.0014538623604862203,0.0,0.028120292273603513,-0.09634983745448694,0.004642728794918597,-0.05602353964559369,0.023563322042313727,-0.07716320367857879,0.059288733696709804,0.0,0.05115325051317685
76,0,-0.41289891007809726,0.5075457023869737,0.05806314116055829,-0.38723195586600445,-0.2034723041288379,-0.44390547220973764,-0.6428704799089552,-0.09567537604129218,-0.3610528274905204,-0.40555885465943153,0.16683731292590495,-1.1120341161615548,0.5582915451424421,0.5675933339905578,-0.22890973053357308,-0.5903171858216119,-0.4605139087008845,-0.11499622886547747,-0.1954639584938155,-0.4429307653718628,-0.5396385112077133,-0.10766909209481172,-0.224995659778961,-0.30767600832715214,-0.056257227339230075,-0.4005693118010372,0.23242653097479476,0.3263616601911847,-0.0019165539535876575,0.030238714844776693,0.03191881122248793,-0.023988728947975095,-0.008008345633929884,-0.0048735341895338406,0.044733853103869646,0.006964093192375694,0.016006725612974775,0.013077931793655507,0.02786449021726271,-0.0592887336967098,0.033856105368066707,0.10795099763470098
77,0,-1.141189412442061,-0.5728425516148268,0.04873621580332318,-0.009227742140331239,-0.4437226731394509,-0.06620657252086508,-0.7805131048439331,-0.23495723988880607,0.039115312835668756,-0.5628397083893049,0.047162899813320995,0.6666278947397393,0.21973049146177498,0.05535526678277228,-0.3573188454240551,-0.598218759549895,-0.4128429568750941,-0.12480979979874393,-0.2435140322963023,-0.4150541498077236,-0.5774902330648328,-0.1324303123343761,-0.21699229697229164,-0.33746143007746665,-0.09662501444885435,-0.3412805781043274,0.23665854414580237,0.22116235465305567,-0.12840911489048204,-0.00790157372828305,0.04767095182579033,-0.009813570933266486,-0.04805007380248678,0.027876615564139236,-0.037851721857119526,-0.024761220239564376,0.008003362806669365,-0.02978542175031453,-0.04036778710962427,0.059288733696709804,0.004232013171007587,-0.10519930553812903
78,0,0.02790849924749993,-0.8995422346111702,-1.2404521335724055,-0.09282482786809257,-0.36363921680379385,-0.45998813503519576,-0.33317457380523674,0.03973754714383719,-0.2810191994238268,-0.1071285168129407,-0.30114322790249465,-0.5191467791944568,0.13509022804159318,0.09204449473703974,-0.2959891189091847,-0.6001941529819674,-0.46258655878026717,-0.12081167830741406,-0.24351403229630225,-0.42275433382718663,-0.5155510518440916,-0.10728219802856889,-0.23299902258526642,-0.30882824901381706,-0.14306583147762764,-0.2227031107109078,0.1816423729226917,0.24917316907199455,0.06132972651487043,-0.001975393432072492,-0.04974360190517304,0.003998121491329873,0.0,-0.007700184019463108,0.061939181220741255,0.02514811430580723,-0.016006725612974778,0.02863318106364966,-0.046440817028773305,0.11857746739341961,-0.05501617122311066,0.028010814418938886
79,0,0.2770605132141134,-0.6700926898090982,-0.8798110197598956,-0.2600189993236979,0.03677806488541685,-0.18804492725921107,-0.6084598236752169,0.024261784494123195,-0.6011537116833223,-0.404982734316086,0.6115974452399401,0.07374055777264124,-0.6689922744499986,-0.5958785294056695,-0.251908377976625,-0.5284721760637031,-0.4439327080658252,-0.1302617836505559,-0.25953072356379786,-0.4072077597625713,-0.5361974455843395,-0.10147878703492172,-0.26501247381121595,-0.31401333210381155,-0.15806978774846214,-0.2227031107109078,0.07161003047647341,0.14778389874450065,0.04408074093255972,0.0717219769182644,0.018653850714441943,-0.009450105343141831,-0.01601669126749559,0.015546574064615432,-0.020646393740247904,0.005803410993647145,-0.03201345122594955,-0.005185083089994558,-0.015003956270834506,0.0,-0.11003234244621832,-0.10138927032749387
80,0,-0.8537063194036945,0.5576903048934105,0.2767277245353731,-0.05647826885604039,-0.5238061294787497,-0.2601732332643793,-0.47081719874021455,-0.10341325736614919,-0.44108645555357456,-0.19527492934292154,-0.21004777911527497,-1.1120341161615548,0.05044996462144145,-0.22616400155872596,-0.38223404682069473,-0.5421479767472683,-0.3354294764101653,-0.10954424501366963,-0.26753906919772774,-0.3680732802206202,-0.5017867893505937,-0.11115113869100177,-0.2970259250371655,-0.348062044394794,-0.1568194580592257,-0.2227031107109078,0.0716100304764734,0.1427038517969846,-0.1303256688440697,-0.01367580068356522,0.10850323165565996,0.020717538636886267,-0.00800834563392988,0.03913447954195105,0.034410656233745694,-0.009672351656080042,-0.03201345122594955,-0.03404871229098243,0.0012503296892364736,0.0,0.0,-0.005080046947516079
81,0,-1.102858333370308,0.4756355007920124,-0.9492447974192079,-0.11099810737415998,-0.12338884778953907,-0.6944051295518373,-0.1611212926365205,0.10550953840520962,-0.040918315231024883,-0.15667486633960892,0.5026401437493558,-1.1120341161615548,0.3466908865920326,0.030660594121221515,-0.4627293128714417,-0.34992700047268227,-0.42714424242282795,-0.09791334612980467,-0.2515223779302322,-0.4034064030947405,-0.4501708049999764,-0.08755060065016596,-0.2730158366178853,-0.31983214757148104,-0.1048414666924065,-0.2819918444076176,0.075842043647484,0.14298607662740145,-0.08049526605074701,0.192220976274586,-0.0917147660126627,0.011630898883864961,0.01601669126749559,-0.03533312287412034,0.0516159843506173,0.02360053804083583,0.024010088419280193,0.028229896823313023,0.05197799136681917,-0.0592887336967098,0.00423201317101059,0.00028222483041686377
82,0,-0.7003820031164638,-1.0089486400797125,0.2477106234240247,0.0707346876862662,-0.4437226731394509,-0.3318141858504948,-0.9181557297789109,-0.13823372332800565,-0.12095194329407902,-0.569177032166001,-0.41545908520407876,-0.5191467791944568,0.09277009633151731,0.42224754632554723,-0.5528073486901269,-0.42879078441458784,-0.32858973114820306,-0.09137096550763114,-0.26753906919772774,-0.36544157175826764,-0.5121099862207178,-0.07594377866286726,-0.25700911100491053,-0.31856468281615224,-0.1010904776246971,-0.28199184440761754,0.04198593827941728,0.19075262917556843,-0.0900780358186853,-0.0788637839419055,0.0985545112746249,0.006542380622173524,-0.01601669126749559,0.03796483133647286,-0.061939181220741255,0.011606821987298687,0.016006725612974778,0.00126746475532874,0.0037509890677094202,0.0,-0.0338561053680667,0.04776655254816696
83,0,-0.8920373984754476,0.18996321984636805,-0.34403097423960544,-0.034670333448767764,-0.6839730421537057,-0.3810368811647972,0.25180658216841306,-0.1923988926020926,-0.040918315231024883,-0.07774637930294707,-0.8387849942740511,-0.5191467791944568,-0.7536325378701804,0.24232921693437054,-0.5336418091542285,-0.37454344170310516,-0.3798878206129137,-0.1040922611618618,-0.32359748863414445,-0.36193262714180646,-0.50522785497397,-0.07787824899408592,-0.23299902258563035,-0.2786971550575109,-0.17593164045183626,-0.4005693118010372,-0.0003341934306675953,0.14686666804564336,0.019165539535898356,0.054247342711482606,-0.051298089464710636,-0.012721295654230658,-0.056058419436416665,0.0035089446164611737,0.006882131246747669,-0.001934470331218649,0.024010088419280193,0.03986752775864136,-0.07484116282713918,-0.11857746739341961,-0.04232013171008488,-0.04388596112992506
84,0,-0.29790567286283776,-0.018212857225695187,-0.7461250896397457,0.1434278057104532,-0.283555760464495,-0.8995809189311694,-0.09229998016901934,-0.23108829922637758,-0.20098557136077266,-0.2482780009295058,0.5044263290196892,0.07374055777264124,-0.24579095734914974,0.1696563231018527,-0.5815556579939638,-0.2037478864994425,-0.42020086465689677,-0.06629183978929035,-0.34762252553520573,-0.417198504851121,-0.46737613311685056,-0.09528848197502734,-0.289022562231224,-0.29684494587249705,-0.055006897649990436,-0.4005693118010372,-0.017262246114700952,0.12471201885786694,-0.04791384883973503,0.17079555520366269,-0.04031304404398304,0.037800421372571454,-0.024025036901061298,-0.05526587770931446,0.03785172185711952,-0.017410232980941437,-0.0560235396455937,-0.018147790814986194,0.12092474280184584,0.0,-0.01692805268403335,-0.022154649187776432
85,0,0.3728882108934963,-0.39657667613772485,-0.2973963474535006,-0.25638434342249267,-0.283555760464495,-0.26602147429177025,-0.09229998016901934,-0.02603444411749126,-0.3610528274905204,-1.0542703612523587,-0.831640253192718,-0.5191467791944568,0.1774103597516991,-0.2289862498628946,-0.47231208263938,-0.18353809215594627,-0.38258226571610815,-0.09936720849028675,-0.3316058342677101,-0.39911769300794575,-0.38479055815586133,-0.08522923625270447,-0.2410023853922997,-0.37819313835111057,-0.07644112089404063,-0.459858045497747,-0.008798219772682775,0.0528857995166072,0.10924357535458366,0.020209794343496224,0.03761859894078859,-0.03307536870099641,0.01601669126749559,0.018080811843175153,0.08258557496098916,0.01005924572232289,0.04802017683892433,-0.08134819247861354,-0.0214342232440502,-0.059288733696709804,0.00846402634201818,-0.07182621934125974
86,0,-0.06791919843210087,-0.6351434213955346,-0.37719337550971455,-0.2636536552249031,-0.5238061294787497,-0.5862126705441293,-0.5396385112077158,-0.16144736730262063,0.039115312835668756,-0.40210213259941074,-0.1564622210051495,-0.5191467791944568,-0.03419029879874035,0.46881464334442996,-0.43781411147478033,-0.29780700453419706,-0.4261079173831354,-0.08700937842617662,-0.3636392168027013,-0.41334841284138496,-0.3744673612857374,-0.09180643537883729,-0.20098557135968081,-0.3778474661451085,-0.10877107428714608,-0.4005693118010372,-0.06804640416680101,0.043007930451994414,0.03449797116459964,-0.11426891237825083,-0.04352565166702728,0.012357830064110138,-0.03203338253499118,-0.014230719833439164,0.010323196870123941,-0.006577199126132844,0.04001681403261892,0.00034567220600207894,-0.032329953393105446,0.0592887336967098,-0.05924818439411824,-0.009877869064612781
87,0,-0.1445813565756072,-1.3067771882995933,-0.4984434051535825,-0.12190207507777563,-0.36363921680379385,-0.10080866526660144,-0.711691792376432,-0.15757842664019214,-0.20098557136077266,-0.30992287766616833,0.23828472373942675,-0.5191467791944568,0.43133115001218436,0.1273225985392229,-0.338153305888135,-0.3712004682026738,-0.48082587947882605,-0.09827681171992106,-0.3556308711691356,-0.41680862211595865,-0.3675852300389873,-0.08406855405397591,-0.22499565977932495,-0.3525557830727949,-0.08965889189453549,-0.5191467791944568,-0.046886338311760076,0.05020466362763948,0.09966080558664538,-0.07339346366847666,-0.05471796209569056,-0.011267433293744439,0.008008345633565705,-0.003460209274573636,0.006882131246750111,0.007737881324861392,-0.024010088419644145,0.025291683072313654,0.019112182392610574,-0.11857746739341961,0.02116006585504094,0.007196733175645062
88,0,0.4687159085728792,-0.31300233862704274,-0.7709968905923333,-0.24911503162008222,-0.36363921680379385,-0.22167231316701938,-0.05788932393528099,-0.26977770585070654,-0.44108645555357456,-0.45856192624606823,0.42047562131383437,-1.1120341161615548,-0.16115069392899803,0.5563043407738583,-0.294072564955597,-0.312546478604261,-0.4338803551808187,-0.11390583209512002,-0.3556308711691356,-0.3929770399291409,-0.3400567050519917,-0.11502007935343028,-0.2410023853922997,-0.3876991240161076,-0.017497006972902608,-0.5784355128911665,-0.0765104305088192,0.09663064823132132,0.04408074093253793,0.05865398959841275,0.04694552429800721,-0.015629020375198966,0.0,0.023831582186817638,0.027528524986995574,-0.030951525299454375,-0.016006725612974775,-0.03514334094331275,0.0721618849216329,-0.0592887336967098,-0.02962409219705912,0.04642598460368185
89,0,-1.0453617147626781,-0.20359593315850033,-0.8072682669815364,-0.14007535458380171,-0.36363921680379385,-0.5871873773820574,-0.26435326133776,-0.11502007935343468,-0.12095194329407902,-0.27708401809615385,0.3418834694189794,-1.1120341161615548,-0.8382728012903321,0.0927500568130819,-0.4263147877532762,-0.2658968029392012,-0.4266260799029829,-0.10191146762113042,-0.39567259933805665,-0.4328912849414256,-0.30564604881824603,-0.12894826573818607,-0.1929822085533754,-0.37490925239411443,-0.044468404554998675,-0.6970129802845861,-0.09343848319285256,0.16549350685319647,-0.13224222279767917,0.04664967566505979,0.00725427527783592,0.011994364473989615,-0.04004172816892107,-0.03991424501228463,0.03441065623374569,-0.013928186384755787,0.04802017683892433,0.012789871621993215,-0.026971397582096067,-0.11857746739341961,-0.016928052684033346,0.06886285862187515
90,0,-0.5278921472935746,-0.025810524272149096,-0.23832582019111365,-0.19822984900316784,-0.36363921680379385,-0.5019005290652152,-0.19553194887025885,-0.04537914742967773,0.27921619702847067,-0.10828075749963177,0.10610701373444634,0.07374055777264124,-0.16115069392899803,-0.1570189181064189,-0.3937333705422642,-0.32424688585575717,-0.4781314343756316,-0.11608662563584315,-0.3796559080705611,-0.45706401452150913,-0.27811752383125043,-0.12314485474453893,-0.12095194329517087,-0.36620983520978545,-0.012852925270026544,-0.5784355128911666,-0.1145985490478965,0.17240801519842716,0.03258141721101199,-0.05835008291655597,-0.05150535447264868,-0.014175158014712747,0.016016691267495588,-0.02417272958008359,0.027528524986995574,0.005803410993647146,0.07203026525820452,0.008699417184328977,0.03161547928497213,0.11857746739341961,-0.021160065855043948,0.006914508345230705
91,0,-0.4512299891498504,-0.14129506337782702,-0.3958472262241612,-0.15824863408986914,-0.5238061294787497,-0.10470749261822497,-1.1934409796488668,-0.2929913498253215,-0.3610528274905204,-0.19412268865623047,0.00965300913622681,-0.5191467791944568,-0.11883056221889209,-0.4194880103947287,-0.32857053612021847,-0.3859399422727411,-0.4227916772561269,-0.12081167830741409,-0.4196976362394822,-0.3980942508281479,-0.38134949253248507,-0.16299494356759203,-0.15296539452112043,-0.3699546174414476,-0.06215163873133944,-0.5191467791944568,-0.16115069392898898,0.12739315474683216,0.06516283442204576,-0.06169305641698394,0.05533975711950467,-0.004725052671570916,-0.04004172816892106,0.05896976369336123,-0.10323196870123463,-0.03985008882305311,-0.03201345122594955,-0.0037447822316621555,-0.049298713461312905,0.0592887336967098,-0.04655214488109247,-0.04501486045159502
92,0,-0.5662232263653277,0.6990069119569143,-0.22899889483387856,-0.19096053720075742,-0.36363921680379385,-0.3776254072321377,-0.29876391757149834,-0.26590876518827805,0.1191489408987229,-0.2891825453061482,0.11503794008614449,-1.1120341161615548,-0.37275135247940744,0.12238366400692778,-0.3151546584451049,-0.21514438706907843,-0.47046262908191727,-0.14698120079611646,-0.41168929060591647,-0.40267537296631223,-0.3194103113117438,-0.17576244775361927,-0.12895530610184022,-0.34195516875546234,-0.009101936202317128,-0.5784355128911667,-0.20770283881008145,0.09740676651497021,0.013415877675113607,0.17079555520366269,-0.04767095182579033,-0.026169522488702364,0.008008345633565705,-0.00458112213816429,0.061939181220741255,-0.01276750418602724,0.02401008841928019,0.027999448685985286,0.05304970252902232,-0.0592887336967098,-0.04655214488109247,-0.029986388231861942
93,0,-1.1795204915138142,-0.322119539082746,-0.4373002278117916,-0.08555551606568214,0.11686152122107392,0.002022906132590943,0.010931988532195711,-0.16531630796504912,-0.5211200836202682,-0.5202068029826783,0.22220905630639545,-0.5191467791944568,0.3466908865920326,0.5316096681123326,-0.3439029677489415,-0.2663526629619898,-0.47978955443913585,-0.15206971905780786,-0.3316058342684385,-0.36436939423657344,-0.3434977706753656,-0.17305418928991492,-0.17697548294076454,-0.3862012111234354,0.09699746885572752,-0.5784355128911666,-0.09767049636386015,0.12633481163276641,-0.02874830930383666,-0.0512082758929114,-0.009326925357218619,-0.005088518261691438,0.08008345633747796,0.038305978729738815,-0.024087459363621735,0.0027082584637043495,-0.04802017683892433,-0.044246042367973124,0.10609940505804465,0.0,0.11003234244622129,0.028928045117796203
94,0,0.3345571318217431,-1.1928121826031994,-0.25283437074677606,-0.016497053942741674,-0.36363921680379385,-0.47217197050903037,-0.6428704799089552,-0.1962678332645211,-0.20098557136077266,-0.3485229406694809,0.6455349653763678,-0.5191467791944568,0.00812983291133551,0.23809584447811757,-0.2806566872804835,-0.3838125954997403,-0.43046048254983893,-0.16806220502312735,-0.3396141799023683,-0.32162849939435956,-0.39855482064935915,-0.16957214269372928,-0.17697548294076454,-0.39622570509743293,0.11110833249139537,-0.6377242465878764,-0.07227841733781162,0.1331787637703929,0.06324628046845808,-0.11745993253775042,0.04932907188929696,-0.015992485965319485,-0.008008345633929886,0.042740894842213904,-0.05505704997399359,0.0034820465961856477,0.0,-0.010024493973997512,0.014110863635667858,-0.059288733696709804,0.025392079026048526,0.006843952137626489
95,0,-0.9303684775472008,-0.829643697784043,-0.4590630536453088,-0.0964594837693391,-0.2034723041288379,-0.44634223930455774,-0.26435326133776,-0.07246173206667722,-0.3610528274905204,-0.2724750553494944,0.05966619670568572,-0.5191467791944568,0.6852519402726998,-0.06388472406865339,-0.41098235612455314,-0.42711929766437207,-0.4466271531690197,-0.15206971905781203,-0.3316058342688027,-0.33966057589563825,-0.41576014876623324,-0.17421487148864787,-0.17697548294076454,-0.3180461745071465,0.20023897748123573,-0.6377242465878764,-0.02149425928571156,0.14968891634981701,-0.1303256688440697,-0.04330670216463182,-0.016166670619180822,0.015992485965315356,0.008008345633565709,-0.01803207650127875,-0.017205328116874065,-0.004642728794918597,0.0,0.07817953059028644,0.08913064498984037,0.0,0.050784158052100056,0.01651015257942412
96,0,0.12373619692688284,-0.3859399422727377,-0.3564668747158875,-0.2672883111261083,-0.2034723041288379,-0.3430233144864014,0.3894492071034154,-0.22335041790152058,-0.12095194329407902,-0.6043203731092928,-0.4761893843955691,0.07374055777264124,0.3466908865920326,-0.13937986620533988,-0.3918168165886548,-0.40219894975209236,-0.4445545030896369,-0.1524331846479325,-0.2995724517338115,-0.3153416402898655,-0.3228513769351201,-0.18040517654853788,-0.19298220855373932,-0.33826799855813466,0.1682662611421938,-0.5784355128911666,0.01659385925336574,0.08886946539484004,0.01916553953589837,0.024920347912279688,0.002072650079382704,-0.0003634655901205208,0.03203338253499118,0.02431893560577279,0.09290877183111312,-0.006190305059889994,-0.016006725612974775,-0.020221824050988203,-0.03197271633904196,0.059288733696709804,0.0380881185390773,-0.060819450954976984
97,0,0.16206727599863602,0.39813929691843125,-1.1264563792063922,-0.06738223655965604,0.11686152122107392,-0.18804492725921107,-0.3675852300389995,-0.21174359591423508,-0.3610528274905204,-0.23963619577953232,0.05073527035398757,0.07374055777264124,0.6006116768525179,0.24515146523853917,-0.36115195333123046,-0.23170730123028993,-0.5073558004949179,-0.14698120079612056,-0.2515223779313247,-0.3240652664891265,-0.28844072070137683,-0.18582169347594216,-0.2089889341667141,-0.3312393303694711,0.14951131580364987,-0.5191467791944568,0.0335219119373991,0.10065235206477166,0.030664863257424325,0.17049164852180246,-0.06280129740528098,0.005451983851811959,0.04805007380248678,-0.008723626199260964,0.034410656233743245,-0.005416516927404294,-0.016006725612974775,0.0070286681886636004,-0.018754945338543917,0.059288733696709804,0.016928052684033357,0.011782886669931627
98,0,-0.470395528685727,-0.7308740261804876,0.4000504042586214,-0.012862398041536457,-0.2034723041288379,-0.6661386312525446,-0.22994260510402165,-0.15370948597776363,-0.6011537116833223,-0.475269416202722,0.1811267950886347,-0.5191467791944568,0.00812983291133551,-0.45617723834899615,-0.4550630970570911,-0.2734944699856344,-0.3902510710098225,-0.12335593743826598,-0.23550568666382907,-0.368511898297679,-0.3056460488182509,-0.17421487148864787,-0.22499565977968888,-0.3329100793651365,0.1255764331811299,-0.4598580454977471,0.050449964621432454,-0.0005958058475137751,-0.09391114372586062,-0.04178716875534448,0.11710472948509547,0.023625263357854576,0.016016691267495595,-0.04444663180855252,-0.017205328116874065,0.011606821987294291,-0.016006725612974775,-0.0016707489956653775,-0.023934882622519967,0.0592887336967098,0.016928052684033353,-0.10124815791228543
99,0,0.2578949736782368,-1.4268203276331575,-0.8767020446408251,-0.15824863408986914,-0.12338884778953907,-0.4015057247608429,-0.8149237610776715,-0.21174359591423508,0.1191489408987229,-0.48506346203938655,-0.374376823986318,0.07374055777264124,0.1774103597516991,-0.2466253017639987,-0.32473742821299956,-0.39581690943310016,-0.39719444877575133,-0.12517326538887272,-0.21148064976240363,-0.34994373303555754,-0.36070309879224205,-0.1838872231447279,-0.20098557136040868,-0.35370802375945976,0.05395040384060016,-0.34128057810432744,0.15201828072563556,-0.034533341705221834,0.1303256688440915,-0.12232243944746571,-0.006943377765928871,-0.0018173279506067425,0.02402503690142548,0.01856816526212145,-0.05505704997399115,-0.00967235165608004,0.02401008841928019,-0.02079794439432327,-0.07162602934052974,0.11857746739341961,0.10156831610420311,-0.033937535857708055
100,0,0.1812328155345126,-0.829643697784043,-0.44144552797057585,-0.04920895705358863,-0.2034723041288379,-0.3771380538131737,0.42385986333715375,-0.11502007935343468,0.1191489408987229,-0.3900036053894164,0.17040968346660326,-1.704921453128653,-0.11883056221889209,0.5450153475571586,-0.2538249319301909,-0.4762002267842895,-0.4175064195536976,-0.1102711761939148,-0.195463958494908,-0.3374674855103533,-0.2987639175715008,-0.19085131633710362,-0.21699229697338346,-0.38188030854843824,0.06038067081381585,-0.5191467791944568,0.1562502938966462,0.03567008486113592,0.07091249628280871,-0.08038331735118939,-0.02031197077794622,0.014902089194957922,0.016016691267495595,0.012476247525204149,0.061939181220741255,-0.0069640931923756946,-0.016006725612974775,-0.028172284788978465,0.0064302669732156925,-0.17786620109012943,0.004232013171010594,0.07020342656635775
101,0,-0.29790567286283776,-1.0530151089489794,-0.012406961538444098,-0.33634677324909007,-0.2034723041288379,-0.20558965034156126,-0.5396385112077158,-0.24656406187613555,-0.681187339750016,-0.3836662816127727,-0.2600609666847339,-0.5191467791944568,0.00812983291133551,0.28466294149700033,-0.23849250030148958,-0.5673722313414048,-0.37916239308512584,-0.1280809901098369,-0.16343057595991686,-0.347555701282687,-0.2333836707273857,-0.186208587542185,-0.24900574819933302,-0.40083466784409244,0.033409273231719785,-0.5191467791944568,0.16894633340966894,0.10608518005030883,0.015332431628701265,-0.09117200455711524,0.038344026468571706,-0.017809813915922092,0.03203338253499118,-0.010088215772333629,0.0653802468441151,0.004642728794918593,-0.032013451225949556,-0.018954359295654224,-0.026971397582096067,0.0,0.01269603951302276,0.07041509518917291
102,0,-0.4512299891498504,-0.6624950227626443,-0.26112497106432103,-0.21640312850919394,0.3571118902353287,-0.37080245936673006,0.07975330099969687,-0.13823372332800565,-0.5211200836202682,-0.29667210976948294,-0.28685374573979666,0.07374055777264124,0.3043707548819267,-0.09069608295830556,-0.22699317657994186,-0.7035224248133607,-0.3823750007081701,-0.13062524924068053,-0.0913554652560046,-0.3468734064961462,-0.19553194887026618,-0.17344108335615777,-0.3130326506512321,-0.40158362429042593,-0.006779895350874338,-0.4005693118010373,0.23665854414580237,0.0847772053537855,0.011499323721547734,-0.13615019347195587,-0.0032126076230442474,-0.002544259130843651,0.07207511070391226,0.0006822947865407659,0.03785172185711952,0.01276750418602724,-0.0640269024518991,-0.0007489564463334763,-0.040189168582594116,0.11857746739341961,0.06771221073613341,-0.021307974696523336
103,0,-0.5662232263653277,0.3540728280491644,-0.7720332156320235,-0.36178936455752664,-0.12338884778953907,-0.1490566537429758,0.07975330099969687,-0.22335041790152058,0.039115312835668756,-0.15494650530957232,-0.07429769856962799,0.07374055777264124,-0.11883056221889209,-0.14925773526993008,-0.16566345006509323,-0.6359031881001695,-0.41584829949019325,-0.158248634089865,-0.11538050215706588,-0.36198136248370283,-0.18864981762351607,-0.1792444943498049,-0.2570091110056384,-0.3650575945231153,-0.03643057083847668,-0.3412805781043274,0.19010639926470987,0.016690465015559226,0.06132972651484865,0.06761923671319103,-0.033473298782023195,-0.027623384849184453,-0.024025036901061298,-0.015107955987556676,0.006882131246750116,-0.005803410993647146,0.05602353964559369,0.0365260297673106,-0.029650675487602345,0.059288733696709804,-0.04655214488109247,-0.06808674033822626
104,0,0.29622605274999,0.732436646961194,0.28501832485289447,-0.19096053720075742,-0.12338884778953907,-0.7046395513498158,-0.5396385112077158,-0.12275796067829167,0.27921619702847067,-0.28457358255948867,-0.2779228193880985,0.6666278947397393,0.43133115001218436,0.9478912929781839,-0.16949655797226854,-0.4433783051437302,-0.3620630299302262,-0.17569498241566656,-0.0913554652556404,-0.3852281205677814,-0.17832662075339215,-0.17189350709118195,-0.2089889341667141,-0.3586626587121161,-0.1287763493149233,-0.22270311071090781,0.23242653097479474,0.08767000986556586,-0.003833107907175315,0.19252488295643935,0.053785269559967055,-0.017446348325801574,0.02402503690142548,-0.023246758084078546,0.010323196870123941,0.007350987258622943,0.04802017683892433,0.006394935810999225,-0.09234577847644662,0.11857746739341961,0.042320131710084884,0.07097954485000663
105,0,0.3537226713576197,-0.5181393488805728,-0.4860075046772768,-0.485367665198628,-0.4437226731394509,-0.6773477598884511,0.14857461346719802,-0.29686029048775003,-0.3610528274905204,-0.27708401809615385,0.2507880206317915,0.07374055777264124,-0.41507148418948325,-0.05541797915612241,-0.04108744308178648,-0.41222787025338326,-0.36475747503342304,-0.21458580055859544,-0.1153805021567017,-0.4083286726261708,-0.13703383327289634,-0.19433336293328926,-0.2089889341667141,-0.35912355498678206,-0.1096641669223127,-0.16341437701419798,0.12239418852857645,0.08851668435681895,0.12840911489048207,0.031150434890347023,-0.002694445103196802,-0.03889081814292889,-0.0240250369010613,-0.023100552058389335,0.0412927874804958,-0.02243985584210728,0.0,-0.00046089627466594507,0.019112182392610578,0.059288733696709804,-0.11003234244621832,0.0008466744912530979
106,0,-1.4670035845523988,-1.6258792042495174,-0.6238387349562111,-0.1364406986825965,-0.2034723041288379,-0.41320220681571346,-0.4364065425064762,-0.11115113869100618,-0.040918315231024883,-0.44127831594606887,0.32402161671561486,0.07374055777264124,-0.41507148418948325,0.03136615619726368,-0.20016142122971464,-0.5362217964510612,-0.3914946610574554,-0.2015010393142443,-0.1153805021567017,-0.415346561859102,-0.21961940823388545,-0.1831134350122378,-0.20098557136040868,-0.34281934927045965,-0.029643066811194323,-0.163414377014198,0.046217951450424864,0.10559128659707932,-0.15907397814792817,-0.12399392619767798,-0.026737186024032362,0.013084761244351178,0.0,-0.007017889232931207,-0.08258557496098916,0.01121992792105144,0.008003362806305415,0.01630420571632239,0.0800211001111184,0.0,-0.07617623707815159,0.017074602240260355
107,0,-0.470395528685727,-0.34947114044989025,-0.3429946491999153,-0.2672883111261083,-0.12338884778953907,-0.5369899752299155,-0.6772811361426936,-0.16918524862747764,-0.6011537116833223,-0.47642165688936067,0.574087554562846,0.07374055777264124,-0.33043122076933157,-0.7821469174812257,-0.2634077016981509,-0.6109828401878933,-0.31314848805680773,-0.22149164677088948,-0.139405539057763,-0.4502410666561724,-0.2505889988442549,-0.17885760028356207,-0.22499565977968886,-0.3664978953814425,0.02269216160969152,-0.16341437701419798,-0.04688633831176008,0.002861448325102822,-0.0632462804684363,-0.07476104373683215,0.0783461730006477,-0.019990607456645226,-0.024025036901061298,-0.034894504797070444,-0.030969590610369406,0.004255834728675745,-0.02401008841928019,-0.023678546110982836,0.05233522842088584,0.0,-0.09310428976218495,-0.10272983827197649
108,0,-0.1445813565756072,0.07143961392212236,-0.04764201288793351,-0.37269333226118356,-0.4437226731394509,-0.45511460084573285,-0.47081719874021455,-0.12275796067829167,0.039115312835668756,-0.4245708259894151,0.07395567886838374,-0.5191467791944568,0.21973049146177498,0.13155597099550093,-0.23082628448713893,-0.5307514761776323,-0.3579177297714632,-0.2574747401928542,-0.16343057595882432,-0.4291386636154912,-0.27467645820787423,-0.17576244775361488,-0.16096875732778979,-0.3614280363601118,0.011975049987666424,-0.16341437701419798,-0.02572627245671614,0.06163476925955254,0.03258141721101197,0.080231364010261,-0.04476924171465549,-0.035983093421964714,-0.0240250369010613,0.021102403040681172,-0.02408745936361929,0.0030951525299471954,0.0640269024518991,0.005069859021330692,-0.010717111622025096,0.0,0.021160065855043948,0.058773320934449716
109,0,-0.029588119360347706,-2.1865870322757845,-0.14402024157921375,0.06346537588385576,-0.043305391453882,-0.34448537474329344,0.11416395723343523,-0.14210266399047813,-0.2810191994238268,-0.5167500809227099,0.4758473646942931,0.6666278947397393,-0.41507148418948325,0.8173623089100587,-0.2595745937909974,-0.6067281466418951,-0.2846495494653021,-0.23530333919548174,-0.1554222303252586,-0.4234366286137363,-0.18176768637676352,-0.16879835456123918,-0.20098557136004475,-0.36459669824844415,0.09699746885572753,-0.10412564331748819,-0.08497445685083438,0.16803353032695828,-0.028748309303858455,-0.07597667046426271,0.07326818030616114,0.02217140099737249,0.008008345633565707,0.005702035001754946,0.09290877183111067,0.0069640931923756946,-0.040016814032254974,-0.0031686618883323358,0.08502241886806111,0.059288733696709804,-0.05924818439411823,0.10639876106740573
110,0,0.31539159228586655,-2.2291339677357676,-0.7979413416243013,-0.1546139781886639,-0.2034723041288379,-0.4482916529803252,-0.5740491674414541,-0.15757842664019214,-0.040918315231024883,-0.49312914684601444,-0.21004777911527497,0.6666278947397393,0.7275720719827755,0.42718648085784233,-0.24615871611586204,-0.7466771736370675,-0.32029913083067457,-0.24584384130898923,-0.15542223032525862,-0.43055198853045146,-0.2815585894546243,-0.17305418928991492,-0.21699229697301953,-0.37490925239410394,0.05895172259753971,0.13302929146935102,-0.00033419343066760644,0.15625064365702662,0.013415877675135395,-0.13994902699517248,-0.035649581365372544,-0.010540502113507526,0.0,-0.007115359916715147,-0.09979090307786079,-0.0042558347286757465,-0.016006725612974778,-0.010312554145659802,-0.038045746258187824,0.23715493478683922,0.08464026342016676,-0.01178288666993163
111,0,-0.010422579824471123,-0.33275627294776766,0.47777478223545494,-0.16188328999107435,-0.6038895858144068,-0.22752055419449901,-0.02347866770154264,-0.10728219802857768,0.1191489408987229,-0.37041551371613973,-0.11180758924672217,-1.1120341161615548,-0.2881110890592256,0.2973630588657843,-0.21741040681202534,-0.6746512900369463,-0.2712809564532847,-0.2283974929831877,-0.1954639584938155,-0.4327450789157453,-0.22994260510400705,-0.15912600290515916,-0.13695866890814562,-0.3735841756044406,0.07377706034134088,0.07374055777264124,-0.029958285627723718,0.15752065539390503,0.02874830930383666,0.07202588360012117,0.04901817437738991,0.017446348325801574,-0.04004172816855689,-0.002193090385293775,0.05161598435061732,0.013928186384755787,0.08003362806487388,0.0013250767896632986,0.014825337743801171,-0.0592887336967098,-0.029624092197056112,0.001270011736878396
112,0,-0.6812164635805873,-0.9208157023411444,0.07671699187498138,-0.052843612954835174,-0.4437226731394509,-0.2913638520773675,-0.5740491674414541,-0.21174359591423508,0.039115312835668756,-0.14169573741293934,0.44369602982823053,0.07374055777264124,0.26205062317185085,-0.7489854999071689,-0.24040905425509904,-0.7004833579947963,-0.23749676015935445,-0.2120415414277518,-0.27554741483129347,-0.42480121818680894,-0.2953228519481221,-0.1664769901637821,-0.08093512926255195,-0.35808653836878623,0.1468320378981436,0.07374055777264124,-0.034190298798731304,0.09169171369901867,-0.02299864744307369,-0.025832067957850015,0.033784196293930244,0.01635595155543588,-0.08008345633747796,0.007943860728936259,-0.0653802468441151,-0.007350987258622943,0.05602353964559369,0.01549763723565436,0.07305497755680272,0.0,-0.004232013171007587,-0.06582894169488633
113,0,0.21956389460626574,-0.6077918200283904,-0.8435396433707161,-0.12190207507777563,-0.283555760464495,0.005921733484214469,-0.12671063640278216,-0.11502007935343468,-0.040918315231024883,-0.57839495765932,0.10967938427511291,-1.1120341161615548,-0.2881110890592256,0.2606738309115168,-0.1618303421579397,-0.7966698228025518,-0.24464740293322368,-0.1880528124797767,-0.291564106098789,-0.4093033794640899,-0.31596924568837,-0.15564395630897349,-0.0889384920692213,-0.40043138360376107,0.1652297461826177,-0.044836909620778374,-0.051118351482764654,0.1326848703171634,0.07857871209715935,-0.09618646480775547,-0.007150642773869254,0.023988728947975102,-0.01601669126749559,0.015497838722719027,-0.020646393740247904,0.010833033854808589,-0.008003362806669365,-0.04234484523497477,0.01839770828447409,-0.11857746739341961,-0.01692805268403335,0.04099315661814469
114,0,-0.7195475426523404,-0.3418734734034709,-0.5461143569793775,-0.2709229670273135,-0.283555760464495,-0.6203274098709016,-0.29876391757149834,-0.25043300253856404,0.3592498250951643,-0.44243055663275993,0.02215630602859154,-0.5191467791944568,-0.37275135247940744,0.5238484852758437,-0.26340770169817274,-0.9041008348390184,-0.32776067111645085,-0.1960490554624323,-0.30758079736628463,-0.4008721653161985,-0.2918817863247482,-0.16841146049500072,-0.08093512926255195,-0.41621708101108823,0.1952376587242867,-0.16341437701419798,-0.13152660173192382,0.09028058954692934,-0.10157735954023303,-0.1074310120364665,-0.0831132681832272,-0.007996242982655607,-0.01601669126749559,0.008431214147891419,0.024087459363621742,-0.012767504186027238,0.008003362806669361,-0.015785697407327125,0.030007912541669002,-0.11857746739341961,-0.08040825024915918,-0.04240428077023402
115,0,-0.48956106822182144,0.1671702187070754,-0.051787313046717756,0.08163865538988185,-0.043305391453882,-0.42246192177585257,-0.8493344173114342,-0.36263228174907847,-0.2810191994238268,-0.45856192624606823,0.3776071748257403,-0.5191467791944568,0.26205062317185085,0.04477183564211483,-0.34773607565611686,-0.8355698780802534,-0.28433865195339497,-0.13934842340358133,-0.26753906919772774,-0.37538358150493867,-0.3916726894026114,-0.17498865962113358,-0.07293176645588259,-0.43436487182607963,0.2079195741436816,-0.22270311071090781,-0.06381439099579042,0.10029957102675306,-0.08432837395794411,0.06853095675876482,0.04342201916305591,0.05670063205885099,0.04004172816855689,0.025488583811259853,-0.09979090307786323,-0.0065771991261328435,0.008003362806669361,-0.01814779081499144,0.012681915419394878,-0.059288733696709804,0.0677122107361334,0.010018981479823724
116,0,0.31539159228586655,0.6351865087669571,-0.2932510472947399,-0.10009413967054433,0.03677806488541685,-0.7163360334046864,0.18298526970093637,-0.2040057145893781,0.039115312835668756,-0.08350758273629766,0.6776863002424304,-1.1120341161615548,0.3043707548819267,0.20422886482799368,-0.16949655797229032,-0.609463306778606,-0.25127988318724787,-0.13571376750237613,-0.24351403229630225,-0.405696964163836,-0.3297335081818702,-0.18427411721097078,-0.06492840364921323,-0.3985877985051025,0.24328604249636313,-0.34128057810432744,0.008129832911350571,0.11758584188982608,0.17823951768382654,0.22610657130164746,0.03305876876614712,0.0036346559012052177,0.024025036901425476,-0.030313382658897298,0.061939181220741255,-0.009285457589837193,0.008003362806669365,0.03577707332097712,0.03536646835268155,-0.11857746739341961,0.07194422390714099,0.017286270863073
117,0,-0.777044161260188,-0.20967406679567036,0.06739006651776984,-0.25638434342249267,-0.2034723041288379,-0.16124048921681042,-0.40199588627273786,-0.25043300253856404,0.039115312835668756,-0.5461322184326511,-0.31543271006519263,-1.704921453128653,0.3890110183021085,-0.44629936928438085,-0.2001614212297364,-0.5954835994131841,-0.21024141161547932,-0.13462337073201452,-0.25152237793023213,-0.36812201556252544,-0.3022049831948746,-0.1923988926020794,-0.0009015011973141168,-0.4055588546594316,0.15433401603355928,-0.5191467791944568,0.08007405681849458,0.15117059670951055,-0.030664863257446107,0.013979707365421989,0.041038471571768514,0.0010903967703615625,-0.008008345633929884,0.03757494860131051,0.027528524986995574,-0.008124775391108641,0.0640269024518991,-0.006971056154329048,-0.08895202646280387,-0.17786620109012943,0.07194422390714401,0.03358475481968448
118,0,0.06623957831925309,-0.23854520157206394,0.5617171104504296,-0.40540523537203055,-0.2034723041288379,-0.12858781014693013,-0.4364065425064762,-0.25043300253856404,0.19918256896541653,-0.09675835063298302,0.4954954026680227,-0.5191467791944568,-0.37275135247940744,0.35592471117743385,-0.1790793277402504,-0.6264820809626027,-0.14930549928164302,-0.13789456104309925,-0.22749734102917088,-0.3354693364926452,-0.2987639175715008,-0.20516639678810664,0.015105224415660663,-0.3727776071237884,0.19648798841352316,-0.5191467791944568,0.020825872424376328,0.17360747072770383,0.021082093489486028,-0.030998481549418633,0.06093591233383631,-0.0032711903110846986,0.0240250369010613,0.03265267906988027,0.0034410656233738344,-0.012767504186027238,0.016006725612974775,0.03278124753564321,0.0421539723799639,0.0,-0.05924818439411824,0.022436874018193293
119,0,0.3345571318217431,-0.6761708234462337,-1.1917448567069437,0.03075347277296748,-0.2034723041288379,-0.2976994465237225,-0.3675852300389995,-0.12275796067829167,-0.3610528274905204,-0.4614425279627435,0.007866823865893524,0.07374055777264124,-0.33043122076933157,0.3164132349189727,-0.1426648026220413,-0.4754404600796476,-0.254077960794416,-0.14116575135418807,-0.2435140322966664,-0.33079074367068806,-0.3469388362987443,-0.20323192645688798,0.0071018616089913,-0.3672468518277917,0.14968993433068323,-0.5784355128911666,0.029289898766391504,0.12351256332859525,0.036414525118209085,0.15104162088295509,-0.104772461512773,-0.0032711903110888276,-0.01601669126749559,0.004678592821957095,-0.04817491872724348,0.0019344703312186462,-0.008003362806669361,0.005530755295996642,-0.046798054082839956,-0.059288733696709804,0.00846402634201517,-0.0500949073991086
120,0,-1.1220238729061844,-0.13521692974069152,-0.17718264284932284,-0.503540944704654,-0.283555760464495,-0.7309566359733412,-1.1934409796488668,-0.16531630796504912,-0.20098557136077266,-0.0904210268562869,0.018583935487924967,0.07374055777264124,0.05044996462144145,0.3841471942191704,-0.2864063491412464,-0.26604875628014,-0.19200209091691822,-0.17605844800578707,-0.25152237793023213,-0.35905724196998967,-0.4088780175194856,-0.20400571458937372,-0.008904864003983479,-0.32697603982881895,0.1725531057910032,-0.6377242465878764,-0.0384223119697419,0.11920863466472806,-0.1437415465192051,0.2093917037995076,0.062075869877497844,-0.03489269665159901,-0.008008345633565709,-0.028266498299301595,-0.06193918122074127,-0.0007737881324856976,-0.016006725612974778,0.040270811998972755,0.022863171460319996,-0.059288733696709804,-0.0677122107361334,-0.004303928663867196
121,0,0.7370334620755872,0.17628741916281318,-0.6165844596783563,-0.1328060427813913,-0.283555760464495,0.017130862120121024,-0.22994260510402165,-0.4322732136728794,-0.20098557136077266,-0.3404572558628006,-0.30292941317282795,0.07374055777264124,-0.41507148418948325,-0.08011265181764811,-0.21166074495124057,-0.2151443870690819,-0.3014380151082993,-0.17315072328481879,-0.21948899539524094,-0.3345921003385277,-0.42952441125973345,-0.23650481615380387,-0.040918315229933035,-0.323980214043485,0.15344092339839263,-0.5191467791944568,-0.051118351482767665,0.08146106359638483,0.07474560419000584,0.050904369211058086,-0.10943592419138112,0.002907724720968305,0.032033382534991175,0.024465141631462003,-0.0206463937402479,-0.03249910156443017,-0.032013451225949556,0.002995825785333911,-0.019112182392610578,0.11857746739341961,-0.012696039513025763,-0.03774757106834324
122,0,-1.3328448078010446,-0.9618431043918435,-0.35128524951743667,-0.0419396452511782,-0.12338884778953907,-0.2552996990748277,-0.6428704799089552,-0.12275796067829167,-0.6011537116833223,-0.23445111268952729,-0.0010641024858046326,-0.5191467791944568,0.21973049146177498,-0.04624567216754928,-0.27682357937328633,-0.2192471272741518,-0.34423823924754116,-0.17206032651445308,-0.18745561286024978,-0.3309856850382737,-0.4364065425064835,-0.22760625263020953,-0.10494521768183214,-0.33325575157114384,0.1089649101669891,-0.5784355128911667,-0.055350364653775255,0.1517350463703468,-0.06516283442204573,-0.00410274020506991,-0.0428002241392418,0.0010903967703656974,0.03203338253499118,0.0036064153002539788,-0.006882131246750111,0.008898563523594341,-0.0640269024518991,-0.009275537527658795,-0.044476013231403516,-0.059288733696709804,-0.004232013171007587,0.07027398277396196
123,0,-0.010422579824471123,0.2081976207577745,-0.05282363808640793,-0.39086661176720966,-0.5238061294787497,-0.07156746012938067,-0.29876391757149834,-0.26977770585070654,-0.3610528274905204,-0.14745694084623753,-0.031429252081533944,-0.5191467791944568,0.43133115001218436,-0.1668967871710342,-0.29982222681636,-0.13764818319553535,-0.26516663871911034,-0.1989567801833965,-0.2114806497616753,-0.3387346043996332,-0.4536118706233552,-0.24308201527993673,-0.1369586689077817,-0.29016194988983557,0.09485404653132443,-0.5191467791944568,0.016593859253365744,0.10897798456209166,-0.022998647443073686,0.08159894407861648,0.07907160052843082,-0.026896453668943405,-0.024025036901425472,-0.007748919361359514,-0.01720532811687162,-0.015475762649727188,-0.03201345122594955,0.043093801681308254,-0.014110863635664685,0.0592887336967098,0.07194422390714099,-0.0427570618082551
124,0,0.48788144810897366,-0.6898466241297886,-0.31605019816794727,0.18340902062375192,-0.2034723041288379,-0.18414609990758754,-0.05788932393528099,-0.22335041790152058,-0.3610528274905204,-0.30416167423281776,-0.3493702302015885,-0.5191467791944568,-0.4997117476096651,0.551365406241563,-0.1790793277402286,-0.17244549826816707,-0.24216022283796734,-0.15352358141828995,-0.20347230412810954,-0.2951164734033018,-0.42952441125973345,-0.24037375681623238,-0.20898893416635017,-0.2763350616498414,0.05770139290830641,-0.5191467791944568,0.0038978197403399806,0.11172967665866362,0.12074289907613141,-0.03479731507263177,0.023006415881143022,0.04543319876510654,0.008008345633565709,0.043618130996331404,0.024087459363621735,0.0027082584637043465,-0.07203026525856847,0.013826888239994218,-0.037152653623018006,0.0,-0.012696039513025763,0.0027516920965719336
125,0,0.48788144810897366,-0.7794990952776406,-0.15749246709520956,-0.34725074095270575,-0.283555760464495,-0.3688530456909626,-0.47081719874021455,-0.35876334108665,0.1191489408987229,-0.34564233895280566,0.7348442288932224,1.2595152317068374,0.8122123354029573,0.13296709514758523,-0.08133507610714907,-0.2671124296666387,-0.25273073824281644,-0.1964125210525487,-0.22749734102917082,-0.2897555857948128,-0.3916726894026115,-0.23998686274998954,-0.16897212013409518,-0.26504310292051514,0.09342509831505463,-0.34128057810432744,0.058913990963450624,0.12054920260921068,0.09774425163307951,-0.0946669313984716,-0.010570515404849181,-0.04288893963425876,-0.024025036901061298,0.005360887608488995,0.03785172185712197,0.0003868940662428488,0.040016814032254974,0.011291958729326257,0.03572370540674821,0.17786620109012943,0.055016171223110644,0.00881952595054704
126,0,-0.7578786217243115,0.022814544825003908,-0.10463989007096365,0.13615849390804274,-0.283555760464495,-0.5330911478782033,-0.4364065425064762,-0.312336053137464,-0.12095194329407902,-0.5219351640126625,0.4329789182061991,-0.5191467791944568,0.8122123354029573,-0.05682910330820673,-0.1886620975081669,-0.328349626060834,-0.23386962252043886,-0.17278725769469,-0.25953072356416207,-0.2714310972421645,-0.4536118706233527,-0.2508198966047981,-0.18497884574706996,-0.30888586104815163,0.0689543601114315,-0.2819918444076176,0.10969814901555368,0.09444340579559063,-0.1073270214010178,-0.06123719639419532,0.018861115722377624,0.023625263357858705,-0.03203338253499118,0.01832448855264831,-0.061939181220741255,-0.010833033854808587,-0.016006725612974775,-0.04384275812763648,-0.024470738203623128,0.0592887336967098,0.050784158052103054,-0.02610579681362004
127,0,-0.3362367519345909,0.5668075053491138,-0.07458646391990155,0.07800399948867663,-0.043305391453882,-0.46486166922474736,-0.5052278549739774,-0.2272193585639491,-0.20098557136077266,-0.1411196170695938,0.8652357536278695,-0.5191467791944568,0.05044996462144145,-0.2811978434901397,-0.14458135657560717,-0.2507014688463556,-0.24806727556420602,-0.13934842340357306,-0.2435140322966664,-0.3017932152429582,-0.4639350674934767,-0.2484985322073366,-0.2089889341667141,-0.26838460091184585,0.18702120648073772,-0.163414377014198,0.07584204364748698,0.11095355837501475,0.04408074093255972,0.07764815721447842,-0.014197653043767139,0.03343883429111693,0.01601669126749559,-0.030362118000793692,-0.010323196870123952,0.002321364397461495,-0.024010088419644145,0.040501260136305735,0.11806684636930623,0.11857746739341961,-0.0338561053680667,0.016510152579424113
128,0,0.20039835507038917,-0.41329154363988196,-0.6663280615835317,-0.1546139781886639,-0.12338884778953907,-0.22946996787026644,-0.09229998016901934,-0.23882618055127855,-0.12095194329407902,-0.5605352270159751,-0.013567399378169361,-0.5191467791944568,-0.542031879319741,0.1583673298851531,-0.13116547890049357,-0.26817610305313744,-0.3708717927676021,-0.11426929768523639,-0.23550568666273658,-0.3118814310152918,-0.42952441125973106,-0.24733785000860808,-0.24100238539266366,-0.3147622885501451,0.13611492627611851,-0.163414377014198,0.05891399096345362,0.09119782024578665,0.013415877675113607,-0.017474634206781803,-0.12280451720339614,0.025079125718336665,0.008008345633929884,-0.01008821577233363,0.03441065623374569,0.0011606821987285494,-0.03201345122594955,-0.04637768763829921,-0.0509062802046192,0.0,-0.01692805268403335,-0.019755738129228075
129,0,-0.24040905425499012,0.21731482121351228,-0.2549070208261564,0.012580193266941389,-0.36363921680379385,0.019567629214852486,-0.05788932393528099,-0.27364664651313503,-0.3610528274905204,-0.29206314702282343,-0.36901826817531813,-0.5191467791944568,-0.03419029879874035,0.3897916908275327,-0.1886620975081669,-0.1788275385871628,-0.2771880091795234,-0.116086625635839,-0.25152237793023213,-0.2801547234414343,-0.39855482064935915,-0.2624267185920924,-0.24100238539266366,-0.297824350456153,0.09842641707199735,-0.22270311071090781,0.08853808316051275,0.09853566583664265,-0.05749661860767332,0.0893485644659746,0.09368378358807875,-0.0018173279506026089,-0.016016691267495595,0.031726707573857496,0.03096959061037185,-0.015088868583484336,0.0,0.016937938093992005,-0.037688509204121166,-0.059288733696709804,0.02962409219705912,0.007337845590855996
130,0,0.6220402248601098,-0.6898466241297886,-0.5005160552329628,-0.3000002142369966,-0.5238061294787497,-0.4541398940078048,-1.12461966718139,-0.39745274771097894,0.039115312835668756,-0.1641644308028913,0.20256101833266585,0.07374055777264124,0.05044996462144145,0.15907289196119526,-0.014255687731537469,-0.2342905080260725,-0.3095213504178874,-0.09573255258907327,-0.2755474148316576,-0.2524730492448807,-0.39167268940261146,-0.28564036256668535,-0.2169922969730195,-0.3051986908508135,0.11682412535647144,-0.22270311071090781,0.08853808316051275,0.07602823561084512,0.1744064097766294,-0.0554629694389097,-0.032333341238364,0.020354073046765748,-0.024025036901425472,0.027681674196553634,0.00688213124674768,-0.023213643974592982,0.024010088419644145,-0.007374340394660441,0.01839770828447409,0.0,0.0,-0.02250743022579751
131,0,-0.5470576868294512,-0.03340819131856846,0.18242214592349673,0.06710003178506098,-0.043305391453882,-0.30257298071327404,-0.26435326133776,-0.48256944228449383,-0.3610528274905204,-0.22638542788289936,-0.12252470086875361,-0.5191467791944568,-0.16115069392899803,-0.9246704568420927,-0.14266480262204131,-0.2552600690742107,-0.2296206898577021,-0.07574194513242805,-0.25152237793059634,-0.28444343352822016,-0.3951137550259853,-0.29066998542784683,-0.23299902258599428,-0.2937915080528234,0.13486459658687888,-0.2819918444076176,0.1139301621865613,-0.008427544891599326,-0.12840911489050383,-0.020969561048138165,0.0799006605601853,0.019990607456645226,0.024025036901061298,-0.03197038428333951,-0.0034410656233738344,-0.005029622861161443,-0.016006725612974775,0.011407182797990125,0.018040471230407435,-0.059288733696709804,0.02539207902604852,-0.08445578050244446
132,0,0.06623957831925309,-0.41329154363988196,-0.47357160420099476,-0.23821106391646657,-0.12338884778953907,-0.4263607491274761,-0.5396385112077158,-0.010558681467777269,-0.20098557136077266,-0.18778536487958675,0.22756761211739532,1.2595152317068374,0.8122123354029573,-0.4441826830562544,-0.002756364010011536,-0.2004049129990145,-0.2418493253260579,-0.09536908699895688,-0.25152237793059634,-0.3015495385334851,-0.3847905581558614,-0.27945005750679536,-0.19298220855373932,-0.28912493327182937,0.15772776804719887,-0.10412564331748819,0.1731783465806795,-0.04822124598046984,0.13990843861202978,0.05485515607519616,-0.012228635468355809,-0.019627141866528836,0.0,-0.017106105005264844,0.010323196870123941,0.01121992792105144,0.04001681403225497,0.004666574780994054,0.022863171460319996,0.17786620109012943,0.05924818439411823,-0.039793701088870516
133,0,0.48788144810897366,0.8691946537968808,-0.6238387349562111,-0.21276847260798873,-0.043305391453882,-0.09349836398231841,0.18298526970093637,-0.3007292311501785,-0.681187339750016,-0.05585380625634065,0.1596925718445718,1.2595152317068374,-0.07651043050881622,0.8893296406665343,0.047074038783332946,-0.1343052096951039,-0.2989508350130382,-0.07755927308303479,-0.20347230412810954,-0.30374262891877885,-0.3366156394286179,-0.2825452100367426,-0.22499565977968888,-0.27996461981283965,0.17683995043980943,0.07374055777264124,0.12239418852857946,0.05740139680328701,0.04983040279334448,0.06609970330391063,-0.05710150968698032,0.017809813915922092,0.04805007380248677,-0.0021930903852937734,0.04817491872724347,-0.0030951525299471984,-0.032013451225949556,0.009160313458989688,0.019112182392610574,0.17786620109012943,-0.050784158052100056,0.10562264278375685
134,0,-1.2370171101216618,0.2279515550784994,0.4580846064813181,-0.245480375718877,-0.2034723041288379,-0.2046149435036332,-0.3675852300389995,-0.36650122241150696,-0.2810191994238268,-0.21889586341956457,0.13289979278950909,-0.5191467791944568,-0.24579095734914974,0.2726683862042586,-0.1254158170397306,-0.04252539177427509,-0.2215373545481117,-0.12044821271729769,-0.20347230412810954,-0.3057895132783834,-0.36758523003898974,-0.2968602904877412,-0.21699229697301953,-0.27143803873151434,0.22506695273891922,0.07374055777264124,0.14778626755463098,0.029531694799556564,-0.17248985582306356,0.0917798179208288,0.07741348046492653,-0.04288893963426289,0.0,-0.002046884359604567,-0.03096959061037185,-0.014315080450998639,0.008003362806669361,0.008526581081325318,0.04822700229910976,0.0,0.025392079026051534,-0.027869702003730446
135,0,-0.5853887659012044,-0.26133820271135655,-0.8870652950377504,-0.35088539685391096,-0.4437226731394509,0.0034849663893943596,-0.40199588627273786,-0.2078746552518066,-0.3610528274905204,-0.08926878616964823,0.45441314145026196,-0.5191467791944568,-0.4573916158995892,0.14425608836428483,-0.2327428384407484,0.009290697482353316,-0.2944946373423658,-0.1208116783074182,-0.21948899539560518,-0.2685557120703477,-0.36070309879224205,-0.28177142190425686,-0.26501247381194387,-0.24580068345319858,0.19702384399462317,-0.10412564331748819,0.020825872424376328,0.030660594121226525,-0.1073270214010178,0.05181608925662841,-0.07295728279425409,-0.0003634655901205208,-0.01601669126749559,0.0372338012080357,0.006882131246747669,0.015088868583484339,-0.04802017683892433,0.025637355278315743,-0.028043108744296046,-0.17786620109012943,-0.12696039513025464,0.00112889932166996
136,0,-0.6237198449729575,-0.2704554031670598,0.27050977429723205,-0.04920895705358863,-0.5238061294787497,-0.052560676790227065,-0.33317457380523674,-0.1769231299523346,-0.44108645555357456,-0.4026782529427563,-0.10287666289502401,0.6666278947397393,-0.33043122076933157,-0.33552612334551124,-0.21932696076561298,-0.020036297316853052,-0.2569796709055462,-0.13934842340358133,-0.2435140322970306,-0.22050266496155008,-0.3503799019221181,-0.26823012958574394,-0.2970259250378934,-0.23387499234620795,0.14343828588450086,0.01445182407593142,-0.09343848319285257,0.002790892117496074,0.013415877675135402,-0.02932699479920637,0.03751496643681957,-0.018536745096163137,-0.024025036901425472,0.048053047108797625,0.010323196870123947,0.013541292318512938,-0.03201345122594955,0.011925691106990622,-0.05358555811012231,0.11857746739341961,-0.11426435561722889,-0.02786970200373045
137,0,0.06623957831925309,-0.36618600795204737,-0.22278094459573752,-0.19822984900316784,-0.12338884778953907,-0.12420162937634259,-0.9525663860126493,-0.4090595696982644,-0.44108645555357456,0.19014958034685908,0.08288660522005016,-1.1120341161615548,-0.16115069392899803,0.287485189801169,-0.17907932774022858,-0.11333564864696917,-0.2717991189731298,-0.16697180825276575,-0.25152237793059634,-0.18643666097670958,-0.3951137550259853,-0.2864141506991755,-0.3210360134571736,-0.20074807260456265,0.06520337104371891,-0.044836909620778374,-0.11459854904789653,0.05965919544662694,0.0402476330253844,-0.09329935133011612,-0.014819448067583596,-0.027623384849184446,-0.008008345633565707,0.03406600398484048,-0.0447338531038672,-0.01818402111343153,-0.02401008841928019,0.03312691974164529,-0.07823491484078193,-0.0592887336967098,-0.021160065855043948,0.05686830332913086
138,0,-0.1445813565756072,-0.25526006907422105,-1.139928604722388,0.05983071998265054,-0.36363921680379385,-0.2782053097656048,-0.3675852300389995,-0.08019961339153421,-0.12095194329407902,-0.12441212711294002,-0.49405123709893367,-0.5191467791944568,0.3466908865920326,0.27972400696468014,-0.2135772989048282,-0.09753250119040309,-0.3191591732870155,-0.14552733843563434,-0.2755474148320218,-0.19131019516624342,-0.4226422800129833,-0.27055149398320105,-0.3210360134571736,-0.15713576261425916,0.01715498727164248,-0.044836909620778374,-0.025726272456719157,0.07179486315457964,-0.03449797116459964,0.01580314745656609,-0.047360054313885624,0.021444469817131447,-0.02402503690142548,-0.004873534189533837,-0.027528524986998017,0.015862656715974432,0.0,0.04361230999030351,-0.04804838377207643,0.0,0.08887227659117736,0.012135667707952704
139,0,-0.5278921472935746,-0.08203326041568691,0.0860439172322165,-0.2273070962128096,-0.2034723041288379,-0.38834718244908023,-0.8493344173114342,-0.26203982452584956,-0.2810191994238268,-0.15264202393624257,-0.024284511000200803,-0.5191467791944568,-0.6266721427399228,-0.6121064571546643,-0.2423256082086867,-0.127467309353323,-0.2850640794811781,-0.16951606738360944,-0.2595307235645262,-0.23210167633263667,-0.5017867893505986,-0.2693908117844725,-0.31303265065050423,-0.14319365030560105,0.05162836298915422,-0.044836909620778374,-0.0849744568508374,-0.028394951643640042,-0.028748309303858445,-0.029934808162919917,0.03409509380583729,-0.023988728947975095,0.016016691267495595,-0.04079148116639327,-0.07914450933761533,0.0011606821987285465,0.008003362806669361,0.013942112308658086,0.03447337571751173,0.0,-0.05924818439411824,-0.10018981479821969
140,0,-0.8153752403319412,-0.5348542163826954,0.3047085006070313,-0.2709229670273135,-0.043305391453882,-0.36690363201510656,0.010931988532195711,-0.2194814772390921,-0.20098557136077266,-0.3658065509694279,0.2132781299546973,0.6666278947397393,-0.6266721427399228,0.27972400696468014,-0.38606715472789177,-0.1119680685786137,-0.20454162389717873,-0.16660834266264113,-0.21148064976203945,-0.22337805013336687,-0.3882316237792401,-0.25159368473728383,-0.33704273907014837,-0.16335786232225472,0.05270007415135737,0.01445182407593143,-0.15268666758697383,-0.01632984014329155,-0.1437415465192051,0.015499240774709322,0.08052245558399942,0.0029077247209683076,0.04805007380248677,0.008723626199269825,0.11355516557135856,0.017797127047188686,-0.024010088419644145,-0.02016421201665366,0.0010717111622031456,0.059288733696709804,-0.06771221073613642,0.012065111500348488
141,0,0.3920537504293729,-0.600194152981971,-0.12640271590445726,-0.29636555833579137,-0.283555760464495,-0.20217817640890176,-0.5052278549739774,-0.13049584200314868,-0.2810191994238268,-0.14284797809957803,0.28651172603852065,0.07374055777264124,0.05044996462144145,0.8081900019215106,-0.2921560110020094,-0.16864666474495396,-0.2354241100799741,-0.20295490167472635,-0.23550568666310076,-0.2133385697029296,-0.41231908314286175,-0.2163863247091493,-0.329039376263479,-0.15500411734392258,0.0936037168420848,0.07374055777264124,-0.13152660173192987,0.15695620573306876,0.09391114372588241,-0.05667859616634026,-0.030882486182795398,-0.036346559012085236,-0.024025036901061298,0.010039480430437227,-0.02408745936362174,0.035207360028134516,0.008003362806669361,0.008353744978332134,0.040903642690727424,0.059288733696709804,0.021160065855043948,0.17328604587636032
142,0,-0.8537063194036945,1.0135503276789868,0.29123627509105904,-0.3399814291502953,-0.5238061294787497,-0.3264532982419792,0.21739592593467472,-0.0879374947163912,0.039115312835668756,-0.4372454735427549,-0.2564885961440673,-0.5191467791944568,0.6429318085626239,-0.13161868336885105,-0.3841506007743041,-0.025962477613067046,-0.15894332215076873,-0.21313193819810924,-0.2755474148320218,-0.20334782461437997,-0.33661563942862277,-0.22412420603401068,-0.3050292878438349,-0.17995012821023942,0.04519809601593853,-0.10412564331748819,-0.14845465441596323,0.18821260570180912,-0.09199458977229476,0.14268418713188685,0.07648078792920539,-0.01017703652338287,-0.04004172816892106,0.00999074508854969,0.07570344371423905,-0.007737881324861392,0.024010088419644145,-0.024946010866316815,-0.048405620826146266,-0.17786620109012943,-0.016928052684033346,0.031256399968740335
143,0,-0.5470576868294512,-0.43608454477914005,-0.8393943432119554,-0.31453883784181746,-0.043305391453882,0.1803942574695224,-0.5052278549739774,-0.2272193585639491,-0.5211200836202682,-0.44992012109604235,-0.3065017837134945,-0.5191467791944568,-0.41507148418948325,0.2507959618469015,-0.4876445142681466,-0.15649039747066915,-0.18049888297634314,-0.2233089747214921,-0.2755474148320218,-0.17595856246919586,-0.4054369518961142,-0.21677321877538774,-0.2890225622308601,-0.21935675969420956,-0.001421339539868105,-0.2819918444076176,-0.18231075978402994,0.12435923781984584,-0.10349391349384249,-0.1305279198576021,-0.021555560825574426,-0.010177036523382874,0.0,0.027389262145184078,-0.06882131246749137,0.007350987258622943,0.01600672561297478,-0.03940663148397017,-0.04661943555580663,-0.17786620109012943,-0.0338561053680667,-0.06385336788196327
144,0,-0.777044161260188,0.908702522438296,-1.1119478286507063,-0.24911503162008222,-0.2034723041288379,-0.052073323371263046,-0.12671063640278216,-0.258170883863421,-0.2810191994238268,-0.17107787492293297,-0.0725115132992947,0.07374055777264124,0.05044996462144145,-0.4230158207749395,-0.4416472193819992,-0.08841530073468948,-0.3375021264895456,-0.22367244031161265,-0.2755474148320218,-0.16070440045595885,-0.3813494925324924,-0.20594018492057914,-0.2890225622308601,-0.21457496084454641,-0.021962470148748484,-0.22270311071090781,-0.1526866675869708,0.05479081712192603,0.04599729488614738,0.06807509673597965,-0.15700324351320244,-0.0003634655901205236,0.0,0.015254162013237016,0.024087459363621735,0.010833033854808594,0.0,0.0047817988496631604,-0.020541130608880378,0.059288733696709804,0.02962409219705912,-0.06956842069791981
145,0,0.6220402248601098,-1.1137964453203688,0.4010867292983115,-0.03830498934997298,-0.2034723041288379,-0.166601376825326,-0.09229998016901934,-0.15757842664019214,-0.44108645555357456,-0.2678660926028349,0.00965300913622681,-0.5191467791944568,-0.20347082563907387,-0.4773441006303111,-0.3209043203058678,-0.1736611249955907,-0.20868692405593942,-0.1924143995612188,-0.2515223779309605,-0.1777130347774309,-0.3503799019221206,-0.20091056205941768,-0.2970259250371655,-0.23243469148786508,-0.066438483380152,-0.22270311071090781,-0.12729458856091927,-0.007369201777533562,0.12074289907613141,-0.08524582426090123,0.1288152024336062,0.031258040750393803,0.0240250369010613,-0.017008634321472035,0.03096959061037185,0.005029622861161445,-0.008003362806305415,-0.017859730643318666,-0.044476013231403516,0.0,0.025392079026051534,-0.06216001889945959
146,0,0.43038482950112605,-0.5728425516148268,-0.401028851422612,-0.42721317077930315,-0.283555760464495,-0.24165380334410105,-0.29876391757149834,-0.11888902001586317,0.039115312835668756,-0.33354381174281134,-0.06893914275862813,-1.1120341161615548,0.3890110183021085,0.2430347790104127,-0.21549385285845943,-0.2038998398403674,-0.27584078662792383,-0.23021482093379028,-0.22749734102953503,-0.19662234743281828,-0.3469388362987468,-0.19510715106577053,-0.2490057481982412,-0.22552124736787058,-0.06304473136651241,-0.4005693118010372,-0.05535036465377526,0.050486888458058835,0.10541046744740837,-0.0302387148447767,-0.06715386257198441,-0.037800421372571454,0.024025036901425472,-0.0189093126553874,0.00344106562337384,0.005803410993647144,0.04802017683892433,0.006913444119994494,0.003393752013639588,-0.1778662010901294,0.07194422390714401,0.05785609023559239
147,0,-0.12541581703973062,0.7005264453661982,-0.56165923257473,-0.17278725769469,-0.043305391453882,0.022491749728636615,0.14857461346719802,-0.289122409162893,-0.5211200836202682,-0.14918530187627413,0.08288660522005016,-0.5191467791944568,0.00812983291133551,-0.43077700361142834,-0.2346593923943578,-0.09722859450854283,-0.3097286154258231,-0.2276705618029425,-0.21948899539596933,-0.18195300952232035,-0.23682473635076198,-0.1831134350122334,-0.25700911100491053,-0.2594547355901839,-0.06304473136651241,-0.34128057810432744,-0.038422311969741905,-0.0213393308832009,-0.01916553953589837,0.10667124533182455,-0.033887828797899255,0.002544259130847784,0.008008345633565707,0.014669337910497921,0.11011409994798474,0.01199371605353714,-0.008003362806669361,-0.033933488222313325,0.0,0.0592887336967098,0.016928052684033353,-0.07182621934125974
148,0,-0.6620509240447107,0.7491515144633512,-0.6715096867819825,-0.44175179438412404,0.03677806488541685,-0.15149342083770728,-0.22994260510402165,-0.35876334108665,-0.2810191994238268,-0.18836148522287988,0.22578142684706204,0.6666278947397393,0.09277009633151731,0.02078272505660622,-0.28640634914126817,0.003212563845214378,-0.26288672363178256,-0.27782881323961994,-0.17944726722704823,-0.16928182062953062,-0.2230604738572642,-0.210969807781745,-0.2730158366178853,-0.2658496714011779,0.008938535028087164,-0.22270311071090781,-0.06381439099579343,-0.04723345907400829,-0.05174695674691034,0.10044115835375722,0.046841891794040545,-0.05015825143667746,0.04004172816892107,0.012671188892789753,0.013764262493497787,-0.027856372769511577,-0.016006725612974778,-0.006394935810993986,0.07198326639459958,0.11857746739341961,-0.025392079026051527,-0.025894128190807393
149,0,-0.1445813565756072,-0.967921238028979,0.04148194052549197,-0.43811713848291883,0.11686152122107392,-0.009186222503315612,0.11416395723343523,-0.1962678332645211,-0.44108645555357456,-0.10540015578295649,-0.43153475263711005,-0.5191467791944568,-0.16115069392899803,-0.2974257712391344,-0.24807527006947142,-0.08537623391611483,-0.267342921302455,-0.29890981746663087,-0.14741388469205705,-0.13136572463495416,-0.12671063640277727,-0.20439260865561218,-0.2890225622308601,-0.2611254845858493,-0.031786489135603765,-0.22270311071090781,-0.017262246114700962,-0.015765390482455306,0.03833107907179674,-0.0885887977613292,-0.004456197670672452,-0.021081004227010924,0.03203338253499118,0.03791609599457646,0.09634983745448694,0.006577199126132846,-0.016006725612974775,0.0047241868153286085,-0.04072502416369093,0.0,0.04655214488109247,0.03146806859155299
150,0,0.1812328155345126,0.027373145052855527,0.08397126715283615,-0.020131709843946893,-0.4437226731394509,-0.41661368074837296,-0.26435326133776,-0.25043300253856404,-0.12095194329407902,-0.12959721020294507,0.43655128874686566,-0.5191467791944568,0.26205062317185085,0.056060828858814436,-0.14841446448282605,-0.02915349777255974,-0.2894166446478745,-0.2738306917482942,-0.18745561286061396,-0.1363367295082808,-0.15423916138977284,-0.20748776118555937,-0.28101919942419074,-0.237504550509201,-0.009459173256386922,-0.34128057810432744,0.0716100304764764,-0.038131708293041876,0.09966080558664539,0.05622273614355509,-0.022073723345419516,0.025079125718336658,-0.04004172816855689,-0.0049710048733266395,-0.027528524986995574,-0.0030951525299471954,0.008003362806669365,0.02362093407664828,0.022327315879216835,-0.11857746739341961,0.08887227659117736,-0.02236631781058657
151,0,0.21956389460626574,0.2218734214413639,-0.7388708143619144,-0.28546159063217574,0.11686152122107392,0.022979103147600637,-0.3675852300389995,-0.25043300253856404,0.27921619702847067,-0.006883577073017957,0.854518642005838,-0.5191467791944568,-0.37275135247940744,-0.4399493105999764,-0.16566345006513677,0.05305325966977374,-0.3506634544936202,-0.2727402949779327,-0.14741388469205707,-0.11382100155263056,-0.14047489889627504,-0.2194814772391009,-0.224995659778961,-0.223908110406545,0.047341518340344814,-0.4005693118010372,0.029289898766391508,-0.16294563954519056,-0.017248985582310715,0.0822067574423335,-0.06124680984574571,0.0010903967703615625,0.04004172816855689,0.02251572795565024,0.013764262493497787,-0.011993716053541537,0.05602353964522975,0.013596440102656007,0.056800691596731734,-0.059288733696709804,-0.04232013171008489,-0.12481393125214871
152,0,0.5070469876448502,-0.8524366989233011,-0.8197041674578185,0.19794764422857278,-0.12338884778953907,0.005921733484214469,-0.05788932393528099,-0.34328757843693597,0.039115312835668756,-0.1578271070262476,0.10253464319377976,-1.1120341161615548,0.3043707548819267,-0.4392437485239342,-0.029588119360282293,-0.13354544299045504,-0.46175749874850797,-0.21894738764004584,-0.107372156523136,-0.08058349838001119,-0.1680034238832706,-0.24501648561115535,-0.224995659778961,-0.19596627375489425,0.08324384227412952,-0.459858045497747,-0.004566206601678208,-0.1937081460606989,0.13607533070485447,-0.1865987026602288,-0.11109404425488775,0.05379290733788681,0.04004172816892106,0.03323750317261937,-0.027528524986995574,-0.02553500837205448,0.0,0.02794183665165073,0.03590232393378471,-0.0592887336967098,-0.03385610536806972,-0.030762506515508315
153,0,0.7178679225397105,0.262900823492063,-0.37304807535095386,-0.2636536552249031,-0.5238061294787497,-0.3985816042471474,-0.19553194887025885,0.0010481405195082254,0.039115312835668756,-0.33469605242945005,0.7080514498381596,-0.5191467791944568,-0.4997117476096651,0.4631701467360676,0.09690444157663389,-0.06364690616333472,-0.4151228719624078,-0.21385886937835438,-0.1554222303256228,-0.13848108455167818,-0.13703383327289875,-0.22218973570280962,-0.16897212013336732,-0.18444386688823505,0.18469916562929495,-0.459858045497747,-0.013030232943696391,-0.17247072757178228,0.12649256093691616,0.0698985368271203,0.046634626786100156,0.005088518261691438,-0.04805007380248677,-0.05789758617166698,0.030969590610371855,0.022826749908345732,0.05602353964559369,0.01152240686665923,0.10145532335516541,0.0,-0.008464026342018182,0.02123741848891661
154,0,0.06623957831925309,-0.28413120385061463,-0.14505656661890393,-0.12553673097898085,-0.283555760464495,0.01908027579597711,-0.4364065425064762,-0.26203982452584956,-0.3610528274905204,-0.4095916970627455,-0.1868273706008788,0.07374055777264124,-0.5843520110298168,-0.4201935724707709,0.18123281553457798,-0.1829302787922258,-0.31843374575922756,-0.2015010393142443,-0.16343057595918847,-0.13136572463495416,-0.16800342388326817,-0.2225766297690525,-0.17697548294003665,-0.2082952491022163,0.17326757989913652,-0.459858045497747,-0.07651043050882221,-0.17218850274136543,0.08432837395794411,-0.11928337262889106,0.09668912620318024,0.012357830064110138,-0.008008345633565709,0.007115359916724015,-0.030969590610369403,-0.0003868940662428544,-0.008003362806669361,-0.023851382213981254,-0.01143158573015841,0.0,-0.06348019756512582,0.00028222483041686063
155,0,0.10457065739100625,-0.25677960248350495,0.20418497175699035,0.09254262309353882,-0.283555760464495,-0.0233194716530063,-0.4364065425064762,-0.2156125365766636,-0.5211200836202682,-0.2453973992128829,0.46870262361296,-0.5191467791944568,0.09277009633151731,-0.6163398296109422,0.12948585878766766,-0.0972285945085394,-0.3381239215133597,-0.1884162780698931,-0.17143892159275417,-0.11703753411772219,-0.20241408011701384,-0.22838004076269963,-0.18497884574670603,-0.2060483797632211,0.21917254134680983,-0.4598580454977471,-0.04688633831176309,-0.18608807563942853,-0.05174695674691036,0.08570168428368638,-0.019690175754132115,0.013084761244351178,-0.008008345633565709,0.01432819051723197,-0.03441065623374569,-0.005803410993647146,-0.008003362806669361,0.0022468693389952,0.04590496144767332,0.0,0.029624092197059117,-0.013899572898063118
156,0,-0.29790567286283776,-0.12761926269423762,-0.3823750007081654,-0.23457640801526133,-0.4437226731394509,-0.12907516356589416,-0.29876391757149834,-0.1923988926020926,0.1191489408987229,-0.18951372590957097,-0.2279096318186713,0.07374055777264124,0.05044996462144145,-0.003206385528877316,0.056656808551271254,-0.052706265616480494,-0.33625853644191506,-0.16915260179348893,-0.18745561286024978,-0.1057796701399015,-0.20241408011701387,-0.23573102802132256,-0.1769754829404006,-0.19164537117989705,0.20327549244080556,-0.3412805781043274,-0.0807424436798298,-0.21071219209335754,-0.07282905023639638,0.04452232889205891,0.001865385071444664,0.01926367627640418,-0.01601669126749559,0.011257863977820689,0.0,-0.007350987258622944,0.008003362806305415,0.014403008583324037,-0.015897048906004317,0.11857746739341961,-0.0338561053680667,-0.024624116453929
157,0,-0.9112029380113241,0.17172881893496156,-0.27356087154060305,-0.1764219135958952,-0.2034723041288379,0.19209073952439296,-0.6428704799089552,-0.04924808809210623,-0.040918315231024883,0.08068671511361734,-0.1260970714094202,-0.5191467791944568,-0.4573916158995892,-0.05753466538424889,-0.021921903545888088,-0.10558602825960417,-0.30744870033850236,-0.16951606738360944,-0.2034723041277454,-0.08881977116032586,-0.2815585894546292,-0.21174359591424388,-0.12895530610147626,-0.1686581694809079,0.18237712477785847,-0.34128057810432744,-0.12729458856092227,-0.1733879582706396,-0.07857871209715936,-0.05287976264312366,0.0288098361034127,-0.0003634655901205208,-0.01601669126749559,0.016959898979575633,-0.07914450933761533,0.023987432107078675,0.04802017683892433,0.022987201698989147,-0.02089836766294704,0.0,-0.04655214488109247,0.03732423382271795
158,0,-0.6237198449729575,-0.7050419582226618,-0.958571722776443,0.06346537588385576,0.19694497756037277,-0.13736017168810524,-0.05788932393528099,-0.04537914742967773,-0.12095194329407902,0.0507284572602782,-0.1403865535721182,0.07374055777264124,0.26205062317185085,0.4031973702723588,-0.018088795638712775,-0.25100537552820545,-0.3361549039379484,-0.11899435035681145,-0.18745561286024975,-0.08740644624536566,-0.26435326133775516,-0.18040517654854665,-0.1129485804885015,-0.1447491752325921,0.14576032673594047,-0.4005693118010372,-0.11036653587688891,-0.13514649374906434,0.003833107907175315,-0.1454193472686013,-0.028706203599446044,0.050521717026797974,0.01601669126749559,0.001413324914960204,0.017205328116874065,0.03133841936569722,0.016006725612974778,0.02390899424831581,-0.036616798041918024,-0.059288733696709804,0.016928052684033353,0.03824146452157526
159,0,-0.06791919843210087,0.012177810959982256,-0.1388386163807629,-0.2273070962128096,-0.4437226731394509,-0.11689132809205957,-0.6084598236752169,-0.4438800356601649,-0.3610528274905204,-0.14918530187627413,0.09181753157174832,-1.1120341161615548,-0.33043122076933157,0.009493731839906611,-0.01042257982436214,-0.15299547062930935,-0.3541869596285739,-0.09791334612980054,-0.24351403229630225,-0.09817695680424006,-0.33661563942862033,-0.20516639678811105,-0.10494521768219608,-0.14912768984192387,0.19809555515682628,-0.459858045497747,-0.12729458856092227,-0.10445454344116026,0.007666215814350633,0.09800990489889613,-0.018032055690625486,0.021081004227010924,-0.056058419436052484,-0.010770510558874397,-0.0722623780908652,-0.024761220239564376,0.008003362806305415,-0.004378514609331764,0.05233522842088584,-0.0592887336967098,-0.016928052684033353,0.030691950307904097
160,0,0.5453780667166034,0.14133815074924957,-0.8590845189660922,-0.21276847260798873,-0.043305391453882,-0.009186222503315612,-0.1611212926365205,-0.2156125365766636,0.19918256896541653,-0.0011223736396673827,0.42762036239519924,0.6666278947397393,0.00812983291133551,-0.7976692831542033,0.025991945293846942,-0.14159897005966993,-0.44849253824046675,-0.11717702240620473,-0.20347230412774536,-0.057434210979734314,-0.3262924425584964,-0.201684350191921,-0.07293176645624652,-0.13628020618559608,0.19720246252165965,-0.34128057810432744,-0.1526866675869738,-0.189827554642462,0.03641452511820908,0.011396500569639405,-0.09430557861189284,-0.019263676276404185,0.04004172816855689,0.04074274582450573,0.010323196870123948,0.0034820465961900443,0.03201345122594955,0.012847483656327768,-0.0008930926351666424,0.11857746739341961,-0.025392079026051534,-0.08537301120130178
161,0,-0.3554022914704675,-0.4208892106863013,-0.01344328657813427,-0.21276847260798873,0.3571118902353287,0.04832148093310923,-0.09229998016901934,-0.23882618055127855,-0.2810191994238268,-0.1779913190429222,-0.09573192181369088,0.6666278947397393,-0.41507148418948325,0.801134381161064,-0.03150467331382638,-0.20587523327243645,-0.3759497854620887,-0.10990771060378601,-0.1794472672263199,-0.05489997320118346,-0.29876391757149834,-0.20052366799319246,-0.12895530610147626,-0.15339098038258653,0.10217740613970676,-0.22270311071090773,-0.15691868075798138,-0.06571918546635797,-0.05749661860767332,-0.06427626321276651,0.072542752778378,0.0072693118024187015,0.02402503690142548,0.002534237778550859,0.027528524986998017,0.0011606821987285494,-0.05602353964522975,-0.017110774196990426,-0.09502505638195288,0.11857746739341961,-0.004232013171007581,0.12410836917610404
162,0,0.008742959711623347,0.3434360941841773,-0.16163776725397025,-0.24911503162008222,-0.043305391453882,-0.03842742764053638,0.11416395723343523,-0.00668974080534877,-0.5211200836202682,-0.4493440007527492,0.2507880206317915,0.07374055777264124,-0.41507148418948325,-0.13091312129280888,-0.08133507610714907,-0.08628795396168862,-0.31014314544170385,-0.15461397818865152,-0.1714389215927542,-0.05933488931365853,-0.28155858945462675,-0.16686388423003373,-0.18497884574706996,-0.18254266975523667,0.11700274388350793,-0.10412564331748816,-0.2288629046651224,-0.03488612274324544,-0.04983040279332269,0.11958727931074783,0.06580664002038482,-0.0447062675848655,0.008008345633565707,-0.0044349161124750845,0.017205328116871622,0.033659783763158715,-0.05602353964559369,-0.02915168937265016,0.014825337743801176,0.11857746739341961,-0.07194422390714099,0.030833062723112536
163,0,0.4112192899652495,-0.20663499997706808,-0.025879187054439895,-0.18369122539830565,0.2770284338960298,-0.15490489477045544,-0.40199588627273786,-0.4013216883734074,-0.20098557136077266,-0.044907519732985034,-0.21540633492630656,-0.5191467791944568,-0.4997117476096651,0.11956141570275915,-0.11199993936459518,-0.13324153630860172,-0.27542625661205244,-0.14661773520599178,-0.09135546525527624,-0.03496721836598934,-0.30220498319487465,-0.2071008671193253,-0.2089889341667141,-0.1535638164855902,0.02465696540706132,-0.10412564331748819,-0.2288629046651224,-0.06924699584657629,-0.030664863257446107,-0.04695358234691311,0.03471688882965139,0.007996242982659742,0.08008345633747796,0.024367670947669194,-0.0206463937402479,-0.04023698288929157,-0.024010088419644145,0.028978853269646505,-0.09234577847644662,0.0,0.0,-0.034360873103330844
164,0,0.3728882108934963,-0.2932484043063524,-0.480825879478826,-0.1328060427813913,-0.2034723041288379,0.16431159464406425,-0.1611212926365205,-0.3239428751247495,-0.6011537116833223,-0.1705017545795874,0.19184390671063442,0.6666278947397393,-0.542031879319741,0.3474579662649029,-0.08133507610717086,-0.1341532563541755,-0.30900318789804465,-0.14734466638623284,-0.08334711962171054,-0.020444086481180627,-0.27467645820787906,-0.21329117217921528,-0.23299902258599428,-0.12965482223727437,0.06252409313821264,-0.04483690962077839,-0.22463089149411478,0.007518158026991096,0.03066486325742432,-0.0009117200455737773,-0.033576931285992206,-0.0007269311802410444,0.008008345633565709,0.014523131884808716,0.027528524986995574,-0.006190305059889994,-0.02401008841928019,0.02390899424831581,0.03786712773115132,0.059288733696709804,0.004232013171007587,0.07676515387356737
165,0,-0.04875365889622429,-0.7825381620962084,0.181385820883783,-0.32544280554547445,-0.4437226731394509,-0.2728444221571779,0.14857461346719802,-0.26977770585070654,0.039115312835668756,-0.13881513569626405,0.1811267950886347,0.07374055777264124,0.13509022804159318,0.013021542220142474,-0.09666750773589391,-0.18672911231544584,-0.31128310298536543,-0.18914320925013411,-0.09936381088920612,-0.04539658153159779,-0.21617834261051164,-0.2187076891066196,-0.1769754829404006,-0.11899659588561248,0.03376651028578011,0.014451824075931433,-0.22039887832310717,0.07045429521009958,-0.015332431628723053,-0.052575855961270346,-0.0022799150873207357,-0.041798542863901327,-0.01601669126749559,-0.02495249505041716,0.058498115597367416,-0.005416516927404294,0.05602353964559369,0.010658226351661883,-0.028757582852432528,0.059288733696709804,0.004232013171007587,0.06293613718310848
166,0,-0.2787401333269612,0.5440145042098212,-0.17614631780963266,-0.14371001048504825,-0.283555760464495,-0.07839040799469968,-0.5052278549739774,-0.304598171812607,-0.12095194329407902,0.1763226921068806,0.4990677732086893,0.07374055777264124,0.13509022804159318,-0.3263538163569381,-0.09475095378230626,-0.11956573562503996,-0.29066023469551217,-0.18005656949711285,-0.08334711962171053,-0.040328105974478334,-0.23682473635075957,-0.22992761702767103,-0.2009855713596808,-0.08241295408396734,0.10646425078851615,0.014451824075931433,-0.21193485198109202,0.03813955212729349,0.0019165539535876575,0.06716337669040588,0.020622868289853272,0.009086639753021309,0.01601669126749559,0.005068475557119448,-0.020646393740247904,-0.01121992792105144,-0.02401008841928019,0.03658364180164515,0.07269774050273606,0.0,0.008464026342015174,-0.03231474308280608
167,0,0.3345571318217431,0.24162735576205424,0.17413154560595182,-0.25274968752128746,-0.12338884778953907,-0.06376980542613363,0.14857461346719802,-0.27364664651313503,0.1191489408987229,-0.04663588076296925,0.8705943094388694,-0.5191467791944568,-0.16115069392899803,-0.6939516579757552,0.029825053201000467,-0.1125758819423307,-0.24589099298085665,-0.18768934688965205,-0.07533877398778066,-0.065914160469531,-0.15768022701314424,-0.2523674728697739,-0.18497884574670603,-0.095145213671626,0.20613338887334515,0.01445182407593143,-0.18231075978403294,-0.025502147131857146,0.12457600698330673,0.006989853682709268,0.04476924171465548,-0.007632777392539225,0.008008345633929884,-0.025586054495052656,0.07914450933761533,-0.02243985584210288,0.016006725612974778,-0.012732259587658659,0.09966913808482895,0.0,0.029624092197059117,-0.06364169925915063
168,0,-0.29790567286283776,-0.943608703480437,0.19278539632039846,-0.2636536552249031,-0.36363921680379385,-0.08375129560321527,-0.1611212926365205,-0.07246173206667722,0.039115312835668756,-0.15264202393624257,-0.0367878078925338,0.07374055777264124,-0.33043122076933157,-0.48581084554284204,0.06240647041201244,-0.1364325564681082,-0.1307552810711725,-0.22040125000052796,-0.1313971934241973,-0.06055327286104199,-0.1680034238832682,-0.25507573133347383,-0.16897212013373125,-0.11548226179127805,0.21649326344130357,0.01445182407593143,-0.24155894417815116,-0.11440296871337723,0.03258141721101197,-0.02385667452577752,0.11513571190968415,-0.032711903110875885,-0.056058419436416665,0.005360887608488997,-0.010323196870123952,-0.002708258463699949,0.016006725612974775,-0.020337048119652076,0.01035987456795844,0.0,-0.05924818439411824,-0.08890082158152009
169,0,-0.5662232263653277,-0.8509171655140172,0.35859740267096735,-0.2091338167067835,0.03677806488541685,-0.0876501229548388,-0.1611212926365205,-0.15370948597776363,-0.040918315231024883,0.2840571963101381,-0.25827478141440063,0.6666278947397393,-0.542031879319741,-0.04554011009150712,0.012576067618689745,-0.22274205411550815,-0.08101167916599948,-0.21858392204992533,-0.08334711962171054,-0.057629152347319926,-0.12326957077939853,-0.2260586763652337,-0.1369586689077817,-0.07215801197263684,0.1814840321426887,0.19231802516606084,-0.2627190100331921,-0.1199063529065186,-0.04983040279332269,-0.08630949764739995,0.049743601905173025,0.0018173279506026097,0.04805007380248678,0.0029241205137220767,0.04473385310386964,0.029017054968240124,0.03201345122594955,0.043324249818641226,-0.0350092312986149,0.1778662010901294,-0.02116006585504094,-0.005503384193141374
170,0,-0.4512299891498504,-1.1213941123668227,-1.105729878412565,-0.31090418194061226,-0.6038895858144068,-0.2708950084813218,-0.33317457380523674,-0.22335041790152058,-0.3610528274905204,-0.05585380625634065,-0.13681418303145162,-0.5191467791944568,-0.5843520110298168,-0.37221535129977873,-0.08708473796795561,-0.3490152804271154,-0.10567621511064677,-0.2283974929831877,-0.139405539057763,-0.08380003094512053,-0.14047489889627016,-0.22683246449771946,-0.1929822085533754,-0.07763115523430417,0.1250405776000236,0.07374055777264124,-0.32196719442730737,-0.07736095972107615,-0.09966080558664539,-0.12627322631160723,-0.024664535944647292,-0.009813570933262353,-0.05605841943605248,-0.026170878597800616,-0.017205328116871622,-0.0007737881324856976,-0.0560235396455937,-0.0054731432616673265,-0.056443454542665084,-0.11857746739341961,-0.059248184394115236,0.042545393185442454
171,0,-0.20207797518323695,-0.2187912672513736,0.37206962818696315,-0.34361608505150054,0.11686152122107392,-0.22605849393760694,-0.3675852300389995,-0.2272193585639491,-0.040918315231024883,-0.24194067715286208,0.2454294648207599,-0.5191467791944568,0.3466908865920326,0.08357774982450877,-0.07175230633923256,-0.3288054860836226,-0.06712492363413705,-0.24148225422753886,-0.1634305759591885,-0.11123802843219215,-0.16800342388326817,-0.2256717822989865,-0.16897212013409518,-0.08402609104529815,0.15915671626346867,-0.044836909620778374,-0.24579095734915574,-0.14911662285473168,0.015332431628723053,0.020209794343492772,0.03855129147650974,-0.013084761244351182,-0.02402503690142548,-0.027437997487071618,-0.027528524986998017,0.0011606821987329458,0.024010088419280193,-0.006394935810993987,0.03411613866344508,-0.11857746739341961,0.07617623707815159,-0.07175566313365551
172,0,-0.470395528685727,0.38750256305344416,-0.9813708736496267,-0.25274968752128746,0.03677806488541685,-0.09252365714439037,0.21739592593467472,-0.22335041790152058,0.039115312835668756,-0.0765941386163084,-0.224337261277973,-0.5191467791944568,0.1774103597516991,-0.9049147187128621,-0.11966615517896759,-0.32439883919669593,-0.1490982342737027,-0.24184571981765943,-0.1554222303252586,-0.11664765138257756,-0.15768022701314424,-0.24733785000860364,-0.11294858048850147,-0.04675110483165408,0.11164418807249224,-0.10412564331748819,-0.1865427729550375,-0.226516782596737,-0.04791384883973503,0.004406646886926685,-0.08197331063956564,-0.0003634655901205236,0.008008345633929884,-0.005409622950385399,0.010323196870123948,-0.02166606770961718,0.05602353964559369,0.03727498621364408,-0.04751252819097645,-0.059288733696709804,0.05924818439411823,-0.07740015974200533
173,0,-0.06791919843210087,-0.6928856909483563,0.13786016921677222,-0.34725074095270575,-0.6038895858144068,-0.18804492725921107,-0.22994260510402165,-0.2040057145893781,-0.040918315231024883,-0.020134344969650924,0.27222224387582267,-0.5191467791944568,-0.20347082563907387,-0.6495012471849989,-0.16758000401870266,-0.37302390829382476,-0.13272429864658147,-0.2582016713730994,-0.24351403229630225,-0.11996165463145311,-0.1404748988962726,-0.22760625263020073,-0.09694185487552671,-0.044273787355320664,0.16040704595270514,-0.10412564331748819,-0.15691868075797838,-0.3034230488855128,-0.04791384883973503,-0.04862506909712882,0.016373935627121212,-0.01635595155544001,-0.08809180197104366,-0.003314003248875563,0.017205328116871622,0.01973159737840293,0.016006725612974778,0.002477317476333411,0.04876285788021292,0.0,0.02962409219705912,-0.07690626628877581
174,0,-0.5087266077576981,0.21427575439494453,-0.6217660848768307,-0.19096053720075742,0.2770284338960298,-0.3362003666210823,-0.33317457380523674,-0.3935838070485504,-0.20098557136077266,-0.11058523887296152,-0.16360696208651437,-0.5191467791944568,0.8968525988231091,-0.3016591436954124,-0.25574148588382206,-0.32227149242369507,-0.14681831918638194,-0.26401712081503603,-0.1954639584938155,-0.17001285075796777,-0.15768022701314424,-0.23457034582258082,-0.05692504084327175,-0.038282135784658076,0.12486195907299028,-0.2227031107109078,-0.013030232943693387,-0.36833475988154435,-0.08816148186511943,0.0507524158701297,-0.014094020539800472,-0.005815449441936613,0.04805007380248677,-0.05005119612651465,-0.017205328116871622,-0.006964093192380089,0.04001681403225497,0.005991651570662589,-0.03554508687971488,-0.11857746739341961,0.143888447814285,-0.06491171099603152
175,0,0.20039835507038917,0.21123668757637679,-0.4714989541216144,-0.21276847260798873,0.03677806488541685,0.046859420676305816,-0.6428704799089552,-0.11115113869100618,-0.2810191994238268,-0.30877063697947726,0.28651172603852065,1.2595152317068374,0.1774103597516991,0.08216662567242446,-0.23082628448716075,-0.2228940074564365,-0.21210679668692167,-0.25274968752128746,-0.1474138846913287,-0.1380424664746194,-0.23682473635075957,-0.21870768910661073,-0.0889384920692213,-0.0552776859129794,0.13540045216797886,-0.10412564331748819,-0.008798219772682797,-0.36142025153631613,0.024915201396661348,0.09937748496725853,-0.06528847750053975,0.011267433293748571,0.04805007380248678,0.03197038428334838,-0.07914450933761533,0.015862656715970036,-0.032013451225949556,-0.01699555012832132,0.010538493094988596,0.11857746739341961,0.004232013171010593,0.006914508345228198
176,0,-1.0645272542985547,-0.5682839513869751,-0.20412709388129086,-0.02376636574515211,-0.12338884778953907,-0.3956574837333633,0.07975330099969687,-0.38197698506126493,0.43928345315821843,-0.16474055114623684,0.027514861839591395,-0.5191467791944568,-0.16115069392899803,-0.3319983129652754,-0.3094049965843201,-0.3341238530161162,-0.2149048742940875,-0.24075532304729785,-0.13139719342383313,-0.16976917404848574,-0.17832662075339212,-0.2264455704314766,-0.032914952423991554,-0.08938401023829115,0.08824516103106907,-0.16341437701419798,-0.03842231196974192,-0.36198470119714987,-0.07857871209715935,-0.11122984555967963,-0.0027980776071658193,0.011994364473989614,0.01601669126749559,-0.031726707573866364,0.05849811559736743,-0.007737881324865792,0.05602353964522975,-0.03410632432531174,-0.04715529113690979,-0.059288733696709804,-0.02962409219705912,-0.0005644496608337268
177,0,-0.8153752403319412,-0.33275627294776766,-0.4932617799551316,-0.44175179438412404,-0.36363921680379385,-0.2060770037605253,0.14857461346719802,-0.24656406187613555,-0.12095194329407902,-0.15379426462293364,0.1471892749522071,-0.5191467791944568,-0.07651043050881622,0.12097253985484346,-0.42439823379968844,-0.39156221588709833,-0.28164420685019587,-0.25965553373358147,-0.15542223032525862,-0.18399989388192492,-0.17832662075339215,-0.22373731196777663,-0.05692504084327175,-0.10009984862428759,0.01590465758240285,-0.16341437701419798,-0.029958285627723735,-0.28049228141409,-0.11499323721536843,-0.05743836287098218,-0.06673933255610834,-0.01890021068628366,-0.02402503690142548,-0.014230719833439164,0.0,0.002708258463699947,-0.02401008841928019,-0.010715838385996438,-0.07234050344866623,0.0,0.00846402634201818,0.08149241978305986
178,0,-0.41289891007809726,1.0880074647339657,0.21143924703484512,-0.0419396452511782,0.19694497756037277,-0.23190673496508654,-0.02347866770154264,-0.18079207061476313,0.039115312835668756,-0.007459697416363494,0.41868943604350106,-0.5191467791944568,-0.6266721427399228,-0.13161868336885105,-0.43589755752121445,-0.18840059906565804,-0.27977882177875124,-0.237484132736209,-0.09936381088884194,-0.19881543781811203,-0.16456235825989435,-0.23457034582258524,-0.05692504084327175,-0.08558161597229967,0.06145238197600633,-0.22270311071090781,-0.05958237782478286,-0.2450730651966909,-0.01149932372152595,0.2031616168214403,0.0018653850714446668,0.022171400997372488,0.056058419436416665,-0.014815543936187125,0.013764262493497787,-0.01083303385480859,0.0,0.014518232651987909,0.04554772439360348,-0.059288733696709804,-0.02962409219705912,0.035419216217399095
179,0,-0.24040905425499012,-0.10482626155497954,-0.03935141257041213,-0.20186450490437308,-0.043305391453882,0.2695799331379881,-1.0902090109476517,0.03973754714383719,-0.5211200836202682,0.002334348420301044,0.6062388894289402,0.6666278947397393,-0.7959526695802562,0.22751241333746014,-0.4033161403101807,-0.1137915086697543,-0.31957370330288914,-0.23675720155596797,-0.10737215652277184,-0.16309243220882935,-0.2574711300910074,-0.21522564251042514,-0.10494521768219607,-0.11375390076128337,0.14790374906034043,-0.22270311071090781,-0.08497445685083438,-0.21776781285379418,0.03258141721103376,0.07460909039590377,-0.039794881524137946,0.0007269311802410416,-0.008008345633929884,0.035723005609282696,-0.09290877183111311,0.019344703312160084,-0.04802017683892433,-0.028172284788983704,0.08645136708433408,0.0,-0.025392079026051527,0.027305252342896724
180,0,0.5262125271807269,-2.096934561127932,0.06946271659715018,-0.2709229670273135,-0.36363921680379385,0.04832148093310923,-0.02347866770154264,-0.05311702875453473,0.19918256896541653,-0.30416167423281776,0.8366567893024736,0.6666278947397393,0.00812983291133551,0.4130752393369741,-0.3055718886771229,-0.21134555354586526,-0.20205444380191762,-0.23275908006463805,-0.08334711962171053,-0.13117078326738627,-0.22650153948063806,-0.19820230359572655,-0.04892167803660238,-0.13858468755893108,0.24525084629373292,-0.10412564331748816,-0.025726272456719147,-0.13923875379011888,0.09774425163305774,-0.09755404487611094,0.11751925950097153,0.0039981214913298755,0.02402503690106129,0.0319216489414431,0.030969590610369406,0.017023338914698587,0.0560235396455937,-0.024830786797647712,0.09734709723339252,0.11857746739341961,0.059248184394115236,0.07852905906367529
181,0,0.10457065739100625,-0.2886898040785008,-0.5461143569793775,-0.40540523537203055,-0.043305391453882,-0.0009012143811931881,0.3550385508696526,-0.23495723988880607,-0.20098557136077266,-0.2096779379262456,-0.19039974114157712,0.07374055777264124,-0.20347082563907387,-0.5429613737023823,-0.27490702541969864,-0.21833540722857797,-0.29387284231855165,-0.23893799509669109,-0.09936381088920612,-0.10865505531174488,-0.15423916138977284,-0.19897609172821223,-0.06492840364957717,-0.13535841363626944,0.20166792569749922,-0.044836909620778374,-0.08074244367982979,-0.20189266614280799,0.03066486325742432,-0.006989853682712721,-0.09181839851663406,-0.006178915032053001,-0.01601669126749559,0.022515727955641374,0.0722623780908652,-0.0007737881324856976,-0.016006725612974778,0.003226273922661649,-0.0435829205962337,0.059288733696709804,-0.055016171223110644,-0.0626539123526891
182,0,-0.18291243564736037,-0.2643772695299243,-0.2310715449132589,-0.11826741917657041,-0.283555760464495,-0.00869886908444024,-0.5396385112077158,-0.14984054531533514,-0.040918315231024883,-0.17568683766959245,1.3492919618893005,0.07374055777264124,-0.20347082563907387,0.12097253985484346,-0.246158716115862,-0.28352339048691483,-0.21884290944491486,-0.22548976826221936,-0.1313971934241973,-0.10027257650574987,-0.22994260510401188,-0.1916251044695937,-0.07293176645624652,-0.14526768354159786,0.3590308480142266,0.014451824075931435,-0.11883056221890712,-0.09930394028603744,0.02874830930383666,-0.06518798325833684,0.07502993287363678,0.013448226834471704,-0.03203338253499118,0.008382478805995013,-0.07570344371423905,0.007350987258618544,-0.008003362806669365,-0.009909269905328404,0.15736292231672735,0.059288733696709804,-0.0380881185390773,0.10258872585677055
183,0,0.06623957831925309,0.2036390205299229,-0.2476527455483252,-0.17278725769469,0.11686152122107392,0.12483596770886497,0.5270918320383933,-0.5057830862590649,0.19918256896541653,-0.1762629580128856,0.1596925718445718,0.07374055777264124,-0.41507148418948325,-0.10551288655521597,-0.23274283844072657,-0.19387091933908693,-0.2573942009214246,-0.20804341993641778,-0.05932208272064924,-0.06898448700894227,-0.1542391613897704,-0.22180284163656236,-0.04892167803660238,-0.16088054484592132,0.3477778808111015,0.07374055777264124,-0.13999062807394802,-0.04490510422305914,0.013415877675135395,0.08965247114782791,-0.03855129147650974,0.017446348325801574,0.07207511070354808,0.0312880894968076,0.0757034437142415,-0.030177737166968678,0.02401008841964414,-0.01561286130432347,-0.011252967203125085,0.059288733696709804,-0.02116006585504094,0.054398836062978295
184,0,0.1812328155345126,0.5607293717119783,0.6394414884272631,-0.22003778441039915,-0.043305391453882,-0.2289826144513024,-0.3675852300389995,-0.4245353323479784,-0.3610528274905204,-0.10540015578295649,-0.4565413464218395,0.07374055777264124,-0.4997117476096651,-0.7659189897322309,-0.16374689611150553,-0.15922555760738355,-0.13127344359101525,-0.21095114465738202,-0.09135546525564042,-0.05826271179196428,-0.15768022701314668,-0.2248979941665052,-0.06492840364957717,-0.16036203653692083,0.31848444237756895,0.13302929146935108,-0.2796470627172255,-0.09133108882674099,0.06899594232922106,0.034645361731703385,0.12612075733040937,-0.002907724720964172,-0.03203338253499118,0.01072177521697799,-0.003441065623376277,-0.0030951525299428018,-0.016006725612974775,0.0005185083090005038,-0.029293438433532513,0.059288733696709804,-0.13965643464327743,-0.04642598460368185
185,0,0.6987023830036161,0.5774442392141009,-0.10463989007096365,-0.3036348701382018,-0.2034723041288379,-0.03794007422157236,-0.1611212926365205,-0.28138452783799206,0.19918256896541653,-0.21659138204623482,0.24007090900976005,0.6666278947397393,0.26205062317185085,-0.30518695407562324,-0.11391649331818283,-0.12260480244361112,-0.09458753718595017,-0.22003778441040328,-0.1153805021570659,-0.0667426612817521,-0.10950530828590321,-0.24192133308120378,-0.016908226810652828,-0.15114411104359657,0.31384036067469295,0.07374055777264124,-0.27118303637521024,-0.13006644680154578,0.049830402793322695,0.03662075516377241,0.036685906405065076,-0.009086639753021306,-0.024025036901425476,-0.008479949489787818,0.048174918727243464,-0.017023338914698587,0.04802017683892433,0.009217925493324244,-0.00464408170287606,-0.05928873369670982,0.008464026342015174,-0.03873535797480477
186,0,-0.4512299891498504,0.5546512380748428,0.4798474323148353,-0.27455762292851876,-0.283555760464495,0.09023387496312862,0.010931988532195711,-0.1885299519396641,0.039115312835668756,-0.47642165688936067,0.23828472373942675,-1.704921453128653,-0.11883056221889209,-0.7546299965155313,-0.0525867668033124,-0.010311283497429324,-0.026190084566337556,-0.24511691012873996,-0.1313971934245615,-0.01815352541210291,-0.11638743953265332,-0.2225766297690437,-0.056925040842907795,-0.18231222161790894,0.33491734686467645,-0.044836909620778374,-0.26695102320419967,-0.17232961515657136,0.06132972651487043,0.11229351894618178,0.06839745261961261,-0.025079125718336665,-0.01601669126749559,0.04858913586964919,-0.006882131246750116,0.019344703312160084,-0.04001681403225497,-0.03116811057431238,0.021076986189983535,-0.11857746739341961,0.004232013171010594,-0.042263168355025596
187,0,-0.6812164635805873,-0.8250850975561913,-0.12433006582507693,-0.0964594837693391,0.03677806488541685,0.1175256664244933,-0.6428704799089552,-0.289122409162893,-0.44108645555357456,-0.13823901535291852,0.1775544245479364,-1.1120341161615548,-0.03419029879874035,0.5485431579373694,-0.03917088912817701,-0.05954416595827169,0.01070308684666791,-0.21058767906726145,-0.09135546525564042,0.014206741606398949,-0.19553194887026865,-0.2268324644977194,-0.08893849206885734,-0.18075669669090744,0.3379538618242494,-0.10412564331748816,-0.2627190100331921,-0.12957255334831877,0.01341587767513539,-0.04923288246084236,0.036893171413005466,0.034529231061478496,0.04004172816892107,0.03236026701850186,-0.07914450933761533,-0.004255834728675745,-0.03201345122594955,0.0015555249270015115,0.003036514959572931,-0.0592887336967098,0.004232013171007586,0.042757061808252596
188,0,-0.7387130821884349,0.7916984499233342,-0.5170972558680056,-0.10372879557174955,0.03677806488541685,0.010307914254802016,-0.19553194887025885,-0.2775155871755635,0.1191489408987229,-0.0011223736396673827,0.2615051322537912,0.07374055777264124,-0.07651043050881622,-0.282608967642224,-0.07175230633921077,-0.08917506743933486,-0.062150563443617156,-0.2167665940993186,-0.10737215652313603,0.03842820652838781,-0.21273727698714023,-0.23650481615379948,-0.08093512926255195,-0.18012296431323782,0.32223543144527844,-0.04483690962077837,-0.2077028388100814,-0.14467158177565603,-0.03258141721103376,-0.029630901481063156,-0.07285365029028508,-0.006178915032057135,-0.01601669126749559,0.024221464921988855,-0.017205328116871622,-0.009672351656080038,0.008003362806305415,0.0006337323776696112,-0.01571843037897099,0.059288733696709804,0.05501617122311066,-0.015099028427337294
189,0,0.5262125271807269,-1.1168355121389366,0.23320207286833874,-0.45629041798894493,0.2770284338960298,-0.24555263069572456,-0.33317457380523674,-0.48256944228449383,0.039115312835668756,0.18381225657021538,0.15790638657423853,0.07374055777264124,0.09277009633151731,-0.732052010082132,0.004909851804360932,-0.19037599249773057,-0.03489521489974208,-0.24220918540777578,-0.07533877398814483,-0.01308504985498346,-0.13703383327289878,-0.28873551509663253,-0.024911589616958243,-0.1619751734982464,0.27740218115980825,-0.10412564331748815,-0.11883056221890409,-0.24062802411761525,0.0766621581435717,-0.1012009250583957,0.027255348543875086,-0.025442591308457184,0.03203338253499118,-0.051513256383371266,0.0757034437142415,-0.052230698942833095,0.05602353964559369,0.018147790814991432,-0.04483325028547017,-0.059288733696709804,0.08887227659117736,-0.09595644234195921
190,0,0.3345571318217431,-0.23854520157206394,0.028009715009519737,-0.32544280554547445,-0.043305391453882,0.34317029939995974,0.9744303630770652,-0.35102545976179295,-0.12095194329407902,-0.04145079767301661,-0.6833868757547061,0.07374055777264124,0.26205062317185085,0.033482842425415216,-0.014255687731537441,-0.0045370565421437355,-0.039040515058505115,-0.24766116925959186,-0.043305391453153645,0.016399831991701593,-0.03724293019503798,-0.3185263581973584,-0.056925040842907795,-0.1357040858422663,0.12539781465409028,-0.16341437701419798,-0.09343848319285254,-0.27858726380877114,-0.019165539535898373,0.18583893595558681,-0.004145300158763045,-0.005451983851816095,0.03203338253499118,0.029484881846685053,0.09979090307786079,-0.02979084310072582,-0.03201345122594955,0.026271087655980113,-0.15200436650571797,-0.059288733696709804,0.025392079026051534,-0.03795923969115589
191,0,-0.3937333705422207,-0.5409323500198309,-0.6860182373376685,-0.30726952603940705,0.03677806488541685,0.39970329599854515,-0.12671063640278216,-0.12662690134072016,-0.12095194329407902,0.10488376953355354,-0.16717933262718093,1.2595152317068374,-0.9652331964205898,-0.135852055825104,-0.06408609052486014,-0.029761311136276742,-0.053030903094334225,-0.2378475983263295,-0.03529704581922376,0.05646028302967543,-0.08541784892228145,-0.3076933243425498,-0.04892167803623843,-0.10424791509628636,0.12771985550552992,-0.044836909620778354,-0.16961472027100416,-0.2378763320210433,-0.049830402793322695,-0.025224254594133005,-0.013990388035829105,0.00981357093326235,0.008008345633929884,0.04006045103797383,-0.04817491872724348,0.01083303385480859,0.008003362806669365,0.03145617074597991,0.002322040851439619,0.11857746739341961,-0.0761762370781516,0.040710931787727826
192,0,-1.0070306356909249,-1.0742885766789536,0.35859740267096735,-0.15824863408986914,-0.043305391453882,0.09462005573371617,-0.02347866770154264,0.08229589443059465,0.1191489408987229,-0.3133795997261367,-0.05286347532559683,-0.5191467791944568,-0.07651043050881622,0.22892353748954444,-0.1464979105292166,-0.11075244185117968,0.005935991664088408,-0.2418457198176594,-0.01127200891816246,0.06679217551149105,-0.033801864571664134,-0.28447968036795684,-0.03291495242326366,-0.1180171913019408,-0.01249568821595982,-0.10412564331748816,-0.15691868075797838,-0.2270812322575732,-0.08241182000435646,-0.08099113071490294,0.05896689475842263,-0.003998121491329873,0.024025036901061298,0.010331892481815642,0.05161598435061732,0.02321364397459298,0.016006725612974778,-0.013769276205654426,-0.14021554372148973,-0.059288733696709804,0.012696039513025763,0.010795099763470099
193,0,0.7370334620755872,0.17628741916281318,0.1907127462410181,-0.28546159063217574,-0.2034723041288379,0.12873479506048852,0.18298526970093637,-0.35489440042422143,0.039115312835668756,-0.06507173174965965,0.08467279049038345,0.6666278947397393,-1.303794250101257,-0.11891856600006712,-0.07941852215358318,-0.11348760198789062,0.04977254084302274,-0.253113153111408,-0.04330539145315364,0.06718205824665342,-0.06821252080540982,-0.26939081178447244,-0.04892167803623844,-0.1068980686756182,-0.019997666351378656,-0.044836909620778354,-0.24579095734915574,-0.22842180020205832,0.0670793883756334,-0.0027351601367109706,0.04383654917893433,-0.011267433293748574,-0.03203338253499118,0.0003898827351623543,-0.03441065623374569,0.015088868583484344,-0.016006725612974775,0.011119122626322597,-0.007501978135418835,0.059288733696709804,-0.08887227659117737,-0.0013405679444851147
194,0,-0.5087266077576981,-0.09722859450856018,-0.30568694777102196,-0.1546139781886639,0.11686152122107392,0.06342943692072796,0.04534264476595851,-0.4206663916855499,-0.040918315231024883,0.08702403889026107,0.16862349819626998,0.07374055777264124,-0.20347082563907387,0.2557348963791966,-0.14841446448280426,-0.1792833986099445,-0.04474030277680576,-0.2465707724892344,-0.02728870018565805,0.09642326338385647,-0.02691973332491403,-0.2690039177182296,-0.01690822681028888,-0.08765564920829645,0.042518818110432295,-0.04483690962077837,-0.21616686515209663,-0.12625641159091558,-0.06899594232922106,-0.06579579662205384,-0.09451284361982851,0.006542380622173524,0.01601669126749559,0.029241205137203036,0.0412927874804958,0.0003868940662428488,0.03201345122594955,0.019242419467321754,0.06251648446181095,0.0,0.02962409219705912,0.10216538861114274
195,0,0.9478543969702296,-0.09722859450856018,0.042518265565182144,0.16160108521647928,0.3571118902353287,0.1769827835368629,-0.12671063640278216,-0.22335041790152058,-0.2810191994238268,0.01961795872030037,0.7473475257855872,-0.5191467791944568,-0.4997117476096651,-1.259106880886853,-0.1234992630861429,-0.2467506819822106,-0.030024487213191186,-0.2000471769537663,0.028769719250758607,0.1179155491597,-0.023478667701540196,-0.2632005067245825,-0.06492840364921322,-0.06403471513164291,0.09324647978801501,-0.16341437701419798,-0.29234310223024823,-0.22164840427203858,0.024915201396661348,-0.06746728337226611,0.014715815563614579,0.04652359553546811,0.056058419436416665,0.021492285775843525,0.0034410656233738344,0.005803410993647148,-0.04802017683892433,0.02362093407665352,0.05072766167758271,-0.11857746739341961,-0.0761762370781516,-0.09539199268112299
196,0,0.967019936506324,-1.1806559153289284,-0.12329374078538675,-0.16188328999107435,-0.12338884778953907,0.03857441255409474,0.8711983943758257,-0.304598171812607,0.519317081224912,-0.03684183492635711,0.9134627559269635,0.07374055777264124,-0.41507148418948325,-0.21134719796179047,0.01832572947947453,-0.42028139732258774,-0.09033860452321338,-0.18877974366002187,0.04478641051825421,0.11274960291879661,0.0625479728828228,-0.27480732871187674,-0.016908226810288873,-0.020076732935342567,0.16076428300676868,0.014451824075931454,-0.3219671944273073,-0.1673201244166645,0.14182499256561745,-0.17353071534037712,-0.06031411731002221,0.011267433293744442,0.01601669126749559,-0.005165946240903389,0.086026640584363,-0.011606821987294291,0.04802017683892433,0.04395798219630036,0.06751780321875367,0.17786620109012943,-0.029624092197059117,0.054328279855374084
197,0,0.10457065739100625,-0.11242392860139891,-0.031060812252890757,-0.40903989127323576,0.43719534657098574,0.1818563177263258,0.42385986333715375,-0.2775155871755635,-0.040918315231024883,0.07550163202361232,0.47048880888329325,-0.5191467791944568,-0.11883056221889209,-0.2466253017639987,0.09690444157663389,-0.3490152804271085,-0.08101167916599478,-0.22003778441041155,0.08482813868681109,0.11918266804897985,0.1692210072074337,-0.27364664651314385,0.02310858722196609,0.0012973318023105182,0.19005772144030436,0.07374055777264125,-0.3304312207693225,-0.24683697038680127,0.07857871209715936,0.07126611689547924,0.009326925357218617,-0.03125804075038967,0.04004172816855689,0.0064330651301832496,0.10667303432461091,0.0011606821987329486,0.04001681403225497,0.021374064737653083,0.029293438433535685,0.0592887336967098,-0.008464026342015174,-0.0795168459701368
198,0,0.1812328155345126,-0.16712713133565285,-0.4538814284468579,-0.39813592356962013,0.03677806488541685,0.22669283227004067,0.010931988532195711,-0.4322732136728794,0.1191489408987229,-0.15667486633960892,0.34902821050034427,0.6666278947397393,0.5582915451424421,-0.09775170371875222,0.18889903134892866,-0.44489783855300713,-0.07469009642388,-0.2494784972101986,0.08482813868681109,0.14082115985050372,0.18986740094767915,-0.2891224091628754,0.023108587221966088,-0.014257917467683637,0.19881002926495966,0.13302929146935108,-0.26695102320419667,-0.2283512439944541,0.09199458977229476,-0.0958825581258987,0.006321582742114767,-0.02944071279978706,0.0,0.021638491801523864,0.020646393740245454,-0.015475762649731589,0.0,-0.015555249269994154,0.008752307824655308,0.059288733696709804,0.06348019756512582,0.018485726392347177
199,0,0.8520266992908466,-0.5758816184333945,0.12335161866108625,-0.32907746144667965,-0.043305391453882,0.1019303570179992,0.25180658216841306,-0.3162049937998925,0.3592498250951643,0.2241406806035122,-0.5422782393980593,0.6666278947397393,0.00812983291133551,0.3418134696565405,0.2214804485599406,-0.390802449182453,-0.08567514184460526,-0.23675720155597207,0.05279475615181992,0.17556945862187606,0.24836551654504416,-0.27248596431441524,0.05512203844791563,-0.010225075064353953,0.12879156666772987,0.19231802516606086,-0.2754150495462149,-0.12096469602058688,0.03258141721101197,0.05409538937055421,-0.010985045420725249,0.012721295654226528,-0.03203338253499118,0.03474829877137238,0.05849811559736497,0.016636444848460136,0.03201345122594955,0.004032842403329681,-0.07001846259722978,0.059288733696709804,-0.00846402634201818,0.10738654797386726
200,0,0.10457065739100625,0.6123935076276645,-1.136819629603294,-0.005593086239126021,0.03677806488541685,0.1594380604545127,0.21739592593467472,-0.34328757843693597,0.27921619702847067,0.32265725931345074,0.2972288376605521,0.6666278947397393,-0.4997117476096651,0.31852992114709916,0.19848180111686692,-0.3057085782624801,-0.2021580763058866,-0.20477222962533723,0.06080310178574979,0.15719623472733138,0.1726620728308051,-0.27171217618192955,0.0951388524801706,0.026185730634292782,0.2268531380092557,0.2516067588627707,-0.35159128662436645,-0.09245998814841846,-0.02299864744307369,0.08509387091997285,-0.11648293446128137,0.03198497193063484,0.008008345633929884,-0.018373223894544703,-0.07570344371423905,0.0007737881324856976,0.04001681403225497,0.036410805698646735,0.09806157134152582,0.059288733696709804,-0.0761762370781516,0.028504707872168394
201,0,-0.06791919843210087,0.4087760307834529,-0.12951169102355134,-0.25638434342249267,-0.36363921680379385,0.1906286792675009,0.6303238007396083,-0.13436478266557716,0.27921619702847067,0.2719586691001438,-0.07072532802896142,-1.1120341161615548,-0.7113124061600745,-0.16760234924707634,0.2310632183278789,-0.2107377401821518,-0.14650742167447492,-0.1996837113636458,0.020761373616828727,0.13628877305422696,0.24836551654504416,-0.27248596431441524,0.13515566651242558,0.04289322059095181,0.23649853846907765,0.014451824075931463,-0.32619920759831494,-0.0956350174906157,0.03258141721101198,0.09497083808032838,0.05565065463141172,0.005088518261691438,-0.04004172816892107,-0.020907461673104425,0.07570344371423904,-0.0007737881324857004,0.04001681403225497,0.01670748995665903,0.009645400459821952,-0.23715493478683922,0.025392079026051527,-0.003175029342197233
202,0,0.2770605132141134,-0.5439714168383987,-0.06629586360238017,-0.38359729996479924,-0.043305391453882,-0.0476871426006755,0.010931988532195711,-0.11115113869100618,0.1191489408987229,0.35203939682339197,0.5258605522637521,0.07374055777264124,0.00812983291133551,-0.1146851935437891,0.3594723332183827,-0.15770602419809626,-0.18899674830180965,-0.22221857795113883,0.020761373616828727,0.1220580532207878,0.25180658216841795,-0.29183066762657534,0.13515566651242555,0.10943512024590467,0.29437094122801255,0.07374055777264127,-0.31773518125629974,-0.12999589059394906,0.12840911489050383,0.0530317159840555,-0.04248932662733475,-0.02253486658749301,0.0,-0.014230719833439164,0.0034410656233738353,-0.019344703312160084,0.0,0.06654189965495287,0.05787240275893489,0.059288733696709804,0.008464026342015173,-0.034360873103333356
203,0,-0.7387130821884349,0.6336669753576732,-0.1906548683653186,-0.3399814291502953,0.2770284338960298,0.23351578013544833,0.04534264476595851,-0.335549697112079,-0.040918315231024883,0.014432875630295333,0.6115974452399401,0.07374055777264124,-0.41507148418948325,0.28395737942095817,0.2118976787919805,-0.11196806857861023,-0.22713350976244331,-0.22767056180295078,0.0688114474193155,0.13253615172828376,0.23804231967492018,-0.28989619729536115,0.1271523037057562,0.11738558098390017,0.3470634067029682,0.014451824075931468,-0.22886290466512235,-0.08970829605184653,-0.14757465442640222,0.045737955619486,-0.038136761460633675,-0.005451983851811953,0.04805007380248677,0.010478098507495981,-0.013764262493497787,0.0019344703312142442,-0.008003362806669365,0.007950460737995498,0.052692465474955666,-0.059288733696709804,0.08887227659117737,0.040287594542102526
204,0,-0.16374689611148377,-0.016693323816411313,0.2508195985430952,-0.1364406986825965,-0.283555760464495,0.2510605032177099,0.5270918320383933,-0.2078746552518066,-0.12095194329407902,0.23566308747016096,-0.26720570776606706,0.07374055777264124,0.3043707548819267,-0.4032600826457089,0.24639564995660196,-0.10391454150939536,-0.17148285513103162,-0.22585323385234407,0.0287697192507586,0.15129925835798197,0.2862172384021636,-0.2686170236519868,0.1191489408994508,0.13224948584189017,0.3034804861067345,0.014451824075931468,-0.1780787466130223,-0.15560779395433708,0.03449797116462143,0.008053527069214887,0.05565065463141172,0.0018173279506067397,-0.04004172816855689,0.018763106629698195,0.04817491872724348,0.02127917364337433,-0.008003362806305415,0.01486390485798999,-0.043582920596233705,0.0,0.050784158052100056,-0.06589949790249054
205,0,0.6795368434677395,1.002913593813965,-0.38652030086692607,-0.41630920307568753,-0.4437226731394509,0.19745162713290856,0.5270918320383933,-0.2775155871755635,-0.3610528274905204,0.4436425314133412,0.24007090900976005,0.07374055777264124,-0.4997117476096651,-0.7419298791467474,0.21956389460635295,0.0060996773228571555,-0.21438671177424246,-0.28364426268156073,-0.05131373708671936,0.15334614271758656,0.3515974852462812,-0.27403354057939106,0.11114557809278143,0.17465194311119422,0.2527528244291518,0.07374055777264127,-0.1780787466130223,-0.10389009378032651,-0.02683175535024901,0.11001421883225253,-0.04290385664321082,-0.05779102882921668,-0.08008345633747796,0.002046884359604567,0.06538024684411754,-0.005416516927404294,-0.008003362806669361,0.042402457269304084,-0.05072766167758271,0.059288733696709804,0.0,0.051717700174010575
206,0,1.4461584249036743,0.2385882889434865,0.3461615021946853,-0.40540523537203055,-0.4437226731394509,0.3095429134921514,-0.22994260510402165,-0.2775155871755635,0.039115312835668756,0.020770199406939048,0.1471892749522071,0.6666278947397393,-0.7959526695802562,-0.7525133102874048,0.26747774344608793,0.14802409775009867,-0.16744118747623524,-0.30799645721965635,-0.08334711962171053,0.1804429928113922,0.24148338529829644,-0.27132528211568674,0.0631254012538571,0.18041314654452384,0.17612547633167613,0.13302929146935108,-0.2161668651520996,-0.15800670501288794,0.047913848839735027,0.1419244204272415,0.046945524298007205,-0.02435219453809562,-0.03203338253499118,0.02709685009380567,-0.11011409994798474,0.0027082584637043495,-0.04802017683892433,0.0057612034333296164,-0.07662734809747564,0.059288733696709804,-0.0380881185390773,-0.05411661123256143
207,0,-0.5662232263653277,0.1352600171121141,0.329580301559619,-0.14371001048504825,-0.043305391453882,0.16236218096820818,-0.26435326133776,-0.45161791698502185,-0.040918315231024883,0.12389574086358947,0.28472554076818735,0.07374055777264124,-0.6266721427399228,-0.021550999506023582,0.2003983550704546,0.17279249232144994,-0.13137707609498425,-0.2814634691408376,-0.1313971934241973,0.17849357913558045,0.17266207283080506,-0.2887355150966326,0.0631254012538571,0.1852525574285216,0.15754914952016558,0.1923180251660609,-0.2669510232042027,-0.13549927478709042,-0.0670793883756334,0.024768394571351302,0.03606411138125097,0.026532988078818754,-0.04805007380248678,-0.001949413675811762,-0.06882131246749137,-0.017410232980945833,0.0,0.004839410883997715,-0.018576326811510592,0.059288733696709804,-0.05078415805210307,0.02250743022579751
208,0,0.83286115975497,-0.20663499997706808,0.0818986170734558,-0.2309417521140148,-0.12338884778953907,0.6848050460862926,-0.40199588627273786,-0.26977770585070654,0.039115312835668756,-0.028776150119676786,0.41868943604350106,0.07374055777264124,0.09277009633151731,-0.7997859693823297,0.2655611894925003,0.16884170545730845,-0.07779907154295287,-0.264744051995277,-0.14741388469169292,0.22430480051720564,0.13136928535031173,-0.27248596431441524,0.05512203844755169,0.19804242905051478,0.16451527207448124,0.13302929146935108,-0.3135031680852952,-0.20570270135344818,0.06516283442204573,-0.003950786864141523,0.053578004552031364,0.016719417145560533,-0.01601669126749559,0.04581122138162519,-0.04129278748049336,0.016249550782217285,-0.008003362806305415,0.012789871621993212,0.006966122554315679,-0.059288733696709804,-0.04655214488109247,-0.07020342656635775
209,0,1.1970064109370608,-0.8417999650583139,-0.5854947084876276,-0.37269333226118356,0.11686152122107392,0.38362063317308703,-0.6084598236752169,-0.3084671124750355,0.039115312835668756,-0.017253743253028034,0.7937883428143795,-0.5191467791944568,0.05044996462144145,-0.049773482547760074,0.30005916065712174,0.14224987079481652,-0.14868370425782426,-0.26910563907672747,-0.1313971934241973,0.2524738281327144,0.045342644765948716,-0.2717121761819296,0.023108587221602143,0.17390298666486076,0.29812193029572515,0.014451824075931463,-0.30927115491428453,-0.24486139657387823,0.03449797116462142,-0.02659183466249194,-0.07088463271487139,-0.004361587081450391,0.01601669126749559,0.028169027615508786,-0.086026640584363,0.0007737881324856976,-0.03201345122594955,-0.024139442385654023,0.1336066582212439,-0.11857746739341961,0.0042320131710105935,-0.03915869522043006
210,0,0.5262125271807269,-0.13217786292208925,0.3575610776312772,-0.19096053720075742,0.19694497756037277,0.09364534889578813,-0.5052278549739774,-0.11115113869100618,0.039115312835668756,0.0922091219802661,0.8509462714651715,-0.5191467791944568,-0.5843520110298168,-0.5464891840825931,0.34222334763609374,0.06779273373984113,0.0007543664656328497,-0.28764238417289056,-0.1153805021567017,0.24589455697684198,-0.026919733324916494,-0.24849853220733661,-0.0009015011976780486,0.1508581729315423,0.35349367367618706,-0.10412564331748815,-0.31773518125629974,-0.33136330709684747,0.04216418697897206,-0.07445713705497538,0.1494380707234571,-0.01853674509616314,0.01601669126749559,-0.006579271155872457,-0.0722623780908652,0.02321364397459298,-0.02401008841928019,-0.023044813733318466,0.05537174338046195,-0.11857746739341961,-0.008464026342015174,-0.08650191052296922
211,0,-0.18291243564736037,0.30696729236132986,-0.49533443003451194,-0.12190207507777563,0.03677806488541685,0.22474341859427324,-0.5052278549739774,-0.3394186377745075,-0.12095194329407902,0.17286597004685977,0.08288660522005016,-0.5191467791944568,-0.20347082563907387,-0.2127583221138748,0.3307240239145678,0.05761185989762881,-0.03582790743546321,-0.2741941573384189,-0.07533877398778063,0.2493060309095192,-0.14047489889627504,-0.2690039177182296,-0.04091831522993302,0.1409489030262139,0.3688548670010882,-0.044836909620778354,-0.2669510232041997,-0.3358789043835273,-0.01149932372152595,-0.010180873842212307,-0.036582273901096064,0.013448226834471704,0.04004172816892107,0.0034114739326772336,-0.11355516557135856,-0.02050538551089303,-0.04001681403225497,-0.009909269905328404,0.015361193324901157,0.0592887336967098,0.050784158052100056,-0.004515597286679845
212,0,0.02790849924749993,1.33417187703816,-0.22485359467511787,-0.3763279881623888,0.11686152122107392,0.3266002831555376,-0.33317457380523674,-0.4245353323479784,-0.5211200836202682,-0.028776150119676786,0.34902821050034427,0.07374055777264124,0.3890110183021085,0.06593869792342973,0.3058088225179065,0.24542618928528465,-0.05168368054273699,-0.2734672261581778,-0.059322082720285066,0.28673477348514054,-0.1748855551300183,-0.3003423370839269,-0.10494521768183214,0.102867348331907,0.3511716328247475,-0.044836909620778354,-0.22886290466512235,-0.31781651523680543,-0.024915201396661348,0.18781432938765588,-0.01585577310727377,0.0007269311802410416,0.01601669126749559,0.03742874257562131,-0.034410656233743245,-0.03133841936569722,-0.0640269024518991,-0.03808155469430687,-0.017683234176340778,0.0,0.0380881185390773,0.018062389146721883
213,0,-0.22124351471911352,0.7810617160583471,0.7244201416819279,-0.20549916080557828,-0.043305391453882,0.28517524254448223,-0.12671063640278216,-0.3394186377745075,0.039115312835668756,-0.09733447097627615,-0.08144243965099286,0.6666278947397393,-0.24579095734914974,-0.43148256568747045,0.3575557792648386,0.2601656633553521,0.039823820461987666,-0.26001899932370615,-0.09135546525527623,0.29190071972604387,-0.19209088324689239,-0.3007292311501697,-0.09694185487516277,0.09169061367124988,0.28186764433565414,0.01445182407593144,-0.21193485198108902,-0.3893605097476483,0.05174695674693214,0.014739474070067381,0.09150750100472466,0.013448226834471699,-0.03203338253499118,0.00516594624090339,-0.017205328116874065,-0.0003868940662428488,0.008003362806669365,-0.011176734660657148,-0.06930398848909329,0.059288733696709804,0.01692805268403335,-0.07154399451084285
214,0,0.3920537504293729,0.3844634962348764,0.019719114691974796,-0.48173300929742274,0.11686152122107392,0.03565029204031061,0.18298526970093637,-0.4322732136728794,-0.040918315231024883,0.40100962600671464,-0.07965625438065957,0.6666278947397393,0.00812983291133551,-0.3609263580830791,0.4131358439189243,0.30028134536048084,0.016713772076875626,-0.29454823038518874,-0.051313737086719345,0.27035969860830394,-0.22650153948063806,-0.32316908699227703,-0.08893849206885736,0.10822526752490524,0.30062258967419486,0.07374055777264124,-0.24155894417814813,-0.38512713729138526,0.05558006465408567,0.04011568200512877,-0.02311004838511204,-0.034529231061482625,0.04004172816855689,-0.02154102111773993,-0.03441065623374569,-0.02243985584210728,0.008003362806305415,0.01653465385365537,0.01875494533854075,0.059288733696709804,-0.02962409219705912,0.00423337245626298
215,0,-0.7387130821884349,0.30544775895204596,-0.12329374078538675,-0.44538645028532925,-0.2034723041288379,0.16577365490086768,0.21739592593467472,-0.22335041790152058,-0.2810191994238268,0.49779784368666896,0.4419098445578972,1.2595152317068374,-0.33043122076933157,0.18517868877483032,0.27131085135330685,0.23053476187428892,0.04303642808502956,-0.29745595510615297,-0.027288700185658044,0.2671919013850999,-0.2574711300910099,-0.3177525700648727,-0.08093512926218799,0.11364079875223802,0.3208064832290086,0.19231802516606086,-0.2246308914941148,-0.2924162804992275,-0.14182499256561742,-0.06974658348619192,0.026322656008153932,-0.002907724720964172,0.0240250369010613,-0.0031677972232040884,-0.030969590610371855,0.005416516927404294,0.008003362806669361,0.005415531227332776,0.020183893554813717,0.11857746739341961,0.01692805268403335,0.09271085679215776
216,0,0.4112192899652495,0.9314955235775886,-0.20309076884160068,-0.29273090243458616,-0.4437226731394509,0.07805003948929402,0.25180658216841306,-0.320073934462321,-0.12095194329407902,0.20167198721350785,0.16683731292590495,0.07374055777264124,-0.542031879319741,-0.5831784120368856,0.16781693785946436,0.29982548533769915,-0.01188879901859904,-0.28618852181240845,-0.027288700185658044,0.24404261398481414,-0.20929621136376642,-0.3220084047935484,-0.09694185487516276,0.1317309775328949,0.3227712870263784,0.13302929146935108,-0.19923881246806327,-0.2754827906741756,-0.10349391349384249,0.06929072346341021,-0.05492522710362859,0.011267433293744439,0.0,-0.02314928740028574,0.04817491872724347,-0.00425583472867575,-0.016006725612974775,0.018090178780656878,0.001964803797369785,-0.059288733696709804,0.025392079026051527,0.01693348982505192
217,0,-0.43206444961397383,-0.037966791546420076,0.012464839414143593,-0.36178936455752664,0.19694497756037277,0.3524300143600102,0.04534264476595851,-0.3394186377745075,0.19918256896541653,0.21953171785685271,0.6401764095653362,1.2595152317068374,-1.0498734598407715,-0.990993291990206,0.18123281553459977,0.2825028044718457,-0.04360034523314658,-0.30799645721965635,-0.0032636632842325654,0.26304939732399435,-0.1783266207533946,-0.310788476872497,-0.07293176645551862,0.14129457523222122,0.3583163739060933,0.25160675886277073,-0.24155894417814813,-0.37242701992259386,0.01341587767513539,-0.017322680865853417,-0.03171154621454754,-0.02180793540724784,0.02402503690142548,0.019006783339180204,0.03096959061037185,0.011219927921051438,0.02401008841964414,0.009563597699326324,0.03554508687971488,0.11857746739341961,-0.04232013171008488,-0.09694422924841825
218,0,0.7945300806832168,-0.12458019587566987,0.5275183841406303,-0.36542402045873185,0.5973622592459417,0.03565029204031061,0.21739592593467472,-0.1769231299523346,0.1191489408987229,0.3871827377667361,-0.5851466858861534,0.6666278947397393,-0.11883056221889209,-0.628334384903684,0.17739970762742446,0.2907082848819855,0.0009616314735708786,-0.32144468405412807,0.06881144741931551,0.19813392191939613,-0.11638743953265333,-0.3015030192826598,-0.0649284036492132,0.1828904640208625,0.25793276171312784,0.3108954925594805,-0.26271901003318904,-0.35528186147472923,-0.003833107907175315,0.00820548041013982,0.04456197670671745,-0.013448226834471704,0.07207511070354808,-0.0649154754045982,0.061939181220741255,0.009285457589837193,0.008003362806305415,0.04159588878864129,-0.10038361219296546,0.059288733696709804,-0.02116006585504094,0.017145158447864572
219,0,-0.18291243564736037,-0.018212857225695187,0.3617063777900379,-0.29273090243458616,-0.043305391453882,0.13360832924995142,0.2862172384021759,-0.3007292311501785,0.039115312835668756,0.2057048296168218,0.3633176926630423,0.6666278947397393,-0.7536325378701804,-0.9373705742108766,0.039407822968982334,0.3730669956652474,0.09568174010133743,-0.3134484410714683,0.05279475615181991,0.1731326915270826,-0.02691973332491405,-0.3007292311501741,-0.06492840364921322,0.20518632130784747,0.21488569669799412,0.4294729599529001,-0.3431272602823513,-0.4440415706410409,-0.13799188465844212,0.08235871078326187,0.09472010862776656,0.00799624298265974,-0.01601669126749559,-0.025001230392313563,0.08946770620773928,0.0007737881324856976,0.0,0.022295857286984983,-0.043047065015133716,0.11857746739341961,-0.08040825024916218,-0.08875970916631165
220,0,-0.12541581703973062,-0.35554927408702575,-0.14712921669828427,-0.24184571981767178,-0.043305391453882,0.1297095018983279,0.14857461346719802,-0.49417626427177935,-0.44108645555357456,0.2057048296168218,0.2293537973877286,-0.5191467791944568,-0.24579095734914974,-0.27061441234948225,-0.025755011453063414,0.3507298545487537,0.045212710668381284,-0.31853695933315973,0.028769719250394444,0.17673910682733657,0.038460513519203494,-0.3390317437082514,-0.11294858048813754,0.2165358920715031,0.1527264492902498,0.4294729599529001,-0.30927115491428453,-0.4164540934677299,-0.06516283442204575,-0.02233714111649365,-0.05046902943295615,-0.005088518261691435,-0.02402503690142548,0.003606415300253976,0.06538024684411754,-0.03830251255807732,-0.04802017683892433,0.01134957076365557,-0.0621592474077443,0.0,0.033856105368066707,0.02758747717331108
221,0,0.4112192899652495,0.7400343140076134,0.25807387382092645,-0.4890023210998332,0.03677806488541685,0.5005854537218815,0.3894492071034154,-0.6373270687817657,0.039115312835668756,0.14751667494023252,0.5169296259120539,0.07374055777264124,0.3043707548819267,0.40531405650048524,0.03365816110819757,0.39403655671338217,0.12055354105392513,-0.3552469839353655,0.028769719250394444,0.20432331034009737,0.12792821972694277,-0.3688225868089773,-0.09694185487516278,0.21400096256084034,0.1961307513594502,0.48876169364961,-0.2584869968621845,-0.3546468556062939,0.05941317256126098,0.043306702164628355,0.07534083038554384,-0.03671002460220576,0.0,0.027584203512760818,0.08946770620773928,-0.02979084310072582,0.016006725612974775,-0.0025349295106627256,0.04340430206920038,0.059288733696709804,0.050784158052100056,0.06180723786143601
222,0,0.1812328155345126,0.05320521301068135,0.08293494211314598,-0.5653300950252255,0.03677806488541685,0.15505187968392514,-0.26435326133776,-0.37037016307393544,0.19918256896541653,0.10027480678689403,0.07395567886838374,0.6666278947397393,-0.7113124061600745,0.28960187602929544,0.04899059273689883,0.26593989031063425,0.1513323947327515,-0.37414719462164914,0.020761373616828734,0.18716846999293615,0.13481035097369043,-0.363406069881573,-0.024911589616594294,0.2269060582514974,0.16862349819625416,0.5480504273463198,-0.36851933930840286,-0.3322805377957073,0.015332431628701265,-0.1280966664027479,0.030778853678826386,-0.018900210686283662,-0.008008345633565707,-0.017154840347161242,0.006882131246747675,0.005416516927404297,0.07203026525856847,0.012905095690657082,-0.027507253163196056,0.059288733696709804,-0.11003234244621832,0.022366317810586574
223,0,0.6795368434677395,0.03649034550855876,0.2725824243766124,-0.25274968752128746,-0.36363921680379385,0.6307088165824385,0.5615024882721316,-0.34715651909936446,0.1191489408987229,0.4586216603400108,-0.2939984868211298,0.07374055777264124,-0.9229130647105139,0.41166411518488977,0.13906862855558413,0.1914827532556554,0.10614862300221994,-0.3788722472932201,-0.011272008918162452,0.22172182739673177,0.20363166344118183,-0.36417985801405867,-0.01690822681028888,0.28250167138312615,0.14736789347924045,0.48876169364961,-0.43623155004453923,-0.24796586970847123,0.0900780358186853,-0.07445713705497883,-0.04518377173053155,-0.004725052671570917,-0.03203338253499118,0.03455335740379563,0.06882131246749137,-0.0007737881324856976,0.008003362806305415,0.055595613131628696,-0.021255604717013692,-0.059288733696709804,-0.06771221073613642,0.08431466808723602
224,0,0.7753645411473403,0.21123668757637679,0.6684585895386116,-0.19096053720075742,0.43719534657098574,0.19209073952439296,0.3550385508696526,-0.26977770585070654,0.519317081224912,0.30134080661013746,0.5115710701010541,0.6666278947397393,-0.03419029879874035,-0.8004915314583719,0.17739970762738086,0.17416007238980546,0.17102257048688363,-0.3497950000835536,0.020761373616828734,0.23736587214514002,0.22083699155805342,-0.3479303072318413,0.03911531283530482,0.2725347894434684,0.20649062592741182,0.48876169364961,-0.44046356321554675,-0.29192238704600054,0.03833107907179674,-0.01732268086584996,0.06487394748466367,0.029077247209666535,0.03203338253499118,0.015644044748408234,0.017205328116871622,0.016249550782217285,0.05602353964559369,-0.009966881939657718,0.059122732448171365,0.0,-0.004232013171007586,-0.04395651733752928
225,0,-0.9878650961550484,0.9770815258561393,0.7389286922376139,-0.485367665198628,0.19694497756037277,0.29248554382876524,0.49268117580463044,-0.3897148663861219,0.039115312835668756,0.2713825487567983,0.46155788253159513,0.07374055777264124,-0.37275135247940744,0.17106744725393702,0.15248450623071955,0.24132344908021475,0.25724481378918373,-0.3537931215748834,0.06080310178574979,0.2500370610379298,0.24836551654504904,-0.3645667520803015,0.07112876406125437,0.24989325995048128,0.20845542972478165,0.3701842262561903,-0.44469557638655444,-0.29333351119808987,-0.024915201396661348,0.06716337669040932,0.08622224330230008,-0.0039981214913298755,0.04004172816892106,0.012671188892789755,0.027528524986995574,-0.016636444848460132,0.032013451225949556,-0.02264152949298707,0.0019648037973697906,-0.11857746739341961,-0.004232013171007587,-0.0014111241520893298
226,0,1.0053510155780772,-0.5424518834291148,0.10573409298635332,-0.45992507389019144,-0.043305391453882,0.6102399729863929,-0.02347866770154264,-0.4284042730104069,0.19918256896541653,-0.17223011560957163,0.3508143957706776,0.6666278947397393,-0.7536325378701804,-0.4519438658927432,0.2118976787920023,0.09392870837954444,0.2881272999719791,-0.37051253872044393,0.10084482995430669,0.30325605438763964,0.22083699155805342,-0.37539978593511003,0.10314221528720394,0.21250304966817338,0.22685313800925888,0.4294729599529001,-0.46585564224159837,-0.28021005658367565,0.05941317256128277,-0.14739474070067032,0.030882486182795398,-0.01671941714556053,0.04004172816855689,0.053218993349709885,-0.027528524986995574,-0.010833033854808587,0.03201345122594955,-0.03739021028230795,0.018397708284477263,0.059288733696709804,-0.02116006585504394,0.013123454614414238
227,0,-0.2595745937910846,-0.29020933748778466,0.6031701120380836,-0.30726952603940705,-0.2034723041288379,0.19550221345705246,0.04534264476595851,-0.3084671124750355,-0.44108645555357456,0.0950897236969414,0.3133045050935834,0.6666278947397393,-0.9652331964205898,-0.7503966240592532,0.22914666437429126,0.06870445378540799,0.3471978272343731,-0.365060554868632,0.060803101785385616,0.28756327429734385,0.22083699155805342,-0.3723046334051629,0.03911531283530482,0.20005885025218223,0.1941659475620836,0.3701842262561903,-0.4573916158995802,-0.25615038979058036,0.017248985582288923,-0.025224254594136457,0.059070527262394,0.005451983851811959,-0.04004172816892106,-0.015692780090295774,0.0,0.0030951525299471984,-0.0640269024518991,-0.012444199415991132,-0.03268719044717528,-0.05928873369670982,0.008464026342018172,0.02405966679309528
228,0,0.5837091457883566,-0.6837684904926531,0.40315937937769186,-0.40903989127323576,-0.12338884778953907,0.14725422498067808,0.5270918320383933,-0.49804520493420784,0.039115312835668756,0.2604362622334951,0.7884297870033479,0.6666278947397393,-0.542031879319741,-0.51615001481273,0.20806457088480518,0.012785624323709655,0.3347619267580792,-0.3694221419500824,-0.011272008918162452,0.29872366759138064,0.25180658216842533,-0.4044168409033502,0.031111950028999406,0.18738420269885814,0.3315235948510337,0.3701842262561903,-0.49971174760966514,-0.24493195278148497,-0.02108209348948602,-0.05591882946169833,-0.012435900476293848,-0.004361587081450391,-0.07207511070354808,0.011160393294036747,0.030969590610371855,-0.03211220749818732,-0.008003362806305415,-0.012674647553324103,0.1373576472889501,0.0,-0.042320131710084884,0.011218437009095394
229,0,0.5070469876448502,-0.4558384790998649,0.7389286922376139,-0.37269333226118356,-0.12338884778953907,0.3704620908613244,0.2862172384021759,-0.46322473897230737,0.19918256896541653,0.6124457920099157,0.7794988606516497,0.6666278947397393,-0.24579095734914974,-0.49780540083558383,0.2770605132140263,-0.03097693786370732,0.3724841582028368,-0.3774183849327421,-0.019280354551728156,0.3224090437525179,0.25180658216842533,-0.42066639168556313,0.04711867564197418,0.2280582989381675,0.3731417116498945,0.3701842262561903,-0.448927589557562,-0.20097543544395569,0.06899594232922106,-0.04376256218741697,0.0377222314447576,-0.00799624298265974,-0.008008345633565707,0.0236853761611373,0.0,-0.016249550782212886,0.016006725612974775,0.040674096239309385,0.041618116798860745,0.0,0.050784158052103054,0.04395651733752927
230,0,0.2578949736782368,-0.4208892106863013,-0.3906656010257103,-0.5180795683095163,-0.12338884778953907,0.4128618383103078,0.07975330099969687,-0.2272193585639491,-0.6011537116833223,0.0507284572602782,0.4651302530722617,0.6666278947397393,-0.7536325378701804,-0.6036397122421583,0.31539159228582303,-0.03751093152363487,0.34813051977009424,-0.4050417697819266,-0.027288700185293863,0.3507242773937159,0.2449244509216752,-0.39397070111478005,0.031111950028999403,0.21256066170251317,0.3967193572183478,0.48876169364960986,-0.499711747609665,-0.2342779654332233,0.038331079071796746,-0.006533993659927556,-0.024353638432742603,-0.027623384849184453,-0.008008345633565707,0.02831523364119799,-0.006882131246750116,0.026695690570783026,-0.016006725612974775,-0.01549763723565436,0.02357764556845331,0.11857746739341961,-0.050784158052103054,-0.0333025299892676
231,0,-0.7195475426523404,0.4999480353405543,0.6518773889035688,-0.22003778441039915,0.43719534657098574,0.45721099943505866,-0.22994260510402165,-0.1962678332645211,-0.12095194329407902,0.05130457760362374,0.49013684685699116,0.6666278947397393,-0.542031879319741,-1.3254297160349664,0.20231490902406404,-0.061519559390340775,0.3875108712783585,-0.3781453161129832,0.012753027983263027,0.3463868319650336,0.18298526970093146,-0.3498647775630556,0.015105224416024628,0.20293945196885227,0.39404007931284146,0.5480504273463197,-0.5843520110298319,-0.4073523426867685,-0.11307668326175899,-0.024008627866705913,0.03938035150826424,0.02689645366894341,0.04004172816855689,-0.0043374454286822794,-0.06193918122074371,0.044105923551724456,-0.016006725612974775,-0.009621209733660877,-0.0026792779055062775,0.059288733696709804,-0.08464026342016677,-0.17307437725354516
232,0,-0.10625027750385403,0.2613812900827791,0.5088645334261837,-0.33271211734788486,-0.283555760464495,0.4869395579911548,-0.02347866770154264,-0.2775155871755635,-0.20098557136077266,0.5335173049733063,0.05430764089465414,0.6666278947397393,-0.16115069392899803,-0.6685514232381874,0.17356659972022737,-0.04070195168313101,0.43010383040966227,-0.3548835183452491,-0.019280354551728156,0.37957559979575656,0.20707272906455318,-0.34057931997321844,-0.02491158961659429,0.24626370178749352,0.39207527551546856,0.5480504273463197,-0.5293358398067242,-0.5031676726135168,-0.02874830930383666,0.020817607707209775,0.042592959131303766,0.02326179776773406,-0.03203338253499118,0.033188767830722964,0.024087459363621735,0.009285457589837193,-0.04001681403261892,0.043324249818641226,-0.0019648037973729595,0.0,0.055016171223107646,-0.09581532992674828
233,0,0.7370334620755872,0.5014675687498382,0.8632876970005524,-0.43811713848291883,-0.283555760464495,0.41481125198607527,0.32062789463591423,-0.5096520269214934,0.039115312835668756,0.6130219123532613,0.9527588318743909,0.6666278947397393,-0.41507148418948325,-0.8195417075115603,0.17931626158101213,0.005795770640996939,0.4891743576720562,-0.3734202634414122,-0.011272008917798271,0.35798584333612027,0.18298526970093149,-0.3568288707554313,-0.0329149524228997,0.2617037269888186,0.5167510073850206,0.6073391610430294,-0.47855168175462115,-0.6262882548831616,0.005749661860784771,0.046497722324127945,0.059070527262394,-0.018536745096163137,0.008008345633929886,-0.021589756459636324,-0.024087459363621732,-0.01624955078221289,-0.008003362806305415,0.015440025201325053,0.12467573186955208,0.059288733696709804,0.05078415805210307,-0.12312058226964502
234,0,0.5070469876448502,1.0241870615439739,0.8093987949366163,-0.29636555833579137,-0.2034723041288379,0.4835280840584953,-0.12671063640278216,-0.2194814772390921,0.27921619702847067,0.47475302995331903,1.309995885941873,0.6666278947397393,-0.20347082563907387,-0.5655393601357814,0.1524845062307631,0.08709080803775665,0.5032683782118568,-0.38396076555491565,-0.07533877398778063,0.38712957778953044,0.13481035097368801,-0.35179924789426986,-0.056925040842543836,0.2790449493231367,0.5965934889691026,0.6073391610430294,-0.49547973443865445,-0.6027930377509028,-0.02683175535024901,0.08129503739675971,0.014094020539800467,-0.010540502113503394,-0.06406676506998236,0.02914373445341023,-0.04817491872724348,0.005029622861161445,-0.024010088419644138,0.017341222334318156,0.07984248158408189,0.0,-0.01692805268403335,0.02349521713225905
235,0,-0.18291243564736037,0.3252016932727709,0.5347726594184615,-0.38359729996479924,0.11686152122107392,0.4104250712154877,-0.3675852300389995,-0.304598171812607,0.3592498250951643,0.5375501473766202,-0.06715295748829485,0.6666278947397393,-0.4997117476096651,-0.32141488182461797,0.23297977228153194,0.02190282477941981,0.4828527749299415,-0.3737837290315328,-0.08334711962171051,0.39892353052820273,0.048783710389325,-0.3432875784369184,-0.02491158961659428,0.3056617091851189,0.5437224049671135,0.6666278947397393,-0.5081757739516802,-0.6520412706587582,0.0804952660507688,-0.06518798325833683,-0.02041560328191524,0.010177036523382876,-0.008008345633929884,0.011793952738672248,-0.086026640584363,0.00851166945735149,0.03201345122594955,0.02661675986198219,-0.052871084001989,0.059288733696709804,-0.012696039513025763,-0.0492482329078555
236,0,0.23872943414236023,0.5212215030705631,0.329580301559619,-0.2309417521140148,-0.2034723041288379,0.2734787604896116,0.9056090506095885,-0.49417626427177935,0.5993507092879662,0.5934338206799322,1.0635023186353085,0.6666278947397393,-0.07651043050881622,-0.7475743757550847,0.15631761413796025,0.1282701634293876,0.5052373957872681,-0.35088539685391507,-0.09936381088920612,0.3652474092785246,0.14169248222043812,-0.3498647775630556,0.015105224415660678,0.3822281028140693,0.6149911972535766,0.6666278947397393,-0.4404635632155438,-0.6816043216449923,-0.07666215814357169,0.1063673386499678,0.022384620857326565,0.022898332177617664,-0.01601669126749559,-0.03367612124967813,0.09290877183111311,-0.006577199126137245,0.04001681403225497,0.07656639362895039,0.0712687922864631,0.0,0.06771221073613641,-0.029563050986234147
237,0,-0.5662232263653277,0.480194101019864,0.4062683544967624,-0.48173300929742274,0.43719534657098574,0.14481745788594663,0.8367877381420873,-0.3007292311501785,0.19918256896541653,0.28348107596679256,0.8402291598431401,-1.1120341161615548,-0.4573916158995892,-0.8216583937396867,0.12565275088053593,0.2053105072801525,0.485547220033136,-0.3683317451797167,-0.035297045819223744,0.360178933721414,0.22083699155805098,-0.34909098943056993,0.0791321268675598,0.40106723804105443,0.6676836627285323,0.48876169364960986,-0.3896794051634438,-0.6887304986130357,-0.03066486325742431,0.07704034385076486,-0.019690175754132115,-0.01744634832580157,0.06406676506998236,-0.005068475557110583,0.07914450933761288,0.0007737881324856976,0.0640269024518991,0.018839135226985115,0.05269246547495567,-0.1778662010901294,0.050784158052100056,-0.007126176968043352
238,0,0.5453780667166034,1.053058196320402,0.6601679892210902,-0.4890023210998332,0.03677806488541685,0.37972180582146353,-0.02347866770154264,-0.41679745102312143,0.5993507092879662,0.6821563535532061,0.7134100056491912,1.2595152317068374,-0.4573916158995892,-0.722879703093559,0.12181964297336059,0.37899317596145793,0.5112480810174758,-0.3763279881623764,-0.019280354551728156,0.3834256918054925,0.1657799415840574,-0.34096621403946126,0.13515566651278954,0.4432392471730255,0.6601816845931167,0.5480504273463197,-0.3812153788214286,-0.7094034674411186,-0.003833107907175326,0.1736826686813055,0.025700860984339834,-0.007996242982659746,0.01601669126749559,0.023246758084078546,-0.05505704997399359,0.008124775391108641,0.05602353964522975,0.042172009131971104,-0.007501978135415666,0.05928873369670982,0.008464026342015174,-0.020672968828082894
239,0,-0.2787401333269612,-0.9846361055311361,0.18034949584409282,-0.5507914714204045,-0.12338884778953907,0.449900698150687,0.49268117580463044,-0.4206663916855499,-0.44108645555357456,0.325537861030126,1.0188476868768812,0.07374055777264124,-0.07651043050881622,-0.3115370127600277,0.04324093087617946,0.3261134133183308,0.4553901613781237,-0.3941378020782985,-0.019280354551728156,0.39136955253442884,0.18642633532430286,-0.3367103793107855,0.07112876406089041,0.41454845407504654,0.6841165672156398,0.48876169364960986,-0.36428732613739523,-0.690776628633563,-0.07857871209718115,-0.052879762643127125,-0.05585791963935212,-0.017809813915922096,0.0,0.007943860728936259,0.020646393740245454,0.004255834728675745,-0.0640269024518991,-0.028690793097978968,0.023934882622523145,-0.059288733696709804,0.01692805268403335,0.018626838807555612
240,0,0.1812328155345126,-0.46495567955556816,0.06428109139869932,-0.09282482786809257,0.03677806488541685,0.4859648511533154,0.3894492071034154,-0.18079207061476313,-0.12095194329407902,0.7518669150964966,0.5133572553713873,0.6666278947397393,-0.542031879319741,-1.0065156576631586,0.03557471506180703,0.32170676643140417,0.5008848306205647,-0.35161232803415615,-0.0032636632842325654,0.3986798538187296,0.21739592593467472,-0.33206765051586695,0.11914894089981476,0.4846622998586684,0.6889392674455523,0.48876169364960986,-0.3431272602823513,-0.731064223175663,-0.007666215814372423,-0.004406646886926685,0.04549466924244096,0.04252547404414238,0.01601669126749559,0.007310301284300757,0.030969590610371855,0.004642728794918597,0.04802017683892433,0.07011384578362184,0.004822700229912563,0.0,0.02116006585504394,-0.040287594542100034
241,0,0.7178679225397105,1.4496564161438381,0.18656744608225742,-0.5398875037167475,-0.2034723041288379,0.6102399729863929,0.18298526970093637,-0.4284042730104069,0.039115312835668756,0.3935200615433799,-0.08322862492132614,0.07374055777264124,-0.20347082563907387,-0.009556444213256746,0.17931626158101213,0.4166776045117325,0.45435383633843357,-0.38359729996479097,-0.06733042835421493,0.41398275117386296,0.2586887134151705,-0.3552812944904555,0.13515566651278954,0.518883848252644,0.6316027202677206,0.4294729599529001,-0.30927115491428453,-0.5994768959934921,0.1437415465192051,0.09497083808032838,-0.046530994282131144,-0.03198497193063484,-0.06406676506998236,0.015302897355133422,0.0412927874804958,-0.02321364397458858,0.016006725612974775,0.034221548393975613,-0.05733654717783173,-0.059288733696709804,0.033856105368066707,0.13158732718217098
242,0,-0.2787401333269612,-0.38897900909130545,0.006246889176002562,-0.6452925248518229,0.43719534657098574,0.7749654285925976,-0.09229998016901934,-0.3394186377745075,-0.12095194329407902,0.6159025140699366,0.37046243374437543,-0.5191467791944568,-0.8382728012903321,-1.0961220413207133,0.1620672759987014,0.3516415745943241,0.4040920719134154,-0.4148553407151848,0.004744682349333146,0.44278533823400734,0.2518065821684229,-0.3614715995503499,0.1431590293194589,0.527122369162307,0.6632181995526928,0.3108954925594805,-0.37698336565041796,-0.6422339578017446,-0.017248985582310715,-0.06503602991740845,-0.050261764425018104,-0.031258040750393803,0.07207511070354808,0.028802587060144286,-0.006882131246747671,-0.006190305059894397,0.008003362806669365,0.008238520909663028,0.03161547928497213,-0.11857746739341961,-0.0677122107361334,-0.042757061808252596
243,0,0.3345571318217431,-0.5667644179776913,1.047753554065568,-0.547156815519158,-0.12338884778953907,0.5931826033230067,0.18298526970093637,-0.25430194320099253,-0.20098557136077266,0.02192244009363012,0.42940654766553255,0.6666278947397393,0.05044996462144145,-1.0707218065831454,0.12181964297331702,0.24481837592157113,0.42253865761991694,-0.42575930841880866,0.020761373616828737,0.46062247336770046,0.23804231967492506,-0.3359365911782999,0.11914894089981473,0.46801242193634385,0.6108829711318069,0.3108954925594805,-0.3304312207693255,-0.6673519677089031,-0.04024763302538441,-0.10682319867275294,0.01844658570650156,-0.010903967703623913,0.01601669126749559,0.017837135133693137,-0.013764262493497787,0.025535008372050083,-0.024010088419644145,-0.05910994722596312,-0.05233522842088584,0.0,0.04655214488109247,-0.02511800990715851
244,0,0.7753645411473403,0.3206430930448847,0.4725931570370041,-0.17278725769469,0.03677806488541685,0.3358599981156767,0.32062789463591423,-0.6295891874569087,-0.12095194329407902,0.20224810755685338,0.783071231192348,0.07374055777264124,-0.7113124061600745,-0.42089913454681305,0.14865139832356603,0.17446397907166222,0.38885809382995573,-0.41340147835469854,0.04478641051825421,0.44585566477341854,0.2827761727787947,-0.3769473622000815,0.07913212686755978,0.4407619296966973,0.5581905056568544,0.25160675886277073,-0.38121537882142553,-0.6528879451500063,0.02683175535024901,-0.07035439684990892,-0.03368056378996122,0.012357830064110138,0.024025036901425476,-0.014766808594281861,0.04473385310386964,-0.04101077102178167,-0.04001681403225497,-0.02725049223964656,-0.0526924654749525,-0.059288733696709804,-0.050784158052100056,0.014464022558896839
245,0,0.83286115975497,0.5576903048934105,0.32232602628178775,-0.3181734937430227,-0.043305391453882,0.7832504367148088,0.18298526970093637,-0.5908997808325798,0.1191489408987229,0.5012545657466374,1.1242326178267987,0.6666278947397393,-0.6266721427399228,-0.48016634893447974,0.25022875786379906,0.1977128402337262,0.36761343051628836,-0.4068590977325209,0.028769719250758618,0.4831382013233506,0.33783322275278826,-0.4055775231020788,0.05512203844791565,0.4371323715336991,0.6773290631883637,0.25160675886277073,-0.3939114183344513,-0.6687630918609926,0.10157735954023303,0.023248861162063966,-0.021244663313667377,0.006542380622177657,-0.01601669126749559,0.037282536549932105,0.05505704997399359,-0.028630160901997277,-0.024010088419644138,-0.003629558162998281,0.11913855753150934,0.0,-0.01269603951302577,-0.015875146710986176
246,0,0.3920537504293729,0.7339561803704779,0.2808730246941338,-0.5580607832228149,-0.2034723041288379,0.5702769926322295,0.7335557694408478,-0.49417626427177935,-0.12095194329407902,0.8042938663397877,0.8045054544363792,0.6666278947397393,-0.7959526695802562,-0.9126759015493259,0.26556118949250035,0.21898630796371768,0.3627427028297398,-0.43957100084340095,0.028769719250758625,0.5128180245376124,0.32062789463591423,-0.4055775231020788,-0.016908226810288873,0.45821837609968463,0.6514293767684707,0.25160675886277073,-0.46585564224159537,-0.6852732444404166,0.015332431628701269,0.02127346772999148,-0.00487072768654852,-0.032711903110880014,0.0,0.02967982321426179,-0.017205328116874075,0.0,-0.07203026525820452,0.02108600456598555,-0.02589968641989293,0.0,-0.071944223907144,-0.01651015257942412
247,0,1.0436820946498304,0.24314688917133812,0.026973389969829564,-0.4308478266805084,-0.12338884778953907,0.6419179452183451,0.42385986333715375,-0.6257202467944802,0.519317081224912,0.6003472647999214,0.1811267950886347,0.6666278947397393,-1.3884345135214387,-0.8287140145001335,0.42655172159401616,0.1952815867788651,0.3248132063770465,-0.43448248258170946,-0.027288700185293856,0.5625280732708522,0.2793351071554208,-0.438076624666509,0.015105224415660678,0.48990499498299744,0.5855191402930202,0.4294729599529001,-0.5589599320037802,-0.6859788065164614,0.16099053210151582,-0.023704721184852586,-0.037929496452693286,0.005088518261691433,-0.05605841943605248,0.04971004873323985,-0.04129278748049335,-0.03249910156443017,0.03201345122594955,0.03168661888331288,-0.06591023647545054,0.1778662010901294,-0.09310428976218495,-0.0007055620760446745
248,0,0.23872943414236023,-0.15649039747066573,0.6570590141020196,-0.39813592356962013,-0.12338884778953907,0.503996927654541,0.5615024882721316,-0.3162049937998925,0.519317081224912,0.2581317808601653,1.147453026341195,1.2595152317068374,-0.4997117476096651,-0.04836235839567576,0.3958868583365918,0.07432672739975832,0.3245023088651395,-0.42539584282868814,-0.04330539145278945,0.5749555854541601,0.3378332227527883,-0.42801737894418607,0.007101861609355264,0.44750253771369347,0.6289234423622206,0.4294729599529001,-0.5631919451747879,-0.618527072046673,-0.03066486325742431,-0.12095485937910677,-0.00031089751190706006,0.009086639753021309,-0.01601669126749559,0.012427512183307742,0.058498115597367416,0.010059245722322896,-0.008003362806305415,-0.042402457269304084,0.04340430206920039,0.0,-0.004232013171007587,0.06745173446978833
249,0,0.48788144810897366,-0.2993265379434879,0.8062898198175458,-0.0419396452511782,-0.283555760464495,0.7072233033581057,0.21739592593467472,-0.4864383829469223,-0.3610528274905204,0.47763363166999434,0.5151434406417206,0.6666278947397393,-0.6689922744499986,-0.9627708089484445,0.47254901648018527,0.14285768415852312,0.38709634126248477,-0.37451066021176554,-0.05932208272028504,0.600687845974902,0.3103046977657927,-0.4345945780703233,0.015105224415660673,0.4627121147776803,0.5785530177387046,0.48876169364961,-0.6224401295689062,-0.6836504516655146,0.07666215814359348,0.06853095675876482,0.06259403239734529,0.05088518261692263,-0.01601669126749559,0.025732260520741866,-0.027528524986995574,-0.00657719912613724,0.008003362806305415,0.015209577063986835,-0.05037042462351606,0.059288733696709804,-0.05924818439411824,-0.06512337961884167
250,0,0.16206727599863602,0.709643645821936,0.3140354259642664,-0.5253488801119267,0.19694497756037277,0.5049716344924691,1.008841019310828,-0.6373270687817657,0.27921619702847067,0.1982152651535394,-0.26899189303643206,0.07374055777264124,-0.37275135247940744,-0.8583476216939543,0.47063246252659763,0.26031761669627357,0.41207177471904155,-0.41776306543614894,-0.04330539145278946,0.6025885243088173,0.372243878986534,-0.4802480778870235,0.05512203844791565,0.40734694978338454,0.5003181028979227,0.4294729599529001,-0.6055120768848729,-0.6688336480685942,-0.0019165539535876575,0.11745993253775042,0.02497543345655671,-0.043252405224383415,0.01601669126749559,0.0019006783339153676,0.06193918122074125,-0.04565349981670026,0.04001681403225497,-0.055365164994295724,-0.07823491484078193,-0.059288733696709804,0.01692805268403335,0.014816803596920437
251,0,-0.604554305437081,0.10183028210783436,1.0187364529542196,-0.3763279881623888,0.2770284338960298,0.5098451686820206,0.6647344569733711,-0.41679745102312143,-0.040918315231024883,0.5934338206799322,0.7455613405152538,0.07374055777264124,-1.261474118391181,-0.2325140602431054,0.33839023972891846,0.12553500329267317,0.4952886754062377,-0.40140711388071304,0.004744682349697324,0.59254904387838,0.42041879771377744,-0.479087395688295,0.047118675641246284,0.4273383256970398,0.5831970994415807,0.4294729599529001,-0.7113124061600835,-0.6911294096715791,-0.13224222279767917,-0.13478261340360037,0.08321690068719621,0.01635595155543587,0.04805007380248677,-0.010039480430437231,0.04817491872724347,0.0011606821987285465,-0.008003362806669365,0.019991375913655234,0.08287899654365799,0.0,-0.10580032927521073,-0.022295761602984864
252,0,0.1812328155345126,0.4999480353405543,0.5099008584658739,-0.5653300950252255,-0.043305391453882,0.40993771779652366,1.1808943004795442,-0.289122409162893,-0.12095194329407902,0.7161474538098593,0.08467279049038345,0.07374055777264124,-0.07651043050881622,0.030660594121221515,0.38438753461506586,0.21442770773585912,0.5456540723352248,-0.3934108708980533,-0.04330539145278946,0.5560462727987726,0.5477382257786337,-0.47405777282713346,0.04711867564124629,0.437362819671032,0.5546181351161815,0.48876169364960986,-0.6351361690819319,-0.5784511461273856,0.04599729488614738,0.08889270444318598,0.05036539692898713,0.00799624298265974,-0.04805007380248678,-0.0365027710796074,0.12731942806485635,0.005029622861161448,0.0,0.010024493973992276,-0.0285789643253992,0.059288733696709804,0.07617623707815159,0.11267826354419348
253,0,0.3728882108934963,0.1215842164285247,1.1731488838681965,-0.45629041798894493,0.03677806488541685,0.5985434909315223,0.4582705195708921,-0.3394186377745075,0.3592498250951643,0.6712100670299029,0.18469916562930128,0.07374055777264124,-0.5843520110298168,-0.10057395202292085,0.38822064252224114,0.28326257117648074,0.5581936053154877,-0.384324231145032,-0.027288700185293856,0.5565823615596243,0.5752667507656294,-0.4825694422844851,0.10314221528683998,0.5022915823646594,0.5301473969125583,0.4294729599529001,-0.6986163666470577,-0.48143636067136314,0.003833107907175315,0.06883486344062159,0.012539532980262846,0.009086639753021302,0.01601669126749559,0.0005360887608515608,0.027528524986995574,-0.008511669457351495,0.0560235396455937,0.06492876269362728,-0.024470738203623128,-0.059288733696709804,-0.06348019756512582,0.09701478545602246
254,0,1.2928341086164439,0.11094748256353759,0.5430632597359829,-0.28546159063217574,-0.043305391453882,0.8787717068297181,0.4582705195708921,-0.46322473897230737,-0.12095194329407902,0.9016582043630875,0.4419098445578972,0.6666278947397393,-1.4307546452315145,-0.7242908272456432,0.4399675992691515,0.262293010128346,0.5652406155853856,-0.3955916644387806,-0.03529704581922374,0.6108735324310284,0.5890310132591272,-0.4659329974360249,0.10314221528683998,0.5722325920452828,0.4960312582491132,0.48876169364960986,-0.7705605905542017,-0.5117755299412462,0.05174695674691036,-0.02096956104813471,0.0070470102698978795,-0.011267433293748574,-0.008008345633929884,0.054291170871404136,0.013764262493497787,0.016636444848460136,0.0,0.06994100968062342,-0.03411613866344508,0.059288733696709804,-0.071944223907144,-0.030339169269883014
255,0,0.7753645411473403,-0.5059830816062673,0.8446338462861057,-0.35088539685391096,-0.043305391453882,0.8353972525428952,0.49268117580463044,-0.5560793148706793,0.1191489408987229,0.7685744050531504,0.197202462521666,0.6666278947397393,-0.41507148418948325,-0.835769635260555,0.43421793740838854,0.15592567147837824,0.6174713975858174,-0.3988628547498695,-0.03529704581922374,0.6160882140138371,0.6200006038694965,-0.4624509508398348,0.10314221528683998,0.5989645759759341,0.4033282427185999,0.48876169364960986,-0.7494005246991577,-0.5473358585738536,-0.005749661860762967,-0.10636733864996777,0.0522307820004318,-0.0032711903110888285,0.0,0.005214681582808645,0.030969590610369406,0.003482046596190047,0.0,0.026731983930651303,-0.09270301553051327,0.0,0.02116006585504395,-0.03556032863260753
256,0,-0.010422579824471123,0.1610920850699399,-0.34506729927929564,-0.663465804357849,0.19694497756037277,1.103928986386132,0.2862172384021759,-0.3239428751247495,-0.20098557136077266,0.4159887549333842,0.3883242864477718,0.07374055777264124,-0.41507148418948325,-1.0495549443018306,0.3939703043830042,0.09863926194832445,0.5548773651884744,-0.4094033568633728,0.004744682349697327,0.6694534133892273,0.5752667507656294,-0.4454276119251318,0.09513885248017062,0.5601340648352937,0.3617101259197392,0.4294729599529001,-0.7113124061600804,-0.5610237628491042,-0.04024763302538441,-0.0572864095300538,-0.06259403239734293,-0.010540502113503403,0.04004172816892106,0.053365199375390235,-0.04473385310386719,0.017023338914702986,-0.008003362806669365,-0.03883051114064035,-0.041618116798860745,-0.059288733696709804,0.0380881185390773,-0.013687904275250472
257,0,-0.1445813565756072,0.3799048960070248,0.7586188679917507,-0.40177057947082534,-0.043305391453882,1.2827876911420273,-0.09229998016901934,-0.44774897632259336,0.039115312835668756,0.5888248579332727,0.9170351264676617,0.6666278947397393,-0.6689922744499986,-0.05682910330820673,0.27514395926046037,0.11231506263189313,0.6280419129906666,-0.40649563214240453,0.012753027983263032,0.7335403879815955,0.5236507664150121,-0.4276304848779432,0.04711867564124629,0.5589818241486288,0.4353009590576419,0.4294729599529001,-0.6393681822529366,-0.4838352717299115,-0.11882634512254375,0.01367580068356867,0.07316454780219211,0.0029077247209683076,0.008008345633565707,0.06408697459236821,-0.0516159843506173,0.017797127047188686,-0.04802017683892433,-0.0011522406866648737,0.0735908331379027,0.0,0.071944223907144,0.07718849111919268
258,0,-0.29790567286283776,-0.1777638652006745,0.44253973088596554,-0.590772686333662,0.2770284338960298,0.7579080589293001,0.3550385508696526,-0.47483156095959284,-0.12095194329407902,0.8146640325197978,0.7634231932186184,0.07374055777264124,-0.37275135247940744,-0.5493114323867867,0.2214804485599406,0.11018771585889224,0.6065899846690611,-0.42575930841880877,0.05279475615181992,0.7589315011090714,0.5030043726747642,-0.4434931415939132,-0.01690822681065282,0.614635049314592,0.39689797574538427,0.3108954925594805,-0.6266721427399108,-0.5339301791290225,-0.0536635107005198,-0.0021273467730008764,-0.021451928321605408,-0.019263676276404185,0.04004172816855689,0.02539111312747592,-0.020646393740247897,-0.015862656715970036,-0.0640269024518991,0.05565322516596325,-0.038402983312257666,-0.11857746739341961,0.012696039513025763,-0.0500949073991111
259,0,0.6987023830036161,0.4254908982855755,0.9265035244217,-0.41630920307568753,0.2770284338960298,0.3919056412952981,1.2841262691807838,-0.4129285103606929,0.1191489408987229,0.7155713334665137,0.6705415591610655,0.6666278947397393,-1.0075533281306657,-0.4745218523261424,0.24256254204940486,0.18266945948179858,0.6186113551294766,-0.46319626420125964,0.1088531755878724,0.7273997349027905,0.6096774069993751,-0.4361421543352903,0.031111950028271513,0.638428819494244,0.4124377875973188,0.3108954925594805,-0.6605282481079774,-0.4851052834667923,0.021082093489464243,0.07248174362290634,0.012021370460415426,-0.03743695578245093,0.05605841943605248,-0.03153176620628076,0.10667303432461091,0.007350987258622943,0.04802017683892433,0.023793770179651934,0.015539811851934492,0.0,-0.0338561053680667,0.04882489566223021
260,0,1.1395097923292132,0.7765031158304609,1.4125399680368385,-0.36542402045873185,0.19694497756037277,0.7023497691685541,0.802377081908349,-0.4284042730104069,0.27921619702847067,0.8060222273697719,0.6901895971347951,0.6666278947397393,-1.0498734598407715,-0.8378863214886815,0.3403067936824626,0.1893554064826511,0.7284618093367337,-0.44720377823594015,0.10885317558787241,0.7471375483703991,0.5890310132591272,-0.4152498747581544,0.031111950028271513,0.6992095157158673,0.5083559366144416,0.3701842262561903,-0.7282404588441138,-0.4830591534462651,0.09774425163305772,0.006685947000852499,0.10985045420725721,0.015992485965319485,0.0,0.0197378134676085,-0.020646393740247893,0.02089227957713588,0.0,0.06078069622162326,0.09591814901712273,0.059288733696709804,-0.0677122107361364,0.0020461300205272814
261,0,0.7945300806832168,1.5165158861523975,0.42492220521120905,-0.4708290415938071,-0.12338884778953907,1.1268345970769975,1.008841019310828,-0.47870050162206534,0.19918256896541653,1.072189825989594,0.32044924617494824,-0.5191467791944568,-0.33043122076933157,-0.7856747278614615,0.48021523229449237,0.3308239668871074,0.6690803845624327,-0.456653883579082,0.06881144741931552,0.8088364912098968,0.6234416694928728,-0.42144017981804877,0.055122038447915654,0.7470851162468334,0.465844727180411,0.31089549255948046,-0.6351361690819288,-0.5383752202081007,0.13990843861202978,0.14146856040445632,-0.05938142477430105,-0.00945010534314183,-0.04004172816855689,0.06169894283949769,0.03441065623374569,-0.006190305059894391,0.02401008841964414,0.047875600530966164,-0.042511209434030556,-0.059288733696709804,0.09310428976218495,-0.05531606676183561
262,0,0.7753645411473403,-0.3768227418170345,0.6280419129906712,-0.5798687186300463,0.03677806488541685,0.9206841008597374,-0.09229998016901934,-0.6141134248071507,-0.2810191994238268,0.7363116658264814,0.54015003442645,0.6666278947397393,-0.03419029879874035,-0.24733086384004085,0.5396284048557751,0.2431468891713485,0.6808944900149124,-0.4581077459395641,0.0768197930532454,0.8599111295162182,0.49612224142801653,-0.4539392813824746,0.03911531283494087,0.7491015374484956,0.5113924515740176,0.3701842262561903,-0.6309041559109213,-0.5661743660042269,0.05941317256128278,-0.08767707771575887,0.01181410545247974,-0.0014538623604820832,0.008008345633929884,0.05107463830632138,-0.12731942806485635,-0.03249910156442577,-0.016006725612974778,0.002016421201662211,0.04554772439360666,0.059288733696709804,0.004232013171007586,-0.027799145796126235
263,0,0.6220402248601098,1.6927817616294996,0.8850505228340696,-0.5398875037167475,0.11686152122107392,0.41529860540503927,-0.02347866770154264,-0.4206663916855499,-0.2810191994238268,0.8740044278830782,0.9599035729557558,0.6666278947397393,-0.5843520110298168,-1.2344122082253024,0.5645436062524365,0.400266643691446,0.6520846539114997,-0.4664674545123444,0.0848281386868111,0.8415866409635699,0.447947322700773,-0.4620640567735788,-0.024911589616958236,0.7693809735338132,0.5889128923066631,0.4294729599529001,-0.6309041559109213,-0.6795581916244651,0.02491520139666135,0.15711975452009747,-0.02880983610341269,-0.008359708572780261,0.008008345633565707,-0.0183244885526483,-0.04817491872724348,-0.008124775391104243,-0.0640269024518991,0.020279436085317525,0.07752044073264545,0.059288733696709804,0.0,-0.11338382562023815
264,0,0.04707403878337651,1.2703514738481685,0.4321764804890403,-0.2672883111261083,0.2770284338960298,0.9723435632687714,0.3550385508696526,-0.327811815787178,-0.040918315231024883,0.8140879121764523,0.5008539584790226,0.6666278947397393,-0.880592933000408,-0.6995961545841175,0.4399675992691298,0.5162070428199091,0.6409959759868055,-0.4646501265617376,0.1168615212218023,0.8509438266074753,0.437624125830649,-0.44852276445506584,-0.01690822681065282,0.7606239443151497,0.5948073036987755,0.4294729599529001,-0.5758879846878106,-0.6770887243583126,-0.12457600698330673,0.1159403991284631,-0.011088677924694262,0.0018173279506067453,0.03203338253499118,0.00935718564390533,-0.010323196870123952,0.013541292318512938,0.008003362806305415,-0.008757029218663526,0.0058944113921125365,0.0,0.05501617122311066,0.0024694672661525695
265,0,1.9252969133010247,0.12310374983780857,0.07982596699407546,-0.5725994068276359,-0.2034723041288379,1.2618314941271063,0.42385986333715375,-0.5135209675839219,0.3592498250951643,0.8993537229897054,0.49013684685699116,0.6666278947397393,-0.37275135247940744,-1.159622628164658,0.5549608364844982,0.5791157259643167,0.5645151880576025,-0.48682152755911,0.10084482995430669,0.8935872507658964,0.4307419945839014,-0.4442669297263901,0.007101861608991317,0.7737018761088051,0.624100742132308,0.4294729599529001,-0.571655971516803,-0.7094740236487229,0.11499323721536844,0.06290868314440759,-0.07648078792920303,-0.02217140099737249,-0.01601669126749559,0.04264342415842111,-0.006882131246747669,0.004255834728675745,0.024010088419644138,0.013077931793655495,0.029293438433532513,0.0,0.004232013171007581,-0.0323852992904103
266,0,0.20039835507038917,0.232510155306351,1.0674437298197048,-0.5580607832228149,0.11686152122107392,1.4850393600077525,0.11416395723343523,-0.4245353323479784,0.3592498250951643,0.9500523132030123,0.647321150646701,1.2595152317068374,-1.0921935915508474,-0.8534086871616592,0.5760429299739842,0.5862575329879578,0.7057662909675024,-0.4762810254456066,0.0928364843203768,0.9316982881280584,0.4135366664670273,-0.454326175448713,0.06312540125458502,0.827108231935768,0.650000428552201,0.5480504273463197,-0.6393681822529395,-0.6898593979347056,0.021082093489486028,0.007141807023641108,0.14125110290990003,0.010540502113503403,-0.008008345633929884,0.03811103736216206,-0.017205328116874065,-0.01005924572232289,0.0560235396455937,0.053406355826962806,0.025899686419892924,0.11857746739341961,-0.06771221073613641,0.01961462571401714
267,0,0.7178679225397105,1.378238345907427,0.2974542253292001,-0.6998123633699425,0.19694497756037277,0.687729166599988,1.2841262691807838,-0.47870050162206534,0.19918256896541653,0.5675084052299594,0.8563048272761714,0.6666278947397393,-0.11883056221889209,-0.08434602427390106,0.6622878578855159,0.6860908779779981,0.6596498267012474,-0.5060852038355184,0.1168615212218023,0.8721924356738544,0.5511792914020076,-0.4574213279786602,0.0791321268675598,0.8249765866654366,0.6439273986330519,0.5480504273463197,-0.5843520110298288,-0.6926110900312751,0.08624492791153178,0.09983334499004022,-0.04611646426625506,-0.02980417838991171,0.02402503690142548,-0.059505852454203936,0.1376426249349803,-0.0030951525299471984,0.016006725612974775,-0.0021316452703313282,-0.006073029919149031,0.0,0.05501617122311066,-0.002751692096569433
268,0,0.3537226713576197,0.6625381101340668,0.905777023627873,-0.40903989127323576,0.03677806488541685,1.0123065436229346,0.6303238007396083,-0.38197698506126493,-0.20098557136077266,0.5836397748432677,0.9438279055227244,0.6666278947397393,-1.1768338549709991,-0.9401928225150452,0.7274506923075619,0.7701210755114721,0.7059735559754382,-0.4879119243294757,0.09283648432074099,0.8976322841432178,0.5787078163890033,-0.4481358703888275,0.07112876406089043,0.8018741608977835,0.6619678698634626,0.6073391610430295,-0.6647602612789879,-0.731699229044101,0.06516283442204575,0.08403019753347414,0.04632372927419075,0.01817327950604262,-0.024025036901061298,0.025439848469363445,0.027528524986995567,0.00928545758983279,-0.008003362806669365,-0.023102425767653013,0.018040471230410603,0.059288733696709804,-0.08040825024915917,-0.03908813901282585
269,0,-0.18291243564736037,0.9284564567589864,0.9700291760887343,-0.5616954391240202,-0.12338884778953907,1.1234231231443381,0.4582705195708921,-0.5212588489087788,-0.040918315231024883,0.6216637175032347,1.4778973013536143,0.6666278947397393,-1.2191539866811052,-1.0834219239519294,0.6392892104424641,0.8204176313588132,0.7103261211421417,-0.5024505479343091,0.0527947561521841,0.9707840323281218,0.49612224142801403,-0.458968904243636,0.055122038447915654,0.7924833993014557,0.7427034440827175,0.6073391610430295,-0.685920327134032,-0.7925892362066798,-0.08816148186509765,0.050296555847341086,0.004352565166703426,-0.014538623604833267,-0.04004172816855689,0.073151748184904,-0.08258557496098917,-0.010833033854808594,-0.016006725612974778,-0.009390761596327901,0.08073557421925488,0.0,-0.02116006585504395,-0.060890007162578696
270,0,0.6795368434677395,0.709643645821936,0.1710225704868813,-0.6598311484566437,0.19694497756037277,1.3285989125236701,1.2497156129470453,-0.4361421543353079,0.1191489408987229,0.7374639065131726,0.4419098445578972,0.07374055777264124,-0.880592933000408,-1.6845608127412526,0.5932919155563168,0.8137316843579608,0.586174381387146,-0.5318912607341002,0.0527947561521841,1.0334089466636336,0.5408560945318837,-0.4597426923761262,0.039115312834940866,0.7856275672157957,0.7178754688250277,0.5480504273463197,-0.6689922744499956,-0.8772566853319368,-0.04599729488614738,-0.006685947000852499,-0.12415173975499572,-0.029440712799791185,0.0,0.06262491433551161,0.044733853103869625,-0.0007737881324900997,-0.016006725612974775,-0.00685583208565993,-0.02482797525768979,-0.059288733696709804,0.016928052684036354,-0.08466744912525712
271,0,0.6795368434677395,1.1411911340589358,1.3938861173223918,-0.39813592356962013,0.43719534657098574,0.8056686939867105,0.59591314450587,-0.37037016307393544,0.3592498250951643,1.2219811152561848,0.5508671460484815,1.2595152317068374,-1.0075533281306657,-1.4827700589927189,0.581792591834769,0.7761992091486146,0.6830707725982641,-0.5246219489316816,0.10885317558823657,1.0012923563546048,0.4995633070513879,-0.44890965852131315,0.05512203844791565,0.8006066961424547,0.7409172588123811,0.7259166284364491,-0.736704485186129,-0.9469662184450625,-0.011499323721547739,-0.037532475209346175,0.09689639121111827,0.007269311802418699,0.05605841943605248,-0.032116590309028706,-0.04129278748049579,0.01083303385481299,0.016006725612974775,0.014979128926659091,0.023041789987353328,0.17786620109012943,-0.0677122107361334,-0.06970953311312574
272,0,1.0053510155780772,0.4482838994248681,0.2674007991781615,-0.648927180753028,0.43719534657098574,0.9362794102662315,1.112072988012043,-0.5019141455966363,-0.040918315231024883,1.003055384789649,0.7187685614601911,0.6666278947397393,-0.41507148418948325,-0.524616759725236,0.6047912392778427,0.8587098732728048,0.6470066612170132,-0.5315277951439796,0.14889490375679348,1.0028518872952543,0.6200006038694942,-0.4376897306002617,0.07913212686719584,0.8272810680387715,0.7587791115157551,0.7259166284364491,-0.7747926037252033,-0.974694808033582,0.022998647443073682,0.08251066412419025,-0.03606411138125097,-0.006905846212298172,0.04004172816855689,0.0015595309406494118,0.12043729681810625,0.011219927921051443,0.024010088419280193,0.026674371896316763,0.017861852703374103,0.0,-0.03808811853907429,-0.027728589588519516
273,0,0.6412057643959863,0.33431889372847406,0.9762471263268754,-0.5507914714204045,0.19694497756037277,1.0269271461915006,0.4582705195708921,-0.5754240181828657,0.19918256896541653,0.9581179980096927,0.590163221995909,0.07374055777264124,0.13509022804159318,-0.46041061080524914,0.6067077932314303,0.7228635864827023,0.6561263215662938,-0.5326181919143453,0.15690324939072336,1.0640147413739005,0.6681755225967376,-0.4531654932499933,0.12715230370612018,0.835692425051433,0.7218050764197704,0.6666278947397394,-0.7028483798180623,-0.8972946482915767,0.0019165539535876519,-0.13584628679010255,0.009119660349280578,-0.001090396770365698,0.008008345633929884,0.061162854078646134,0.04817491872724348,-0.015475762649731578,0.04802017683892433,0.008411357012661446,-0.03697403509598468,-0.059288733696709804,0.071944223907141,0.07740015974200533
274,0,1.3503307272240734,-0.11546299541996664,0.8280526456510394,-0.48173300929742274,0.3571118902353287,0.9718562098498074,1.525000862817001,-0.5676861368579648,0.19918256896541653,0.9471717114863895,1.2689136247241122,0.6666278947397393,-0.8382728012903321,-0.6276288228276419,0.7370334620755,0.5842821395558888,0.6957139380824937,-0.5540626617314769,0.16491159502465325,1.063966006032004,0.7851717537914725,-0.47715292535707193,0.15116239212576432,0.8490008049824267,0.7986110430442794,0.6666278947397394,-0.6986163666470547,-0.8900979151159291,0.13032566884406968,-0.1385814469268135,0.039587616516199915,-0.021444469817131447,0.008008345633929886,-4.873534189639983e-05,0.11699623119473486,-0.023987432107078675,0.02401008841964414,0.013308379930993718,0.07680596662450896,0.0,0.004232013171007587,0.007196733175647563
275,0,0.6987023830036161,0.38294396282559257,1.4674651951404647,-0.736158922382036,0.19694497756037277,1.2389258834362404,0.32062789463591423,-0.5135209675839219,-0.040918315231024883,1.1522705537128943,1.0170615016065478,0.6666278947397393,-0.6689922744499986,-0.9239648947660254,0.6143740090457592,0.6102661608546671,0.8344778608971326,-0.5704186132869169,0.20495332319357434,1.0616754449629173,0.7748485569213486,-0.47715292535707193,0.1111455780931454,0.8742924880547458,0.851303508519235,0.6666278947397394,-0.7282404588441138,-0.8665321417760659,-0.12265945302974086,0.025984021298778397,0.13876392281463892,-0.016355951555440007,0.04004172816892106,-0.002290561069086583,-0.010323196870123952,0.0,-0.04001681403261892,0.025291683072318893,0.05269246547495567,0.0,-0.02962409219705912,0.02356577333986326
276,0,0.08540511785512968,1.5529846879752451,0.8011081946190713,-0.547156815519158,-0.283555760464495,1.2857118116558115,0.9056090506095885,-0.5251277895712073,0.6793843373546599,1.045688290196328,0.604452704158607,0.07374055777264124,-1.303794250101257,-1.0220380233361361,0.6028746853242332,0.7423136141215566,0.8078443073770692,-0.5693282165165512,0.16491159502501743,1.0417426901277234,0.8539930662589639,-0.4872121710793949,0.14315902931909494,0.8838560857540771,0.8470166638704256,0.5480504273463198,-0.7494005246991547,-0.8833950753935136,-0.011499323721525949,0.13204745326688944,-0.026633553520063347,0.001090396770365698,-0.04004172816855689,-0.0199327548351941,0.07914450933761533,-0.01005924572232289,0.032013451225949556,0.009563597699331572,-0.004286844648809407,-0.11857746739341961,-0.021160065855040953,-0.016862933617447694
277,0,-0.010422579824471123,0.7673859153747576,1.3638326911713532,-0.6561964925554385,0.11686152122107392,1.3407827479975047,1.2153049567132825,-0.5328656708961083,0.43928345315821843,1.346423109416096,1.4653940044612495,1.2595152317068374,-1.8116358306222875,-1.293679422612994,0.530045635087815,0.6812283710682896,0.9144821539612845,-0.5649666294351008,0.15690324939108752,1.107048048267475,0.8471109350122138,-0.4926286880067991,0.16716911773837512,0.9617475561726909,0.9079255815889334,0.6073391610430295,-0.9186810515394944,-1.0043284152274228,-0.07282905023641817,-0.06108524305326694,0.10663784658421531,0.004361587081450391,-0.008008345633929884,0.06530535813975168,-0.006882131246750123,-0.005416516927404291,0.02401008841928019,0.07789147041861368,0.0609089177185078,0.05928873369670982,-0.16928052684033953,-0.12093333983390928
278,0,1.2736685690805671,-0.0014979897235725935,0.7078389410468852,-0.6961777074687372,0.3571118902353287,1.419734001867992,0.7679664256746106,-0.5173899082463503,0.43928345315821843,0.9702165252196869,0.7669955637593168,1.8524025686739354,-0.9652331964205898,-0.9952266644464589,0.6220402248601098,0.6148247610825257,0.8946883457031858,-0.593680411054651,0.18893663192607874,1.1477907940919807,0.8608751975057138,-0.5061699803253077,0.23119602019027424,1.0004052312103329,0.8902423474125927,0.7259166284364491,-0.8975209856844535,-1.0098317994205641,0.09199458977229474,-0.06640360998576395,-0.01979380825809879,-0.028713781619550145,0.03203338253499118,0.040742745824505745,0.013764262493500235,-0.01354129231850854,0.0640269024518991,0.03865767503764193,-0.017683234176340767,0.11857746739341961,0.021160065855040933,-0.005503384193141369
279,0,1.2736685690805671,1.0181089279068385,0.6933303904911993,-0.6089459658397294,0.2770284338960298,1.1711837582017484,0.7679664256746106,-0.5057830862590649,-0.040918315231024883,1.3176170922494481,0.7705679342999833,0.6666278947397393,-1.1768338549709991,-1.0410881993892995,0.7676983253329025,0.6237900081973109,0.8670184671434324,-0.5984054637262217,0.22897836009463562,1.1525668575977217,0.8918447881160858,-0.5046224040603363,0.23119602019027424,1.070000568684954,0.8195094107072297,0.7259166284364491,-0.8932889725134429,-1.0055984269643012,0.14565810047279276,0.008965247114785213,-0.027669878559753502,-0.004725052671570917,0.04004172816855689,0.004776063505741024,0.03096959061037185,0.0015475762649713952,0.0,0.06959533747462135,-0.0707329367053631,0.0,0.0042320131710106065,0.004233372456262985
280,0,0.2770605132141134,0.6458232426319442,0.686076115213368,-0.5544261273216098,0.11686152122107392,1.3276242056857421,0.8711983943758257,-0.5444724928833938,0.43928345315821843,1.1130943703662362,0.8384429745728068,1.2595152317068374,-1.557715040361772,-0.35951523393099477,0.7274506923075399,0.6174079678783116,0.918523821616081,-0.5878649616127184,0.22097001446070572,1.1524693869139289,0.8539930662589639,-0.5154554379151448,0.26320947141622375,1.1075636150702606,0.8591627237087206,0.8444940958298688,-0.9610011832495793,-0.8730938690832755,-0.040247633025362606,-0.006382040318999171,0.051505354472648666,0.010540502113503391,-0.008008345633929884,-9.747068379279966e-05,-0.037851721857121955,-0.010833033854808594,0.03201345122594955,0.03756304638530635,0.039653313001490956,0.11857746739341961,-0.06771221073613641,0.13250455788102578
281,0,-0.4512299891498504,-0.10330672814569568,1.2871446382342098,-0.48173300929742274,0.03677806488541685,0.9635712017275962,1.008841019310828,-0.47870050162206534,0.19918256896541653,1.4138291895860569,1.2224728076953515,0.6666278947397393,-0.6689922744499986,-0.6586735541735721,0.614374009045781,0.49295818165784855,0.9078496737072627,-0.5962246701854987,0.18092828629214883,1.1682596376880174,0.8952858537394597,-0.5262884717699579,0.247202745803249,1.1267484225032478,0.9263232898734076,0.785205362133159,-0.9271450778815126,-0.7906842186013607,-0.11307668326175899,-0.12444978622046314,-0.0106741479088182,-0.008359708572780261,-0.04004172816855689,0.015790250774088577,0.04129278748049579,-0.01083303385481299,-0.016006725612974775,0.019184807432987207,0.06716056616468699,-0.05928873369670982,0.0338561053680667,0.08240965048191468
282,0,0.29622605274999,-0.4269673443234368,0.9119949738660376,-0.48173300929742274,0.3571118902353287,1.2740153296009409,0.5615024882721316,-0.4245353323479784,0.1191489408987229,1.0439599291662913,1.1188740620157671,1.2595152317068374,-0.33043122076933157,-0.5528392427669976,0.5434615127629723,0.4054330572830181,0.9723090911760505,-0.5795052530399383,0.17291994065858313,1.2020332296214884,0.8402288037654685,-0.518550590445092,0.2632094714162238,1.1308388769409121,0.9663338399289652,0.8444940958298688,-0.9186810515394972,-0.793506466905537,-0.07091249628280871,-0.08752512437483048,0.06445941746878761,0.01671941714556053,-0.008008345633565705,0.03377359193347094,-0.05505704997399115,0.0077378813248657865,0.016006725612974778,0.004090454437664226,0.040010550055557606,0.05928873369670982,0.00846402634201517,-0.002822248304176156
283,0,1.0820131737215835,0.21883435462279616,1.5700613740698859,-0.7070816751723529,0.03677806488541685,1.1697216979448564,0.7679664256746106,-0.3935838070485504,0.43928345315821843,1.335476822892793,1.154597767422528,0.6666278947397393,-0.6266721427399228,-1.9533799637139417,0.5875422536955319,0.39388460337245024,1.0316905159503513,-0.5951342734151329,0.15690324939108752,1.216312684796824,0.8711983943758403,-0.5003665693316606,0.287219559835504,1.168574759429222,1.0227772944716271,0.9037828295265786,-0.9948572886176489,-0.9428034021964061,0.04408074093255972,-0.011548453910567791,0.05938142477430105,-0.015629020375194834,-0.01601669126749559,0.014279455175335576,0.03096959061037185,0.01818402111343153,0.02401008841928019,0.03773588248831002,0.056443454542661906,0.059288733696709804,-0.0761762370781516,-0.14929693529086924
284,0,0.8711922388267233,1.5575432882030966,0.9949009770413221,-0.44538645028532925,0.11686152122107392,1.3597895313366584,1.0432516755445664,-0.5986376621574367,0.19918256896541653,1.0335897629863338,0.5705151840221794,0.6666278947397393,-1.261474118391181,-1.060138375442488,0.5396284048557969,0.5611852317347565,1.0483753490893797,-0.5914996175139237,0.13287821248966208,1.255106016945509,0.8230234756485968,-0.5034617218616078,0.287219559835504,1.1772165645792163,0.9529374504014336,0.9037828295265784,-1.0371774203277337,-0.9860543574578907,-0.04791384883973502,0.16730062836230633,0.016684833139028264,0.0036346559012093494,-0.02402503690142548,0.0387933321486851,-0.048174918727243464,-0.0030951525299471984,0.0,0.00864180514999443,-0.06983984407019328,0.0,-0.0423201317100849,-0.04325095526148461
285,0,1.9636279923727777,1.6016097570723635,0.8923047981119008,-0.4890023210998332,0.03677806488541685,1.0366742145706038,0.9400197068433268,-0.5057830862590649,0.519317081224912,1.3245305363694373,0.6741139297017638,1.2595152317068374,-1.0498734598407715,-1.384696930422633,0.666120965792713,0.6830518111594337,0.9908593093865232,-0.5667839573857034,0.11686152122216646,1.2348808500589454,0.8849626568693381,-0.5026879337291221,0.34324309948109766,1.1944425628448707,0.9186426932109555,0.9630715632232884,-1.075265538866811,-1.0321275610235516,0.12649256093691616,0.12186657942467709,-0.05751603970285639,0.024715660128220275,-0.01601669126749559,-0.020225166886563662,0.061939181220741255,0.0007737881324856976,0.05602353964559369,0.017225998265654296,-0.034294757190478406,0.05928873369670982,-0.03808811853907729,-0.04607320356566077
286,0,0.44955036903700263,1.312898409308186,1.4861190458549112,-0.44538645028532925,0.03677806488541685,1.2788888637904037,0.802377081908349,-0.4864383829469223,-0.040918315231024883,1.060091298779652,1.4725387455425827,0.6666278947397393,-1.3884345135214387,-1.0876552964082074,0.7025354909109004,0.6590431832927278,1.0593603945101073,-0.5566069208623206,0.14889490375715767,1.2341985552724046,0.8746394599992142,-0.4988189930666935,0.2712128342225292,1.195882863703203,1.005451297349353,1.0223602969199983,-1.0837295652088295,-1.0386892883307586,0.036414525118187296,-0.024008627866705923,0.06850108512358398,0.01017703652338287,0.03203338253499118,-0.0006822947865407824,-0.010323196870123952,0.0038689406624284996,-0.07203026525856847,0.0014403008583323996,0.08680860413839757,0.059288733696709804,-0.008464026342018172,-0.0065617273072071216
287,0,1.235337490008814,0.750671047872635,1.497518621291503,-0.619849933543345,0.5973622592459417,1.442639612558769,1.008841019310828,-0.6566717720939081,0.43928345315821843,1.2444498086461893,0.3865381011774385,1.8524025686739354,-1.0921935915508474,-1.0495549443018306,0.827111497894229,0.6573716965425155,1.0727289875221222,-0.5529722649611112,0.19694497755964444,1.2443842417285311,0.8539930662589688,-0.5111996031864735,0.2712128342225292,1.1856855336262124,0.8975657070209719,1.081649030616708,-1.0117853413016853,-1.0142768404996423,0.12457600698332852,-0.0016714867502122589,0.013368593012014984,0.0036346559012093494,0.04805007380248678,0.010185686456126431,-0.02064639374024546,-0.012380610119779988,0.0,-0.010197330076990686,-0.1078855903283811,0.0592887336967098,0.07194422390714401,0.024412447831116336
288,0,1.4653239644395508,1.8933601716551434,1.2239288108130622,-1.023296738577496,0.2770284338960298,1.5737376822572542,0.49268117580463044,-0.826905161240938,0.43928345315821843,1.523292054819351,1.0527852070133088,1.2595152317068374,-0.6266721427399228,-1.4157416617685632,0.8462770374301274,0.8468575126803872,1.1243379744987398,-0.5856841680719871,0.18893663192571455,1.2597846097674572,0.8264645412719707,-0.5421511284859323,0.27121283422252923,1.240993086586179,0.9261446713463709,1.0223602969199983,-0.9779292359336186,-1.0563283402318528,0.01916553953589837,0.18948581613787158,0.0516089869766177,-0.032711903110875885,-0.008008345633929886,0.015400368038926216,-0.027528524986998017,-0.03095152529945877,0.0,0.0553075529599664,0.028578964325399202,-0.0592887336967098,0.0338561053680667,-0.04205149973221043
289,0,0.4112192899652495,1.0120307942697029,0.5948795117205387,-0.5580607832228149,0.11686152122107392,1.0941819180071173,1.008841019310828,-0.6179823654695792,0.27921619702847067,1.1989363015228873,1.0706470597166733,1.2595152317068374,-1.1768338549709991,-2.3160388708004636,0.7600321095185956,0.8462496993166735,1.1144928866216737,-0.5805956498102957,0.17291994065821895,1.2520844257479942,0.8505520006355924,-0.5533710564069837,0.30322628544847874,1.2291250075135227,0.9561525838880399,1.0816490306167081,-0.9779292359336186,-1.183823407372969,-0.08624492791153177,-0.0006078133637135608,-0.009845087877066061,0.005088518261691444,-0.01601669126749559,-0.007700184019463108,0.024087459363621732,-0.01121992792105143,0.032013451225949556,-0.01186807907265608,0.030007912541669002,0.05928873369670982,0.0,-0.1274950671411164
290,0,1.5419861225830573,0.951249457898279,1.0985334810104335,-0.754332201888062,0.5973622592459417,1.5381608826736786,1.2153049567132825,-0.6025066028198652,0.27921619702847067,1.6534952524125606,1.2689136247241122,0.6666278947397393,-1.557715040361772,-1.578020939258636,0.8865246704554899,0.8767923208433069,1.1557386232013804,-0.6005862572669408,0.22097001446070572,1.273138093446788,0.8849626568693381,-0.5591744674006309,0.28721955983550396,1.283165095718155,0.9991996489031706,1.0223602969199983,-0.9779292359336186,-1.3056739779057334,0.1264925609368944,0.030542621526633472,0.04124573657970655,-0.019990607456645226,0.04805007380248678,0.021053667698793643,0.03441065623374569,-0.00580341099364714,-0.016006725612974775,0.05404008820463244,0.04304706501513054,-0.05928873369670982,0.0,-0.12185057053276412
291,0,1.1778408714009665,0.3631900285049022,1.0798796302959868,-0.725254954678379,0.3571118902353287,1.4051133992993372,0.7679664256746106,-0.5483414335458223,0.27921619702847067,1.3181932125927935,1.4546768928392182,1.2595152317068374,-1.303794250101257,-0.9895821678381217,1.0494317565105715,0.9234419965083669,1.135012122407558,-0.6249384518050365,0.2530033969956969,1.317292313203962,0.8608751975057164,-0.5661385605930065,0.2952229226418094,1.2736014980188286,1.0224200574175573,1.081649030616708,-1.0414094334987445,-1.3387648392721883,0.1629070860550817,0.04664967566505979,-0.0207265007938223,-0.024352194538095624,0.03203338253499118,0.044154219757174096,-0.024087459363621732,-0.006964093192375698,0.008003362806305415,-0.009563597699326331,0.02322040851438667,0.05928873369670982,-0.06348019756512582,-0.03309086136645496
292,0,0.1812328155345126,0.7765031158304609,0.9016317234691124,-0.5108102565071059,-0.2034723041288379,1.8890553443200617,1.5938221752844777,-0.5986376621574367,0.6793843373546599,1.414981430272748,0.9795516109294536,0.6666278947397393,-0.7536325378701804,-1.0622550616706146,1.037932432789024,1.0437890425237568,1.1339757973678657,-0.6278461765260047,0.19694497755928025,1.378796314675874,0.964107166206951,-0.5835487935739525,0.3512464622874031,1.3107036481294745,1.0084878123089258,1.0223602969199983,-1.0837295652088295,-1.3897064211625498,-0.011499323721547739,0.12034704601538977,-0.0010363250396925206,-0.0029077247209683132,-0.056058419436416665,0.06150400147191208,0.1032319687012346,-0.017410232980945833,0.0560235396455937,0.03710215011064566,-0.013932245108631346,-0.05928873369670982,-0.04232013171008488,-0.0509415818903617
293,0,-0.470395528685727,1.5696995554773676,1.335851915099695,-0.5289835360131319,0.7575291719208976,1.5362114689978223,0.5615024882721316,-0.5444724928833938,0.759417965417714,1.355064914566122,1.2403346603987162,1.2595152317068374,-1.980916357462621,-1.0502605063778727,0.8826915625482927,1.1788755626092138,1.1105548514708468,-0.6100363626100826,0.2690200882628283,1.4154452917811706,0.943460772466703,-0.5986376621574367,0.38325991351335265,1.3126624572968075,1.0170615016065447,1.0816490306167081,-1.2191539866810992,-1.299394475428943,-0.15524087024073102,0.13508652008545713,-0.023420945897019086,0.017809813915922103,0.07207511070354808,0.0366489771052966,-0.020646393740247904,-0.015088868583484344,0.032013451225949556,0.001958809167332909,0.008573689297618814,0.05928873369670982,-0.13542442147226982,0.0903119457336069
294,0,1.3886618062958267,1.7064575623130545,0.8487791464448664,-0.5326181919143371,0.2770284338960298,1.3466309890249843,1.2497156129470453,-0.6489338907690512,0.3592498250951643,1.546912988895994,0.7151961909195246,0.6666278947397393,-0.6689922744499986,-1.276745932787932,0.9344385192952032,1.1937669900202095,1.095942668411201,-0.6187595367729835,0.2850367795303239,1.4141294375500033,0.964107166206951,-0.6036672850185981,0.3992666391263274,1.3639947798877734,1.0315296022962792,1.081649030616708,-1.1599058022869808,-1.3210552311634873,0.05174695674691034,0.014891427410995783,-0.014612183059645567,-0.008723174162900787,0.01601669126749559,-0.0013158542311674016,0.020646393740247883,-0.005029622861161443,0.016006725612974775,0.051332322590966026,0.01446810068973452,0.0,0.05924818439411824,-0.0216607557345444
295,0,1.0053510155780772,1.4481368827345542,0.6218239627525066,-0.5980419981361137,0.19694497756037277,1.8666370870482487,0.42385986333715375,-0.8578566865403661,0.3592498250951643,1.4040351437493923,0.661610632809399,0.07374055777264124,-1.8539559623323634,-1.4340862757457096,0.8386108216157331,1.1784197025864285,1.0688945848752618,-0.6296635044766115,0.3010534707978195,1.4971257247977676,0.9124911818563337,-0.6388746450467282,0.38325991351335265,1.371945240625769,1.0302792726070429,0.9630715632232884,-1.24031405253614,-1.325994165695795,-0.09582769767947005,-0.015347287433780932,-0.027048083535939415,-0.010903967703628049,0.01601669126749559,0.08299628724776449,-0.0516159843506173,-0.035207360028130116,-0.016006725612974775,0.007950460737995501,-0.0012503296892364736,-0.11857746739341961,-0.08040825024915918,-0.004938934532307648
296,0,0.7178679225397105,2.48141960104852,0.8860868478737597,-0.6089459658397294,0.7575291719208976,1.6561004100603123,1.1808943004795442,-0.6953611787182371,0.039115312835668756,1.4178620319893709,0.9545450171447242,0.07374055777264124,-0.9652331964205898,-1.6739773816005952,0.8654425769660039,1.2952718217604622,1.0088913650771465,-0.6460194560320515,0.3731285815013676,1.5348468794247587,0.9503429037134531,-0.6597669246238598,0.391263276320022,1.4077223139467407,0.978479899767257,0.9037828295265784,-1.1979939208260553,-1.3846263742150338,0.02683175535027079,0.11685211917403342,-0.06000321979811515,-0.016355951555440014,0.07207511070354808,0.03772115462699086,0.037851721857119526,-0.020892279577131478,0.008003362806669365,0.03577707332097189,-0.05179937283978585,-0.059288733696709804,0.042320131710084884,-0.05863220851923878
297,0,1.2545030295446906,0.8600774533411775,1.282999338075449,-0.7288896105795841,0.8376126282601964,1.8968529990233087,0.9400197068433268,-0.46709367963473586,0.519317081224912,1.4351456422893702,1.152811582152195,1.8524025686739354,-2.3194774111432883,0.11462248117043897,0.8673591309195915,1.3062124623073164,0.987439436755541,-0.6569234237356754,0.3971536184027931,1.5802682180712124,0.9434607724667032,-0.6408091153779425,0.39926663912669136,1.426791897311059,1.0551072478647325,0.9037828295265786,-1.3207223027852992,-1.268208631667807,0.0019165539535876519,0.01094064054685424,-0.021451928321605408,-0.010903967703623906,0.02402503690142548,0.045421338646453965,-0.006882131246750111,0.01895780924591723,0.008003362806669361,0.019069583364318098,0.07662734809747565,0.0,-0.1227283819592441,0.11641774254722696
298,0,0.9095233178984764,1.9191922396130037,0.7441103174360648,-0.590772686333662,0.19694497756037277,1.808642030192771,0.9400197068433268,-0.5173899082463503,0.039115312835668756,1.1902944963728614,1.0938674682310694,1.2595152317068374,-1.68467543549203,-1.6549272055474067,0.811779066265484,1.3087956691031022,0.9394575874178412,-0.613671018511292,0.3891452727692274,1.603758652864764,0.9881946255705728,-0.6098575900784838,0.3592498250944364,1.3934921414664099,1.0592154739865087,0.9037828295265786,-1.42652263206051,-1.292127186045691,-0.05558006465410744,0.0025832067957860306,-0.047981849337699736,0.04325240522438341,-0.008008345633565705,0.023490434793551684,0.04473385310386964,0.03095152529945877,-0.04001681403225497,-0.03329975584464895,0.004108226121776059,0.0,-0.10580032927521073,-0.02391855437788435
299,0,2.2319455458752677,1.0606558633668213,0.5067918833468034,-0.6743697720614645,0.3571118902353287,1.9197586097141746,1.9379287376219347,-0.6644096534187652,0.43928345315821843,1.3458469890727507,1.2617688836427792,1.2595152317068374,-0.6689922744499986,-1.6852663748172947,0.9938516918564859,1.313658176012814,0.9306488245804678,-0.625301917395157,0.4131703096706529,1.68631632203547,1.0811033974016833,-0.6145003188734024,0.37525655070741115,1.4081832102213965,1.0783276563791193,0.9037828295265786,-1.37573847400841,-1.2290499364473744,0.18207262559100182,0.004862506909711839,-0.00880876283737353,-0.01163089888386496,0.02402503690142548,0.08255766917070573,0.09290877183111068,-0.0046427287949186045,0.016006725612974775,0.014691068754986335,0.01911218239261059,0.0,0.05078415805210005,0.06307724959831688
300,0,0.3537226713576197,1.638078558895211,1.4602109198626334,-0.5835033745312515,0.5172788029102846,1.8646876733723925,1.0432516755445664,-0.7069680007055227,0.759417965417714,1.6823012695792086,0.8027192691660459,0.6666278947397393,-0.20347082563907387,-1.6365825915702854,0.8750253467339422,1.3823410861125074,0.9668165684656879,-0.6082190346594759,0.40516196403708715,1.7189690011053416,1.0638980692848117,-0.6249464586619682,0.4232767275463355,1.411063811938061,1.0317082208233126,0.9037828295265784,-1.24031405253614,-1.2349061016785394,-0.11882634512254375,0.0686829100996932,0.03616774388522,0.01708288273568106,-0.008008345633565705,0.03265267906987139,-0.01720532811687161,-0.010446139788565744,0.04802017683892433,0.002880601716664799,-0.04661943555580663,0.0,0.13542442147226982,-0.005856165231164945
301,0,1.1203442527933367,0.9406127240332919,1.522390422244091,-0.8124866963073868,0.03677806488541685,1.7525963870131498,1.2497156129470453,-0.6837543567309516,0.1191489408987229,1.9571106733490564,0.5490809607781482,0.6666278947397393,-0.4997117476096651,-0.5782394775045654,0.8692756848731792,1.4400833556653463,1.011067647660498,-0.6169422088223767,0.37312858150209594,1.7537172998767225,1.1120729880120552,-0.6384877509804812,0.40727000193336077,1.4749555580136873,0.9411486276172056,0.8444940958298688,-1.1599058022869808,-1.1937718326451836,-0.005749661860762978,0.05774226955283897,0.044251079194810417,-0.008723174162900782,-0.03203338253499118,0.03474829877138126,0.048174918727243464,-0.013541292318512931,-0.016006725612974775,0.06389174607562628,-0.090559593206107,-0.05928873369670982,0.08040825024915918,0.04113426903335563
302,0,1.3694962667599502,1.3402500106752957,1.3659053412507336,-0.7616015136904725,0.19694497756037277,1.8846691635494741,1.112072988012043,-0.772739991966895,0.039115312835668756,1.4328411609160403,1.0742194302573398,0.6666278947397393,-0.880592933000408,-1.5596763252815147,0.9881020299957228,1.4964580451498297,1.0574950094386604,-0.6420213345407133,0.41317030967101703,1.7532786817996637,1.063898069284812,-0.6558979839614268,0.34324309948146164,1.4767415310780165,0.9506154095499942,0.8444940958298688,-1.1726018418000037,-1.2435139590062736,0.11882634512254375,0.05637468948448347,0.046427361778162125,-0.025079125718336658,0.04004172816892106,-0.0004386180770587611,-0.048174918727243464,-0.01741023298094583,-0.06402690245189911,0.0017859730643292383,0.009466781932788614,0.0,-0.01269603951302276,-0.04974212636109001
303,0,1.4461584249036743,0.6473427760412281,1.995990965382947,-0.6671004602590541,0.5172788029102846,1.9991972170035373,1.318536925414522,-0.47870050162206534,0.19918256896541653,1.5976115791093009,1.2742721805351438,0.6666278947397393,-0.8382728012903321,-1.5977766773878666,1.179757425354663,1.404222367206216,1.1235089144669854,-0.6558330269653055,0.3891452727699557,1.799577256600235,1.1396015129990509,-0.6493207848352941,0.28721955983623193,1.5009961975323347,0.954009161563637,0.7852053621331591,-1.0583374861827748,-1.2982655761072732,0.1916553953589401,-0.09223567794361395,0.0660139050283252,-0.013811692424592226,-0.0240250369010613,0.04629857480057149,0.07570344371423905,0.006577199126132849,-0.05602353964522975,0.024254666454317887,0.003393752013642759,-0.05928873369670982,0.11426435561722888,-0.054751617100999385
304,0,0.4112192899652495,0.31608449281703305,1.6208413010147513,-0.7506975459868568,0.8376126282601964,1.7072725190504707,1.4217688941157616,-0.5676861368579648,0.5993507092879662,1.747978988719185,1.2689136247241122,1.8524025686739354,-0.7536325378701804,-1.1610337523167673,1.0820131737216054,1.2651850602566137,1.200715129923974,-0.6776409623725576,0.44520369220637235,1.835641409602784,1.1568068411159225,-0.6411960094441854,0.3112296482555121,1.5211027975146538,1.0093809049440958,0.9037828295265784,-1.066801512524793,-1.2866943580601569,-0.09774425163305772,-0.13903730694960215,0.0772062154569885,-0.021807935407251965,0.056058419436416665,0.036064153002548636,0.017205328116871633,0.008124775391108641,0.02401008841928019,0.020106599982319097,0.05537174338045876,0.11857746739341961,-0.008464026342018172,0.011571218047116472
305,0,0.2770605132141134,0.7126827126405038,1.4374117689894261,-0.5689647509264306,0.3571118902353287,1.92024596313305,1.146483644245806,-0.7263127040177091,0.8394515934844077,1.8706926218491122,1.6708053105500533,1.2595152317068374,-1.557715040361772,-0.6692569853142295,1.009184123485209,1.1916396432472085,1.282273910547666,-0.6747332376515892,0.461220383473868,1.8410022972112643,1.2290692192067878,-0.6280416111919197,0.3592498250944364,1.5677685453246255,1.1103003727181613,1.022360296919998,-1.0371774203277337,-1.2102114290170087,-0.07282905023639638,-0.07354541700940505,0.08155878062369196,0.0029077247209683076,0.01601669126749559,0.005360887608480125,0.07226237809086522,0.013154398252265697,0.04802017683892434,0.04666574780997199,0.10091946777406542,0.11857746739341961,0.029624092197059127,0.076482929043148
306,0,1.2736685690805671,2.5634744051499183,1.3203070395043188,-0.8415639435170699,0.2770284338960298,2.124447045674543,0.8367877381420873,-0.6566717720939081,0.5993507092879662,1.7600775159291793,1.4975453393273122,1.2595152317068374,-1.0498734598407715,-1.089771982636334,1.0647641881392946,1.1998451236573484,1.3256959297107218,-0.6979950354193233,0.4131703096713812,1.887836960772687,1.194658562973042,-0.6241726705294868,0.4152733647396662,1.6019900937186065,1.16460040493642,1.1409377643134178,-1.045641446669752,-1.1517908891205826,0.05558006465408566,0.00820548041013982,0.043422019163055915,-0.02326179776773405,-0.048050073802486784,0.04683466356142305,-0.034410656233745694,0.003868940662432896,0.05602353964522975,0.03422154839398084,0.0543000322182588,0.11857746739341961,-0.008464026342018172,0.05842053989642613
307,0,2.4236009412342514,0.8236086515183301,1.5565891485539136,-0.6452925248518229,0.2770284338960298,2.3447307910414934,1.6282328315182406,-0.6914922380558086,0.19918256896541653,2.1253378136022856,1.168887249585226,2.4452899056410335,-2.1925170160130305,-1.707844361250694,1.1816739793082507,1.1961982434750638,1.3530549107585683,-0.6896353268465472,0.35711189023496454,1.9326247399745053,1.2634798754405332,-0.6466125263715942,0.38325991351371663,1.671009310849898,1.1662079716797231,1.2002264980101276,-1.0329454071567263,-1.334037573362696,0.11690979116895608,-0.0036468801822847397,0.027358981047846464,0.008359708572776126,-0.056058419436416665,0.044787779201818465,0.06882131246749137,-0.022439855842107274,-0.03201345122594955,0.06901921713129153,0.0016075667433031126,0.05928873369670982,0.01269603951302578,-0.1822466842421133
308,0,1.0053510155780772,1.812824900963029,1.268490787519763,-0.8015827286037712,0.5172788029102846,2.0742496435224007,1.2841262691807838,-0.4129285103606929,-0.12095194329407902,1.7554685531825198,1.4386012254061868,1.2595152317068374,-1.3884345135214387,-1.1179944656780954,1.1912567490762107,1.1855615096100665,1.4054929577669382,-0.7107163310735581,0.3891452727699557,1.9591855013074688,1.297890531674279,-0.6361663865830283,0.36725318790074185,1.7275267165308636,1.2006813473972349,1.2002264980101276,-1.0033213149596671,-1.2803442993757648,0.009582769767960075,-0.010636733864997461,0.05243804700836983,-0.021081004227010924,0.03203338253499118,0.02656076133296297,0.034410656233745694,0.010446139788565744,-0.016006725612974775,0.05651740568096584,0.034473375717511745,0.0,0.029624092197059127,0.053693273986931134
309,0,0.7370334620755872,1.9374266405244103,1.3907771422033213,-0.9578729323557195,0.8376126282601964,2.364712281218575,1.4217688941157616,-0.5638171961955363,-0.040918315231024883,1.9611435157523704,1.281416921616477,1.2595152317068374,-1.0498734598407715,-1.7487669616612393,1.0417655406962427,1.2732385873258252,1.49389148365259,-0.7390666471029836,0.43719534657244247,2.0036808684579084,1.2462745473236618,-0.6261071408607054,0.3192330110618175,1.789056369198826,1.2026461511946045,1.2002264980101276,-1.0414094334987445,-1.2866943580601593,-0.14949120837996804,0.0876770777157589,0.0883985258856518,-0.028350316029425494,0.04805007380248678,0.04449536715044004,-0.05161598435061732,0.010059245722322896,-0.04802017683892433,0.061529652667961975,0.001964803797369785,0.0,-0.03808811853907729,-0.006350058684394466
310,0,0.16206727599863602,2.4935758683228255,1.3752322666079686,-0.8960837820351895,0.43719534657098574,2.1609985520960464,1.4217688941157616,-0.5792929588452943,0.19918256896541653,2.1829498479355816,1.4886144129756458,1.2595152317068374,-1.0498734598407715,-1.4905312418292076,1.0226000011603442,1.3587883182685867,1.4853936183271235,-0.7703246878533774,0.4291870009385126,2.033311956330274,1.2841262691807813,-0.6133396366746826,0.2632094714165878,1.8391212270344632,1.2712356655755646,1.2595152317068374,-1.1260496969189142,-1.2720892230860512,-0.01916553953589837,0.08554973094276146,-0.00849786532546648,-0.031258040750393803,-0.008008345633929886,0.029631087872365392,0.03785172185711951,0.012767504186022838,-0.05602353964522975,0.0500648578356373,0.06858951438095999,0.05928873369670982,-0.08464026342016977,0.014605134974107781
311,0,1.0436820946498304,0.9968354601768297,2.143149121019069,-0.4926369770010384,0.11686152122107392,2.3164642927422006,1.4905902065832384,-0.7456574073298516,0.519317081224912,2.3264038134254763,1.9476640274523471,1.8524025686739354,-1.4307546452315145,-1.3564744473808965,1.0149337853459937,1.3644105918829406,1.5474694882046214,-0.7383397159227425,0.43719534657207826,2.0896987469031787,1.3082137285444007,-0.6195299417345727,0.30322628544920666,1.8760505410421051,1.4110939722429845,1.3780926991002571,-1.2191539866810992,-1.3499127200736845,-0.00766621581435063,0.0056222736143537785,0.06207586987749782,0.031984971930634834,0.008008345633565707,0.05638679057290508,0.024087459363619314,-0.00619030505989,0.04001681403261891,0.03692931400764199,0.13985830666741988,0.11857746739341961,-0.09310428976218495,-0.0778234969876331
312,1,1.3503307272240734,1.9678173087101223,1.1120057065264057,-0.6961777074687372,0.3571118902353287,2.1146999772955284,1.525000862817001,-0.7340505853425661,0.43928345315821843,2.1362841001255886,1.7386803508228768,1.8524025686739354,-1.9385962257525151,-1.2217120908565184,1.013017231392406,1.4271673216864231,1.5220795247321885,-0.731797335300569,0.45321203783957387,2.1127018282777845,1.3495065160248962,-0.6156610010721397,0.34324309948146164,1.9463948349630598,1.4775400642995382,1.4966701664936768,-1.3249543159563097,-1.316116296631185,-0.0019165539535876742,0.06275672980348265,-0.025389963472432785,0.006542380622173527,0.01601669126749559,0.023003081374605428,0.04129278748049581,0.003868940662432896,0.04001681403225497,0.07034429392095483,0.06644609205655369,0.11857746739341961,-0.10580032927521073,0.033796423442499626
313,1,0.9286888574343529,1.9374266405244103,1.1679672586697456,-0.7870441049989503,0.11686152122107392,2.341319317108834,1.525000862817001,-0.6489338907690512,0.43928345315821843,1.9841883294857203,1.5029038951383438,1.2595152317068374,-1.7269955672021058,-1.1575059419365314,0.9612702746454739,1.5561757081347414,1.4392771540608682,-0.7437916997745587,0.4131703096706528,2.1469140382883145,1.3701529097651444,-0.6326843399868383,0.36725318790074185,1.985052510000702,1.5004032357598582,1.5559589001903864,-1.4138265925474873,-1.2720892230860514,-0.05174695674693214,0.1290083864483182,-0.08280237067132015,-0.011994364473989615,-0.04004172816892107,0.03421221001052965,0.020646393740247904,-0.017023338914698583,0.02401008841928019,0.03865767503764195,0.02286317146032,0.05928873369670982,-0.08887227659117737,0.04402707354513351
314,1,0.8711922388267233,1.4770080175109823,1.1793668341063377,-0.816121352208592,0.03677806488541685,1.914885075524623,1.6970541439857172,-0.7495263479922801,0.6793843373546599,2.2313439567755586,1.5118348214900101,1.8524025686739354,-1.1768338549709991,-0.8654032424544009,1.007267569531621,1.6722680606041362,1.3951297073700268,-0.7503340803967322,0.33308685333317484,2.167675293935729,1.39768143475214,-0.6508683611002699,0.3752565507074112,2.033389006806339,1.5246953554364482,1.5559589001903864,-1.456146724257569,-1.2425261720998146,0.04599729488614738,0.11609235246939494,-0.04414744669084136,-0.006542380622173527,-0.08008345633747796,0.02076125564741522,0.02752852498699556,-0.018184021113431537,0.008003362806669367,0.04833649680563736,0.024292119676589796,0.0,-0.04232013171008188,0.029563050986236638
315,1,0.5453780667166034,1.0302651951811095,1.0373903036686662,-0.6780044279626698,0.43719534657098574,2.0878955392530387,1.662643487751979,-0.6450649501066227,0.5993507092879662,2.48138018578202,0.30794594928258356,1.2595152317068374,-0.7113124061600745,-0.8781033598231849,1.0340993248818702,1.704026308858197,1.355127560837951,-0.761238048100356,0.3410951989667405,2.1844402515477284,1.449297419102757,-0.6427435857091612,0.351246462287767,2.09445776319963,1.388409419309701,1.5559589001903866,-1.3715064608373992,-1.2634108095507102,0.026831755350249,0.031758248254060574,-0.04000214653207599,-0.010903967703623918,0.008008345633565705,0.016764957611998876,0.051615984350617296,0.008124775391108641,-0.024010088419644148,0.06106875639329079,-0.13628593612674697,0.0,0.08464026342016975,-0.020884637450895537
316,1,1.2545030295446906,1.6183246245745206,1.431193818751285,-0.7943134168013607,0.3571118902353287,2.767266205274081,2.31644595619313,-0.6876232973933801,0.519317081224912,2.144925905275614,1.4636078191909163,1.2595152317068374,-2.361797542853364,-1.1306945830468793,1.0321827709282825,1.609511330800657,1.3662162387626477,-0.7565129954287851,0.3491035446006704,2.2487221675076823,1.5972632409078613,-0.6458387382391084,0.34324309948146164,2.1329426021342734,1.3850156672960614,1.5559589001903866,-1.5026988691386587,-1.2675030695917646,-0.0019165539535876519,-0.09451497805753976,0.01108867792469661,0.004725052671570917,0.008008345633929886,0.06428191595995383,0.14796582180510426,-0.0030951525299471984,-0.008003362806305415,0.038484838934643495,-0.0033937520136395837,0.0,-0.13119240830125928,-0.00409226004105454
317,1,1.5803172016548104,2.2124621876050328,2.328651303123775,-0.6271192453457555,0.8376126282601964,2.447562362440686,1.9379287376219347,-0.47483156095959284,0.19918256896541653,2.374221801922108,1.36893999986303,1.2595152317068374,-0.7536325378701804,-0.8371807594126394,0.9478543969703385,1.7483966844093275,1.4434224542196337,-0.7546956674781784,0.40516196403708704,2.2590053246476014,1.6282328315182308,-0.6241726705294868,0.34324309948146164,2.157831000966256,1.405020942323842,1.437381432796967,-1.3588104213243735,-1.1804367094079593,-0.0843283739579441,0.13888535360867027,0.07720621545698617,0.0018173279506067397,0.056058419436416665,0.010283157139919253,0.030969590610369413,0.021666067709621577,0.0,0.02488839883198226,0.0200052750277804,-0.11857746739341961,0.143888447814285,0.08706636018380545
318,1,2.001959071444531,1.5332307536545202,1.8602323851833933,-0.7652361695916777,0.5973622592459417,2.485575929118993,1.869107425154458,-0.6566717720939081,0.5993507092879662,2.3540575899054335,1.4314564843248219,1.2595152317068374,-1.7269955672021058,-1.9209241082159272,1.0475152025569838,1.7204372696784767,1.5025966139859968,-0.7510610115769691,0.4131703096706528,2.3001379532072606,1.686730947115598,-0.6485469967028084,0.4152733647396662,2.217689904638547,1.4043064682157052,1.437381432796967,-1.3926665266924403,-1.2607296736617424,0.09966080558664539,-0.027959414730850885,0.05917415976636302,0.0036346559012093494,0.008008345633565705,0.04113262855965925,0.058498115597367416,-0.024374326173321526,0.07203026525820452,0.059858903672291366,-0.000714474108136498,0.0,-0.03385610536806671,-0.08029296425378318
319,1,1.9061313737649301,1.8903211048365756,1.912048637167949,-0.8815451584303686,0.9176960845958535,2.6230095932638333,2.006750050089436,-0.8617256272027946,0.43928345315821843,2.1846782089655656,1.5922131586551984,1.2595152317068374,-1.68467543549203,-0.9514818157317448,1.1644249937259183,1.715726716109693,1.5547237634824596,-0.743428234184434,0.42117865530421855,2.3259676844117867,1.7452290627129656,-0.6783378398035341,0.4632935415785905,2.2400433739598666,1.4353860919195776,1.437381432796967,-1.4561467242575659,-1.181001159068793,0.1169097911689343,-0.004710553568783471,0.05212714949646278,0.007632777392535084,0.008008345633565705,0.02582973120452583,0.05849811559736744,-0.029790843100725828,0.04802017683892433,0.02235346932131952,0.03107962370387214,0.0,-0.06348019756512584,0.07972851459294945
320,1,1.42699288536758,2.1653566519171985,1.5824972745461916,-0.6307539012469606,0.9176960845958535,2.5396721586228472,2.2820352999593916,-0.8694635085276955,0.43928345315821843,2.677261102515258,1.3903742231070613,2.4452899056410335,-1.7269955672021058,-2.2581827805648813,1.2909175546628127,1.6829047944691304,1.575450264276282,-0.7168952461056112,0.46922872910670527,2.3638350450644667,1.831255703297329,-0.7073548947717743,0.4873036299978707,2.2894744994178344,1.425562072932719,1.5559589001903864,-1.5238589349936995,-1.2577663129423606,0.1264925609368944,-0.032821921640562704,0.0207265007938223,0.026532988078822883,0.04805007380248678,0.03786736065268008,0.086026640584363,-0.02901705496824012,0.02401008841928019,0.04943112545796766,-0.009824018986858451,0.11857746739341961,-0.06771221073613343,-0.07676515387356737
321,1,2.2319455458752677,1.8204225680094483,1.9669738642715753,-0.9433343087508986,0.43719534657098574,2.6215475330070297,1.9035180813881962,-0.7030990600430942,0.519317081224912,2.4796518247520356,1.6440125314949905,2.4452899056410335,-2.742678728244137,-1.4806533727645923,1.4097438997853562,1.765263505252392,1.5578327386015325,-0.7619649792805971,0.5012621116416965,2.3943433690909495,1.8725484907778245,-0.7030990600430986,0.4873036299978707,2.3047993005504903,1.3951969233369832,1.6152476338870962,-1.6550513432949618,-1.27018420548073,0.11882634512254373,0.08235871078326187,-0.01761752567474939,-0.04506973317498602,0.03203338253499118,0.030508324026482913,0.041292787480495786,0.004255834728675745,0.0,0.01532480113265593,-0.030365149595735663,0.05928873369670982,-0.13119240830126228,-0.01241789253836958
322,1,1.0245165551139537,0.9937963933582619,1.5814609495065013,-0.8960837820351895,0.6774457155852405,2.741923827488484,1.5938221752844777,-0.7495263479922801,0.519317081224912,2.435866678658718,1.7243908686601788,1.8524025686739354,-1.600035172071848,-1.42279728252901,1.3771624825743445,1.667861413717206,1.6047782628995422,-0.7819555867372423,0.5332954941766876,2.457065754110245,1.879430622024572,-0.7046466363080699,0.49530699280454005,2.3347575584038034,1.3937679751207135,1.6152476338870965,-1.621195237926895,-1.2902927246479792,-0.03258141721101197,-0.09740209153518604,0.04694552429800956,-0.019990607456645226,0.032033382534991175,0.06272238501929554,0.006882131246747658,-0.0015475762649714065,0.008003362806669361,0.029958257853312943,-0.0014289482162697987,0.0,0.03385610536806671,-0.02010851916724916
323,1,0.967019936506324,2.3932866633099863,2.0270807165736757,-0.7470628900856516,1.1579464536101083,2.8852057326608036,1.5594115190507394,-0.6489338907690512,0.8394515934844077,2.7337208961618633,0.8223673071397755,1.2595152317068374,-2.1501968843029546,-1.431264027441541,1.3809955904815416,1.7134474159957638,1.6906896086899352,-0.7779574652459125,0.6374039874155911,2.511454395665442,1.882871687647946,-0.7046466363080699,0.535323806837159,2.409710815071418,1.3257143163208567,1.6152476338870965,-1.6635153696369798,-1.31766853319848,0.0038331079071971088,0.0455860022785576,0.08591134579039301,0.003998121491329864,0.10410849323890344,0.05438864155519698,0.003441065623373829,0.0,0.040016814032618926,0.0749532566676143,-0.06805365879985684,0.0,-0.042320131710084884,-0.027375808550500945
324,1,1.9061313737649301,1.6547934263973683,2.139003820860309,-0.6998123633699425,0.7575291719208976,2.8315968565759135,1.9035180813881962,-0.8307741019033665,0.519317081224912,2.59141917135866,1.7261770539305121,1.8524025686739354,-1.303794250101257,-1.9286852910524162,1.4844895039753623,1.7312259568844024,1.7866533073653321,-0.7663265663620475,0.7094790981191391,2.603125573770571,1.903518081388194,-0.7127714116991786,0.5193170812241842,2.4457183365297275,1.3471485395649068,1.6152476338870962,-1.6762114091500055,-1.4239967380582816,0.10349391349382069,0.017778540888638596,0.09596369867539711,0.01163089888386496,0.07207511070354808,0.09167117810512906,0.020646393740247904,-0.008124775391108641,-0.01600672561297478,0.03600752145831012,0.0214342232440502,0.0,-0.01269603951302578,-0.10632820485980152
325,1,1.9636279923727777,3.0056586272519397,1.7876896324050104,-0.7216202987771737,0.3571118902353287,2.524076849216353,1.9035180813881962,-0.7379195260049947,0.43928345315821843,2.5315026556520337,1.6243644935212926,1.2595152317068374,-1.4730747769415904,-1.3353075850995817,1.6263144965409797,1.9287653000914855,1.8616832402389665,-0.770688153443498,0.7014707524855734,2.6467437047669025,1.9276055407518153,-0.7220568692890158,0.5033103556112094,2.4507305835167292,1.4787903939887779,1.6152476338870962,-1.7523876462281571,-1.4697171605859212,0.14182499256561742,0.19753934320708302,0.07502993287363442,-0.004361587081450391,-0.008008345633565705,0.043618130996331404,0.024087459363621732,-0.009285457589837199,-0.016006725612974775,0.005012246987001356,0.1316418544238709,0.0,-0.07617623707815159,-0.04572042252763968
326,1,1.3886618062958267,2.096977648499355,2.3390145535207005,-0.7943134168013607,0.7575291719208976,2.760443257408762,1.0432516755445664,-0.5599482555331078,0.3592498250951643,2.542448942175337,1.3117820712122379,1.2595152317068374,-2.023236489172697,-2.1742208935156637,1.6397303742160934,1.9766306024839686,1.952465313715908,-0.770688153443498,0.7415124806541303,2.6460614099803705,1.8002861126869594,-0.7092893651029886,0.48730362999823457,2.4904828872067015,1.4636078191909099,1.6152476338870965,-1.7185315408600907,-1.5740697916327997,0.013415877675113607,0.04786530239248343,0.09078207347694156,0.0,0.040041728168556896,-0.0006822947865319229,-0.12731942806485635,0.012767504186027234,-0.016006725612974775,0.03975230368997229,-0.015182574797867842,0.0,0.033856105368066734,-0.10435263104687845
327,1,1.9444624528369012,2.074184647360097,1.5244630723234711,-0.7216202987771737,0.5172788029102846,2.940764022421461,2.006750050089436,-0.5406035522209653,0.039115312835668756,2.964169033495048,1.610075011358563,1.8524025686739354,-1.9385962257525151,-1.2301788357690493,1.6761448993343024,1.962802848459475,1.8720464906358778,-0.7801382587866398,0.7094790981191392,2.695381575978448,1.8071682439337096,-0.7158665642291259,0.47129690438525984,2.549477610363995,1.4877213203404633,1.674536367583806,-1.8370279096483242,-1.613369599268441,0.036414525118209085,-0.013827754024493589,-0.08041882308003041,-0.009450105343141824,-0.03203338253499118,0.049320165998077495,0.006882131246750123,-0.0065771991261372505,-0.016006725612974775,0.058994723157293996,0.024113501149553285,0.0592887336967098,-0.11849636878823348,-0.03929980763564099
328,1,1.2161719504729374,2.2793216576135924,2.6032774386419297,-0.7070816751723529,0.6774457155852405,2.505557419296075,1.4905902065832384,-0.7843468139541806,0.6793843373546599,2.4744667416620305,2.4352926062544764,1.2595152317068374,-2.3194774111432883,-2.5869747080012795,1.597566187237143,2.0374119388553824,1.9463509959817311,-0.7743228093447072,0.717487443753069,2.697379724996156,1.7693165220765874,-0.7286340684151531,0.4793002671919292,2.561518525539655,1.5881049325334287,1.674536367583806,-1.8962760940424424,-1.679974659246976,-0.07857871209715936,0.07460909039590721,0.07430450534585364,0.005815449441932486,0.00800834563392988,0.0019981490177081616,-0.037851721857121955,-0.012767504186027245,0.008003362806669367,0.012040915175659705,0.10038361219296546,0.0,-0.059248184394118254,-0.06660505997853523
329,1,1.2545030295446906,2.0164423778072407,1.6674759278008564,-0.8015827286037712,0.5973622592459417,2.994860251925315,1.7658754564532184,-0.9739249064133529,0.8394515934844077,3.05346768671172,1.3278577386452692,1.8524025686739354,-1.2191539866811052,-2.070503268337216,1.532403352815119,2.050024066152449,1.921893725045022,-0.7663265663620475,0.685454061218078,2.7345647908623043,1.7452290627129656,-0.739853996336209,0.5193170812245481,2.64839747331427,1.5616693905324357,1.733825101280516,-1.84972394916135,-1.7918768045075233,-0.06516283442202395,0.012612127297066511,-0.024457270936709262,0.00799624298265974,-0.03203338253499118,0.037185065866148156,-0.024087459363621756,-0.011219927921055839,0.040016814032618926,0.08687894777461543,-0.026435542000992917,0.0592887336967098,0.04655214488109247,-0.11190214526054712
330,1,0.7945300806832168,1.2505975395274782,1.7835443322462499,-0.8088520404061816,0.5172788029102846,2.926630773271859,1.318536925414522,-0.9545802031011664,0.9194852215474617,2.6087027816586064,1.4850420424349475,0.6666278947397393,-1.8962760940424392,-1.0008711610548213,1.4691570723466827,1.958548154913477,1.941998430815028,-0.7841363802779696,0.645412333049521,2.773260652327205,1.6488792252584787,-0.7483656657935559,0.5673372580634725,2.6415416412286055,1.5711361724652244,1.5559589001903864,-1.8666520018453832,-1.6661456425565173,-0.0632462804684363,-0.09147591123897203,0.020104705770005827,-0.017809813915922103,-0.04004172816855689,0.03869586146490116,-0.09634983745448696,-0.008511669457347094,0.04802017683892433,-0.006855832085665181,0.009466781932788626,-0.17786620109012943,-0.016928052684033346,0.125731161951006
331,1,1.4653239644395508,0.9937963933582619,1.3824865418858,-0.9033530938375999,0.5973622592459417,2.995834958763243,1.5938221752844777,-1.0203521943625389,0.519317081224912,2.8748703802784807,1.7190323128491471,1.8524025686739354,-1.8116358306222875,-1.9470299050295623,1.3924949142031111,1.875885537448358,1.88354969857645,-0.7801382587866398,0.6614290243170166,2.8106893949028264,1.617909634648107,-0.7800909792255004,0.5673372580634725,2.68106349678125,1.57863815060064,1.4966701664936768,-1.773547712083198,-1.712783295783014,-0.07666215814357169,-0.08266261746511865,-0.058448732238577536,0.0039981214913298755,0.01601669126749559,0.03742874257562132,-0.030969590610371855,-0.03172531343194447,0.0,0.039521855552644515,0.007501978135415666,-0.05928873369670982,0.09310428976218496,-0.046637653226497
332,1,1.2736685690805671,1.6623910934437875,2.417775256537224,-1.00512345907147,0.6774457155852405,3.2809367088509016,1.9035180813881962,-0.9855317284006384,1.0795524776772096,2.8673808158150935,1.3814432967553947,0.6666278947397393,-1.7693156989121817,-2.2567716564127718,1.4174101155997723,1.9427450074569108,1.9671811292795227,-0.7910422264902678,0.6614290243170166,2.8645906830390686,1.6488792252584787,-0.8036915172663364,0.6233607977087022,2.724214910496887,1.5443433934101616,1.378092699100257,-1.7904757647672311,-1.7961807331713904,0.024915201396661348,0.06685947000855257,0.08363143070307229,-0.010903967703628049,0.0,0.05390128813624177,0.030969590610371855,-0.02360053804083583,0.056023539645229756,0.043151413715637556,-0.034294757190478406,-0.11857746739341961,-0.016928052684033367,-0.08339743738837617
333,1,2.3277732435546508,1.7550826314101728,2.0436619172087185,-0.827025319912249,0.9977795409351523,3.073324152376838,1.8002861126869567,-0.8849392711774094,0.8394515934844077,2.8011269763318243,1.89765083988292,2.4452899056410335,-0.4997117476096651,-1.5152259144907334,1.553485446304605,1.8789246042669294,1.9688392493430271,-0.7990384694729276,0.645412333049521,2.883402525010672,1.6729666846221005,-0.8272920553071721,0.6233607977087022,2.730955518513883,1.651871746684476,1.4966701664936768,-1.6254272510979024,-1.80457692187631,0.13607533070483266,-0.06382040318998135,0.001658120063504276,-0.00799624298265974,-0.016016691267495598,0.01881184197160346,0.024087459363621732,-0.02360053804083583,0.0,0.006740608016996097,0.10752835327431445,0.11857746739341961,0.16504851366932896,-0.00839618870491925
334,1,1.599482741190687,2.245891922609313,1.9224118875648741,-1.0269313944787013,0.3571118902353287,3.247796676362146,1.2841262691807838,-0.834643042565795,0.43928345315821843,2.9370913773584366,1.8744304313685238,2.4452899056410335,-1.9385962257525151,-1.9569077740941776,1.5228205830471808,1.938034453888124,1.9471800560134835,-0.8317503725838034,0.6053706048809641,2.9250225069892952,1.611027503401359,-0.8276789493734149,0.6153574349020328,2.765522739113861,1.6666970844282774,1.5559589001903866,-1.6889074486630284,-1.8073991701804857,-0.030664863257424325,0.059109849621194456,-0.02165919332954347,-0.032711903110875885,-0.040041728168556896,0.041619981978623245,-0.06193918122074125,-0.0003868940662428488,-0.008003362806669361,0.034567220599977674,0.014825337743801171,0.05928873369670982,-0.06348019756512582,-0.0028222483041761446
335,1,2.097786769123914,1.9115945725665497,2.630221889673898,-1.0814512329968209,0.5172788029102846,3.2395116682399347,2.0411607063231743,-0.873332449190124,0.5993507092879662,3.1197215261949895,1.0902950976903711,1.8524025686739354,-2.3194774111432883,-1.8750625732730866,1.5362364607222943,1.828628048419585,2.031433281740372,-0.8677334660057682,0.6213872961484597,2.9965659888916534,1.624791765894857,-0.8412202416919279,0.6313641605150077,2.8243446261681564,1.613290144845185,1.6152476338870962,-1.773547712083198,-1.8613746689978363,0.01341587767511363,-0.109406405468539,0.08425322572688873,-0.03598309342196472,0.01601669126749559,0.0715434819023582,0.013764262493497803,-0.013541292318512931,0.016006725612974775,0.058821887054295585,-0.05340693958309215,0.0592887336967098,-0.0846402634201698,-0.05397549881735049
336,1,2.4810975598418814,1.826500701646584,2.860286048485328,-1.0196620826762908,0.6774457155852405,3.3282099904894364,2.1099820187906753,-0.6605407127563366,0.8394515934844077,3.320211405674835,1.810127761636367,2.4452899056410335,-1.8539559623323634,-1.9420909704972422,1.6454800360769,1.8015803537343078,2.083560431236835,-0.8902683325932612,0.613378950514894,3.0533426621997206,1.731464800219468,-0.8512794874142507,0.679384337353932,2.9021208725181067,1.6631247138875982,1.733825101280516,-1.7566196593991648,-1.838161676695994,0.10924357535460547,-0.027047694685277103,0.05212714949646276,-0.022534866587493006,-0.008008345633565717,0.05677667330806746,0.10667303432461088,-0.010059245722322885,0.04802017683892434,0.0777762463499498,0.0498345690424129,0.11857746739341961,0.016928052684033346,0.02321299230184215
337,1,1.8103036760855473,1.7778756325494653,2.0581704677644046,-0.9978541472690182,0.6774457155852405,3.3423432396390385,2.350856612426868,-0.896546093164695,0.6793843373546599,2.9532227469716923,1.4189531874324572,1.8524025686739354,-1.6423553037819238,-1.3508299507725343,1.6320641584017643,1.7719494522532446,2.136931170780928,-0.9178917174424457,0.6293956417823895,3.093500583921479,1.765875456453211,-0.8868737415086236,0.743411239805831,2.901026243865771,1.6440125314949874,1.733825101280516,-1.7269955672021056,-1.8502267881963426,-0.01341587767513539,-0.029630901481063156,0.05337073954409335,-0.027623384849184453,0.016016691267495588,0.040157921721757764,0.03441065623374322,-0.03559425409437297,0.06402690245189911,-0.001094628652335583,-0.019112182392610567,0.0,0.029624092197059127,-0.012065111500348502
338,1,3.0752292854544914,1.723172429815177,1.9700828393906693,-1.0560086416883843,0.43719534657098574,3.139116863935474,2.0755713625569125,-1.004876431712781,0.8394515934844077,3.340951738034855,1.5171933773010418,1.8524025686739354,-2.361797542853364,-2.307572125887933,1.8179698918999196,1.7163345294734031,2.0736117108558023,-0.9527844140940488,0.6053706048809641,3.156856528385419,1.8243735720505785,-0.9089267032844838,0.7594179654188059,2.9876747435030535,1.5522026085996439,1.7931138349772255,-1.7312275803731132,-1.8222865299850077,0.1859057334981554,-0.05561492277984155,-0.06331945992512604,-0.03489269665160314,-0.024025036901425472,0.06335594446393991,0.058498115597367416,-0.022052961775860035,0.01600672561297478,0.08664849963728245,-0.09180992289534347,0.0592887336967098,-0.004232013171007587,0.027940258211334657
339,1,1.6186482807265636,2.4267163983142663,2.2405636747500397,-1.1432403833173923,0.9176960845958535,3.5782222944124835,2.454088581128108,-0.9197597371393099,0.9194852215474617,3.4169996233547892,1.5797098617628336,1.2595152317068374,-2.1501968843029546,-2.416228685598676,1.8543844170181072,1.7573619315241058,2.1309204855507202,-0.9869501795654108,0.6374039874159553,3.215192732634135,1.8931948845180675,-0.9035101863570795,0.7674213282251113,3.0240279371673604,1.5773878209114005,1.733825101280516,-1.8243318701352984,-1.856859071711154,0.0364145251181873,0.041027402050702565,0.05730877469491833,-0.03416576547136211,0.03203338253499118,0.05833620424871686,0.06882131246748895,0.005416516927404302,0.008003362806305403,0.036353193664306935,0.02518521231175643,-0.0592887336967098,-0.09310428976218495,-0.03457254172614599
340,1,2.7877461924161246,1.4906838181945372,2.3794312300686404,-1.29226127526693,1.2380299099457652,3.628907049983678,2.2820352999593916,-1.0203521943625389,0.519317081224912,3.1312439330615858,1.945877842182014,1.8524025686739354,-1.4730747769415904,-2.1375316655613714,2.053706028191398,1.7813705593908113,2.1905091753329597,-1.0352911030514858,0.7094790981195034,3.2854203603053174,1.9895447219725544,-0.9100873854832168,0.7274045141928563,3.076282052307658,1.6234714008861073,1.8524025686739354,-1.7820117384252132,-1.9705251221618088,0.19932161117329078,0.0240086278667059,0.05958868978223906,-0.04834092348607484,0.07207511070354806,0.07022762767118192,0.09634983745448696,-0.006577199126137245,-0.04001681403225497,0.052254115140297944,0.04608357997470665,0.11857746739341961,0.042320131710084884,-0.113666050450655
341,1,2.8260772714878777,2.7047910122134566,2.2219098240355932,-1.0850858888980262,1.1579464536101083,3.866248165013926,1.8346967689206952,-0.9545802031011664,0.519317081224912,3.343832339751478,2.1870128536775786,2.4452899056410335,-2.742678728244137,-1.9279797289763738,2.189781358896231,1.952470021276331,2.274451503547939,-1.0534643825575283,0.76553751755592,3.3724616809303862,2.013632181336176,-0.9035101863570795,0.7274045141928565,3.123178248254958,1.6702694549689503,1.9116913023706452,-1.8751160281873986,-1.96862010455649,0.1360753307048327,0.17109946188551947,0.08394232821497934,-0.01817327950604263,0.056058419436416665,0.08704132062506834,0.024087459363621756,0.006577199126137245,0.0,0.046896195947299726,0.04679805408284314,0.05928873369670982,-0.09310428976218496,0.0019050176053188484
