ciclo,target,s2_norm,s3_norm,s4_norm,s7_norm,s8_norm,s9_norm,s11_norm,s12_norm,s13_norm,s14_norm,s15_norm,s17_norm,s20_norm,s21_norm,s2_norm_mm,s3_norm_mm,s4_norm_mm,s7_norm_mm,s8_norm_mm,s9_norm_mm,s11_norm_mm,s12_norm_mm,s13_norm_mm,s14_norm_mm,s15_norm_mm,s17_norm_mm,s20_norm_mm,s21_norm_mm,s2_norm_slope,s3_norm_slope,s4_norm_slope,s7_norm_slope,s8_norm_slope,s9_norm_slope,s11_norm_slope,s12_norm_slope,s13_norm_slope,s14_norm_slope,s15_norm_slope,s17_norm_slope,s20_norm_slope,s21_norm_slope
1,0,-1.1603549519779377,-0.32667813931063217,-0.6186571097577367,-0.23457640801526133,-0.6839730421537057,-0.48922934017241654,-0.47081719874021455,-0.10341325736614919,-0.44108645555357456,-0.3882752443594322,-0.15110366519414964,-0.5191467791944568,-0.16115069392899803,0.44411997068290426,-1.1603549519779377,-0.32667813931063217,-0.6186571097577367,-0.23457640801526133,-0.6839730421537057,-0.48922934017241654,-0.47081719874021455,-0.10341325736614919,-0.44108645555357456,-0.3882752443594322,-0.15110366519414964,-0.5191467791944568,-0.16115069392899803,0.44411997068290426,0.0,0.0,0.0,0.0,0.0,0.0,0.0,0.0,0.0,0.0,0.0,0.0,0.0,0.0
2,0,-2.041969770629132,0.7582687149190545,-0.5264241812252407,-0.03830498934997298,-0.36363921680379385,-0.32450388456621176,-0.7461024486101947,-0.08406855405396271,-0.040918315231024883,-0.21543914135954376,-0.011781214107836075,-0.5191467791944568,0.4736512817222903,0.5203206748956329,-1.6011623613035348,0.21579528780421114,-0.5725406454914888,-0.13644069868261716,-0.5238061294787497,-0.40686661236931415,-0.6084598236752046,-0.09374090571005594,-0.24100238539229973,-0.301857192859488,-0.08144243965099286,-0.5191467791944568,0.15625029389664613,0.48222032278926863,0.0,0.0,0.0,0.0,0.0,0.0,0.0,0.0,0.0,0.0,0.0,0.0,0.0,0.0
3,0,0.31539159228586655,-0.5834792854798139,-0.14505656661890393,-0.0782862042632717,-0.36363921680379385,-0.5584335256638007,-0.4364065425064762,-0.09567537604129218,-0.20098557136077266,-0.41477678015275055,-0.552995351020059,-0.5191467791944568,-0.37275135247940744,0.21481229596865115,-0.9623110434404011,-0.05062956995713053,-0.43004595253396044,-0.11705586720950201,-0.4704171585870978,-0.4573889168008097,-0.5511087299522951,-0.09438572915380135,-0.2276634473817907,-0.33949705529057556,-0.23862674344068158,-0.5191467791944568,-0.020083588228705058,0.3930843138490627,0.0,0.0,0.0,0.0,0.0,0.0,0.0,0.0,0.0,0.0,0.0,0.0,0.0,0.0
4,0,-1.0836927938344312,-0.40721341000274647,0.18864009616163777,-0.1764219135958952,-0.4437226731394509,-0.11396720757836408,-0.4364065425064762,-0.258170883863421,-0.2810191994238268,-0.040298556986325534,-0.5154854603429966,-1.1120341161615548,0.3466908865920326,-0.4992165249876681,-0.9926564810389086,-0.1397755299685345,-0.27537444036006087,-0.1318973788061003,-0.4637435372251861,-0.37153348949519827,-0.5224331830908404,-0.13533201783120627,-0.24100238539229973,-0.264697430714513,-0.30784142266626036,-0.6673686134362313,0.07161003047647936,0.17000910413988005,0.0,0.0,0.0,0.0,0.0,0.0,0.0,0.0,0.0,0.0,0.0,0.0,0.0,0.0
5,0,-0.37456783100634405,-1.0104681734889964,-0.36786645015250297,-0.11826741917657041,-0.2034723041288379,0.020542336052780528,-0.47081719874021455,0.004917081181936723,-0.12095194329407902,-0.2701705739761646,-0.2439852992517026,-0.5191467791944568,-0.16115069392899803,-0.18100802869190244,-0.8690387510323957,-0.3139140586726269,-0.2938728423185493,-0.12917138688019433,-0.41168929060591647,-0.2931183243856025,-0.5121099862207152,-0.10728219802857768,-0.2169922969726556,-0.26579205936684336,-0.29507019798334877,-0.6377242465878764,0.025057885595383883,0.09980567757352354,0.0,0.0,0.0,0.0,0.0,0.0,0.0,0.0,0.0,0.0,0.0,0.0,0.0,0.0
6,0,0.1812328155345126,-0.3585883409055935,-0.777214840830498,-0.0964594837693391,-0.6839730421537057,-0.4989764085515197,-0.29876391757149834,-0.12662690134072016,-0.44108645555357456,-0.05758216728632486,-0.7012487284580707,-0.5191467791944568,0.7698922036928815,0.8738072749935818,-0.693993489937911,-0.3213597723781213,-0.37442984207054075,-0.12371940302838513,-0.45706991586388135,-0.32742800507992204,-0.4765523081125124,-0.11050631524726807,-0.25434132340280874,-0.23109041068675693,-0.36276661972913576,-0.6179613353556398,0.1491969386116335,0.22880594381019992,0.0,0.0,0.0,0.0,0.0,0.0,0.0,0.0,0.0,0.0,0.0,0.0,0.0,0.0
7,0,-1.3520103473369214,-1.1654605812360896,-0.7875780912273996,-0.1546139781886639,-0.5238061294787497,-0.07644099431893224,-0.6084598236752169,-0.06085491007939172,-0.3610528274905204,-0.3139557200694823,-0.06893914275862813,-1.1120341161615548,0.21973049146177498,0.3277022281356723,-0.7879958981377696,-0.4419456022149739,-0.4334510205215206,-0.12813291376556782,-0.4666036606660054,-0.2915727178283521,-0.4953962389071845,-0.10341325736614289,-0.26958582398676756,-0.24292831202714624,-0.32079126587620616,-0.6885431611850563,0.159273160447368,0.24293398442812456,0.0,0.0,0.0,0.0,0.0,0.0,0.0,0.0,0.0,0.0,0.0,0.0,0.0,0.0
8,0,-0.6237198449729575,-1.1365894464596615,-0.4352275777324113,0.05619606408144533,-0.4437226731394509,-0.15587960160829484,-0.29876391757149834,-0.033772325442348254,-0.6011537116833223,-0.42111410392939425,-0.08322862492132614,0.07374055777264124,-0.5843520110298168,0.6078103723250612,-0.7674613914921681,-0.5287760827455599,-0.4336730901728819,-0.10509179153469117,-0.4637435372251861,-0.2746110783008449,-0.4708171987402237,-0.09470814087566856,-0.31103180994883695,-0.26520153601492724,-0.2910959357568461,-0.5932576963153441,0.06632001401271989,0.2885435329152416,0.0,0.0,0.0,0.0,0.0,0.0,0.0,0.0,0.0,0.0,0.0,0.0,0.0,0.0
9,0,-0.06791919843210087,-1.0606127759953987,-0.777214840830498,-0.27455762292851876,-0.6839730421537057,-0.36397951150141106,0.07975330099969687,0.1403300043670661,-0.44108645555357456,-0.21947198376285773,0.21149194468436402,-1.1120341161615548,0.6006116768525179,-0.11821300392402496,-0.6897344811521606,-0.5878690486622086,-0.47184439580150594,-0.12392132835622756,-0.4882134822172438,-0.28454090421201894,-0.4096426987691214,-0.0685927914042536,-0.3254823261271411,-0.2601204746535862,-0.23525283793004498,-0.6508995207427009,0.12568575432825302,0.24334836215532313,0.0,0.0,0.0,0.0,0.0,0.0,0.0,0.0,0.0,0.0,0.0,0.0,0.0,0.0
10,0,-0.7003820031164638,-0.3692250747706151,-0.0973856147931089,-0.1473446663862535,-0.36363921680379385,-0.0389147810595004,-0.19553194887025885,0.004917081181936723,-0.5211200836202682,0.027107523183635157,0.49728158793835603,0.07374055777264124,-0.11883056221889209,-0.21064163588574833,-0.690799233348591,-0.5660046512730493,-0.4343985177006663,-0.12626366215923016,-0.4757560556758988,-0.2599782918967671,-0.3882316237792352,-0.06124180414563457,-0.3450461018764538,-0.23139767486986407,-0.1619993953432049,-0.5784355128911666,0.10123412267353851,0.19794936235121596,0.0,0.0,0.0,0.0,0.0,0.0,0.0,0.0,0.0,0.0,0.0,0.0,0.0,0.0
11,0,-0.12541581703973062,0.8388039856111688,-0.020697561855965472,-0.05647826885604039,-0.283555760464495,-0.35715656363609205,-0.1611212926365205,-0.0028208001429202724,0.1191489408987229,-0.569177032166001,0.22399524157672873,0.07374055777264124,0.05044996462144145,0.6910666972982364,-0.5873053198547702,-0.44945643878086916,-0.3746025629104891,-0.10845384824330806,-0.43571432750697775,-0.24677101424313466,-0.3572620331688658,-0.05118255842331167,-0.289022562231224,-0.24948785365052095,-0.12448950466611705,-0.5191467791944568,0.12239418852858244,0.22264403501274915,0.10349391349382071,0.11654821249218009,0.05979595479017712,0.017809813915922096,0.04004172816892107,0.013207277653632448,0.030969590610369403,0.010059245722322892,0.05602353964522975,-0.018090178780656878,0.037509890677087834,0.059288733696709804,0.021160065855043948,0.024694672661533218
12,0,-0.6620509240447107,-0.08051372700640304,-0.7233259387665383,-0.25638434342249267,0.19694497756037277,-0.1909690477729952,-0.5740491674414541,-0.02603444411749126,-0.2810191994238268,-0.36407818993944363,0.5990941483475754,-0.5191467791944568,-0.2881110890592256,-0.8957424117242889,-0.4493134351963281,-0.5333346829734149,-0.39429273866461884,-0.13026178365056004,-0.3796559080705611,-0.233417530563813,-0.3400567050519917,-0.04537914742966453,-0.31303265065050423,-0.26435175850851095,-0.06340196842057591,-0.5191467791944568,0.04621795145043085,0.08103772635075698,0.13799188465844212,-0.08387824419254575,-0.019690175754129756,-0.02180793540725197,0.056058419436416665,0.013353483679321657,0.017205328116874065,0.005803410993647146,-0.024010088419280193,-0.014863904857989987,0.06108753624554114,0.0,-0.0761762370781516,-0.14160630866199217
13,0,-0.43206444961397383,0.06232241346641913,-0.8259221176959596,-0.1873258812995522,0.11686152122107392,-0.36349215808244706,-0.4364065425064762,-0.26977770585070654,-0.3610528274905204,-0.4948575078760511,-0.21540633492630656,-1.1120341161615548,0.05044996462144145,0.39755287366399644,-0.524059039386312,-0.4687545130787917,-0.46237929377232445,-0.1411657513541881,-0.3316058342680743,-0.21392339380567763,-0.3400567050519917,-0.06278938041060596,-0.329039376263479,-0.272359831280841,-0.029643066811200658,-0.5784355128911666,0.08853808316051574,0.09931178412029151,-0.07474560418998404,0.0645801698946233,-0.06808655510770556,-0.010903967703628049,0.04805007380248678,0.019494136758135362,0.0,-0.017410232980941437,-0.016006725612974775,-0.008008072772330056,0.033758901609375246,-0.0592887336967098,0.04232013171008489,0.01827405776953453
14,0,-0.7578786217243115,0.30544775895204596,-0.3999925263829219,-0.16188328999107435,-0.2034723041288379,-0.40345513843661035,-1.0213876984801504,-0.29686029048775003,0.19918256896541653,-0.2891825453061482,0.33831109887831284,-0.5191467791944568,-0.03419029879874035,0.0038492352315693404,-0.49147762217530017,-0.39748839618331233,-0.5212425560267804,-0.13971188899370598,-0.307580797367013,-0.24287218689150225,-0.3985548206493591,-0.06665832107303886,-0.28101919942455467,-0.2972482301128233,0.05573658911093029,-0.5191467791944568,0.05044996462143845,0.14961836014221525,0.032581417211011966,0.07126611689547924,-0.05886326225445596,0.001453862360482086,0.0240250369010613,-0.028948793085824626,-0.058498115597367416,-0.0038689406624329015,0.04802017683892433,-0.024888398831982263,0.08537965592213095,0.0592887336967098,-0.0380881185390773,0.050306576021923746
15,0,-0.9686995566191718,-0.5682839513869751,-0.21138136915914563,-0.25638434342249267,-0.283555760464495,-0.45852607477839236,-0.02347866770154264,-0.22335041790152058,-0.5211200836202682,-0.2868780639328184,0.1596925718445718,-1.704921453128653,0.3043707548819267,0.3820305079910439,-0.550890794736583,-0.3532699739731103,-0.5055940479274447,-0.1535235814182982,-0.3155891430005787,-0.2907790279746195,-0.35382096754549197,-0.08948507098138458,-0.32103601345717364,-0.29891897910848864,0.09610437622055773,-0.6377242465878764,0.09700210950253092,0.2059222138105099,-0.05941317256128278,0.044218422210202134,0.015648508099335733,-0.013811692424592226,-0.008008345633565709,-0.04790684108311729,0.04473385310386719,-0.022826749908345732,-0.04001681403261892,-0.0016707489956653775,0.04036778710962744,-0.11857746739341961,0.04655214488109247,0.056303853668294636
16,0,-0.10625027750385403,-0.8083702300540342,0.0010652639775517016,-0.1546139781886639,-0.043305391453882,0.16918512883361583,-0.6428704799089552,0.028130725156551694,-0.44108645555357456,-0.28630194358952527,-0.08322862492132614,-1.1120341161615548,-0.24579095734914974,-0.012378692517450449,-0.5796391040404196,-0.3982481628879543,-0.42776603744663966,-0.15933903086023068,-0.25152237793059634,-0.223962874236106,-0.38823162377923764,-0.0740093083316574,-0.3210360134571736,-0.32179095673880864,0.15790638657423217,-0.6970129802845861,-0.004566206601672196,0.11730361705940666,-0.02874830930383666,-0.04497818891484407,0.07782801048080497,-0.00581544944193248,0.06406676506998236,0.06681615373851355,-0.03441065623374569,0.015475762649727184,0.0,-0.02287197763032004,0.06180201035367446,-0.0592887336967098,-0.10156831610420311,-0.08861859675110323
17,0,-0.9112029380113241,-0.4208892106863013,-0.42486432733550955,-0.001958430337879482,-0.2034723041288379,-0.5272429068508124,-0.711691792376432,-0.06085491007939172,-0.2810191994238268,0.21377051442350212,-0.1689655178975142,-0.5191467791944568,0.3043707548819267,1.2406995545363566,-0.5355583631078599,-0.32379102583297553,-0.3914946610574507,-0.14407347607515225,-0.21948899539560512,-0.269043065489294,-0.39855482064935915,-0.0740093083316574,-0.31303265065050423,-0.26901833328951025,0.1479037490603436,-0.6377242465878764,0.003897819740342978,0.2086033496994751,0.044080740932559724,0.07445713705497883,0.03627137638918901,0.015265554785078442,0.03203338253499118,-0.04508019125318802,-0.01032319687012151,0.0,0.008003362806669361,0.052772623449298436,-0.010002637513888609,0.0592887336967098,0.008464026342015174,0.09129973264006844
18,0,0.12373619692688284,0.5713661055769654,-0.7989776666639915,0.03075347277296748,-0.043305391453882,-0.0598709780745101,-0.5052278549739774,-0.13823372332800565,-0.5211200836202682,-0.17568683766959245,-0.22076489073730643,-0.5191467791944568,-0.16115069392899803,0.5563043407738583,-0.4608127589178759,-0.1529954706293128,-0.4278696699506087,-0.14661773520600002,-0.17944726722704823,-0.2594422031359155,-0.419201214389607,-0.08445544812022314,-0.3050292878441988,-0.24447560666353002,0.13415012247874553,-0.6970129802845861,0.04621795145042486,0.20345274654435483,0.07474560418998404,0.17079555520366269,-0.03637500889315802,-0.002544259130847785,0.04004172816855689,0.009600862353378474,-0.020646393740247904,-0.010446139788565739,0.008003362806305415,0.024542726625980178,-0.013753626581598028,-0.059288733696709804,0.04232013171008188,-0.005150603155120293
19,0,-0.16374689611148377,-0.8417999650583139,-0.4714989541216144,0.005310881464530954,-0.4437226731394509,-0.029655066099361284,-0.22994260510402165,-0.2929913498253215,-0.20098557136077266,-0.19297044796953938,0.16505112765557167,-0.5191467791944568,0.3466908865920326,0.5852323858916619,-0.47039552868581413,-0.13111418953560433,-0.3972980812797203,-0.11863088476669507,-0.1554222303256228,-0.22600975859571054,-0.4501708049999788,-0.1277875835394619,-0.28101919942491865,-0.2418254530841982,0.1295060407758663,-0.6377242465878764,0.020825872424376324,0.27379728552592353,-0.00958276976793829,0.02188128109370848,0.030571588670888356,0.02798685043930497,0.02402503690142548,0.03343244454020498,-0.03096959061037185,-0.04333213541923876,0.02401008841928019,0.002650153579331835,-0.004644081702879235,0.0592887336967098,-0.02539207902604853,0.0703445389815687
20,0,0.7370334620755872,-1.276386520113916,-0.5461143569793775,-0.31453883784181746,-0.4437226731394509,-0.2869776713067799,-0.22994260510402165,0.0010481405195082254,-0.44108645555357456,0.15327787837353068,-0.5279887572353613,-0.5191467791944568,-0.07651043050881622,0.7439838530015237,-0.32665398216660907,-0.2218303340699344,-0.44217095549834723,-0.13535030191225148,-0.16343057595918847,-0.2508160476204385,-0.4536118706233552,-0.12817447760570477,-0.27301583661824924,-0.22920841756520863,0.026979006258494576,-0.6970129802845862,0.02505788559538391,0.3692598344146507,0.1437415465192051,-0.09071614453433008,-0.04487287421862686,-0.016719417145556397,-0.008008345633565705,-0.02480628902472795,-0.00344106562337628,-0.00038689406624284973,0.008003362806669361,0.012617035518989553,-0.10252703451737173,-0.059288733696709804,0.004232013171007587,0.09546254888872721
21,0,0.08540511785512968,-1.0043900398518264,-0.6000032590433135,0.052561408180240105,-0.36363921680379385,-0.112017793902508,-0.5740491674414541,-0.327811815787178,-0.5211200836202682,-0.02071046531299646,-0.09037336600265929,-0.5191467791944568,0.3043707548819267,-0.4787552247823954,-0.305571888677123,-0.406149736616234,-0.500101525217082,-0.12444633420862343,-0.17143892159311838,-0.22630217064708008,-0.4949046581038486,-0.16067357917013053,-0.33704273907014837,-0.1743617608799082,-0.004457854499444226,-0.7563017139812961,0.05044996462143243,0.25227764220658755,0.02108209348948603,-0.18431940254629953,-0.0579305697187348,0.010903967703628049,-0.008008345633929886,0.024513876973358405,-0.04129278748049335,-0.03249910156442577,-0.0640269024518991,0.054846656685300456,-0.0314368607579388,-0.059288733696709804,0.025392079026048526,-0.11698219220806319
22,0,-0.18291243564736037,-0.8721906332440259,0.20211232167761,-0.22003778441039915,-0.7640564984930045,-0.22362172684287548,-0.6084598236752169,-0.056985969416963225,-0.3610528274905204,-0.18432864281956593,-0.12966944195008676,-1.704921453128653,-0.03419029879874035,0.33052447643984095,-0.257658039837388,-0.4853174272399962,-0.4075576991726672,-0.12081167830741406,-0.2675390691984561,-0.2295674385540681,-0.49834572372722485,-0.16376873170007772,-0.3450461018768177,-0.15638680616792042,-0.07733421352921044,-0.8748791813747158,0.07584204364748096,0.3749043310230005,0.047913848839735027,-0.07916769062376229,0.09254382604441483,0.003634655901209352,-0.09610014760533772,-0.0032652679069880286,-0.0034410656233762825,-0.0030951525299471967,-0.008003362806669361,0.01797495471198777,-0.07287635902976622,-0.11857746739341961,0.025392079026048526,0.12262668881641299
23,0,-1.1603549519779377,-0.20967406679567036,-0.8404306682516456,-0.17278725769469,-0.12338884778953907,-0.16806343708212942,-0.9181557297789109,-0.08406855405396271,-0.12095194329407902,-0.27996461981282916,-0.07787006911029455,-1.1120341161615548,0.3043707548819267,-0.7207630168654324,-0.33048709007378435,-0.5125170752662052,-0.4090085542282358,-0.11935781594692785,-0.29156410609951744,-0.21002456645403633,-0.5465206424544682,-0.14519781652040334,-0.3210360134571736,-0.13489751736159822,-0.06358058694760924,-0.8748791813747155,0.10123412267352949,0.26307274197005764,-0.07282905023639638,-0.02719964802620895,-0.0014508550555686005,0.0014538623604862188,-0.024025036901061298,0.019542872100031763,-0.04817491872724347,0.018570915179674383,0.02401008841964414,0.021489288806322192,0.013753626581601203,0.0,0.025392079026048526,-0.11183158905294288
24,0,-1.0261961752268016,0.774983582421177,-0.1709646926111818,-0.2273070962128096,-0.36363921680379385,-0.21095053795007684,-0.7805131048439331,-0.3316807564496065,-0.2810191994238268,-0.035689594239666035,-0.21183396438560825,0.07374055777264124,0.43133115001218436,0.4321254153901625,-0.35731884542403336,-0.4655634929192921,-0.38610577085106174,-0.1259001965691014,-0.307580797367013,-0.190774106405383,-0.5224331830908465,-0.14867986311658898,-0.36905619029609793,-0.10954822225495005,-0.11859509327400133,-0.8155904476780058,0.14778626755462196,0.30590035998591697,-0.02683175535024901,0.04695358234691311,0.022902783377174007,-0.006542380622173524,-0.016016691267495595,0.01925046004865335,0.024087459363621732,-0.003482046596185645,-0.04802017683892433,0.025349295106648212,-0.05501450632639211,0.059288733696709804,0.04655214488109247,0.04282761801585932
25,0,0.7945300806832168,-0.9785579718940006,-0.3792660255890949,-0.29273090243458616,-0.6839730421537057,0.15164040575126564,-0.6084598236752169,-0.1885299519396641,-0.2810191994238268,-0.13708677466627986,-0.4386794937184749,-0.5191467791944568,0.5582915451424421,0.5372541647206698,-0.18099588169379452,-0.5065908949699945,-0.40289423649405676,-0.1295348524703107,-0.3476225255359341,-0.1297574583524172,-0.580931298688214,-0.14519781652040337,-0.3450461018764538,-0.09456909332829617,-0.178432299830306,-0.6970129802845862,0.1731783465806735,0.3214227256588796,0.17632296373023887,-0.04102740205070256,-0.016788465642994927,-0.0036346559012093494,-0.04004172816892107,0.061016648052965805,-0.05849811559736743,0.0034820465961856477,0.024010088419644138,0.014979128926653854,-0.059837206556304666,0.11857746739341961,0.025392079026051534,0.01552236567296259
26,0,0.9286888574343529,-1.0986011112275302,-0.5243515311458603,-0.2818269347309705,-0.283555760464495,-0.6661386312525446,-0.26435326133776,-0.1885299519396641,-0.44108645555357456,-0.26210488916953667,0.9027456443049637,-0.5191467791944568,-0.03419029879874035,0.39049725290357484,-0.07750196819997382,-0.5356139830873443,-0.4554359160063979,-0.14225614812454138,-0.37164756243699537,-0.21328983436103321,-0.5430795768310944,-0.1668638842300249,-0.3450461018764538,-0.09214938788629731,-0.07983487290767703,-0.6377242465878764,0.19433841243571442,0.36171032020098204,0.10349391349382069,-0.029023088117349605,-0.0525416795123412,-0.012721295654230658,-0.024025036901061298,-0.08353237600861604,0.03785172185711952,-0.021666067709621577,0.0,0.0024197054419988597,0.09859742692262899,0.0592887336967098,0.02116006585504094,0.040287594542102526
27,0,-0.20207797518323695,0.07143961392212236,-0.8995011955140325,-0.1546139781886639,-0.4437226731394509,-0.5019005290652152,-0.8149237610776715,-0.18466101127719162,-0.681187339750016,-0.07774637930294707,-0.031429252081533944,-1.1120341161615548,0.09277009633151731,0.5316096681123326,-0.006589471917165096,-0.4863811006265018,-0.5028996028242502,-0.1575217029096198,-0.39567259933805665,-0.21075559658247353,-0.5534027737012185,-0.1792444943498049,-0.3850629159090727,-0.12130107725894221,-0.06608124632607901,-0.6970129802845862,0.1731783465806735,0.2908013315585797,0.07091249628280871,0.04923288246084236,-0.0474636868178523,-0.015265554785078442,-0.0240250369010613,0.0025342377785597227,-0.010323196870123952,-0.012380610119779988,-0.04001681403261892,-0.029151689372644916,0.013753626581598028,-0.0592887336967098,-0.02116006585504094,-0.0709089886424024
28,0,-0.3362367519345909,-0.8311632311933268,-0.944063172220757,0.3942190628938198,-0.5238061294787497,-0.5983965060179639,-0.29876391757149834,-0.2194814772390921,0.039115312835668756,-0.20334061414954946,-0.331508377498224,-0.5191467791944568,-0.07651043050881622,0.6614330901043906,-0.052586766803312465,-0.626634034303531,-0.5174081533799268,-0.12117514389753459,-0.44372267314054337,-0.2646081493768189,-0.5327563799609705,-0.18736926974091356,-0.329039376263479,-0.12406645490693793,-0.07715559500217076,-0.6970129802845862,0.18164237292269167,0.3013142064916329,-0.04599729488614738,-0.14025293367702923,-0.014508550555676547,0.036346559012085236,-0.04805007380248677,-0.05385255279434538,0.020646393740247904,-0.008124775391108643,0.05602353964559369,-0.002765377647995701,-0.011074348676091755,0.0,0.00846402634201818,0.010512874933053229
29,0,-1.0453617147626781,0.3388774939563257,-0.3170865232076374,-0.22367244031160438,-0.36363921680379385,-0.10422013919926094,-0.6084598236752169,-0.014427622130205766,-0.44108645555357456,-0.19873165140288995,0.3436696546893127,-1.704921453128653,0.6852519402726998,0.5005649367664023,-0.14074824866843189,-0.5085662884020671,-0.501966910288529,-0.14407347607514812,-0.43571432750697775,-0.27206465668680885,-0.5706081018180901,-0.15951289697140197,-0.3530494646827592,-0.124642575250273,-0.05929374229879665,-0.8155904476780058,0.21549847829075838,0.29284746157910696,-0.08816148186511943,0.11806774590146396,0.015441243091397699,-0.022898332177613535,0.008008345633565705,-0.007456507309989965,-0.037851721857119526,0.027856372769511573,-0.02401008841928019,-0.0005761203433350571,0.017861852703374103,-0.11857746739341961,0.03385610536806671,-0.00846674491252596
30,0,-0.872871858939571,1.1229567331475292,-0.480825879478826,0.02711881687176226,-0.4437226731394509,-0.1607531357978464,-0.12671063640278216,-0.23108829922637758,-0.3610528274905204,-0.23790783474954813,-0.0921595512730243,0.07374055777264124,0.939172730533215,0.4469422189870729,-0.30173878076994776,-0.2686319630759226,-0.4954380625384739,-0.10990771060379015,-0.43571432750697775,-0.2594422031359155,-0.560284904947966,-0.18272654094599056,-0.3450461018764538,-0.16376114656258087,-0.015710821702562962,-0.756301713981296,0.3170667943949615,0.2631432981776619,-0.16099053210151582,0.2399343253261445,0.00652884775005515,0.034165765471357974,0.0,0.012622453550893354,0.010323196870123948,-0.02321364397458858,0.008003362806305415,-0.03911857131230788,0.0435829205962337,0.059288733696709804,0.10156831610420311,-0.029704163401445077
31,0,-1.543665742695905,-0.5029440147876996,-0.32641344856484894,-0.1691526017934848,-0.283555760464495,-0.17829785888019659,-0.9181557297789109,-0.14984054531533514,-0.20098557136077266,-0.5985591696759947,0.4008275833401365,-0.5191467791944568,0.13509022804159318,0.13155597099550093,-0.46464586682505116,-0.2184873605695099,-0.4680790814906274,-0.13207911160116265,-0.42770598187304787,-0.2660702096336844,-0.5946955611817117,-0.16492941389880628,-0.31303265065050423,-0.22154601699888068,0.03340927323171662,-0.7563017139812961,0.30013874171092814,0.3241744177554515,-0.16290708605510346,0.050144602506412686,0.02735898104784646,-0.02217140099737249,0.008008345633929886,-0.006628006497768858,-0.03441065623374569,0.017797127047184287,0.03201345122594955,-0.05778487043629982,0.04912009493427958,0.0,-0.016928052684033353,0.06103111957778964
32,0,-0.04875365889622429,-0.8235655641469075,-1.0736038021821463,-0.2091338167067835,-0.6038895858144068,-0.2606605866833433,-0.711691792376432,-0.258170883863421,-0.3610528274905204,-0.36062146787947524,0.5312191080747519,-0.5191467791944568,0.13509022804159318,-0.001795261376792998,-0.4512299891499376,-0.21362485365979805,-0.5956506938766031,-0.13098871483080107,-0.41168929060518805,-0.2697740956177312,-0.6050187580518332,-0.18504790534345206,-0.31303265065050423,-0.23917529950487162,0.09949812823420048,-0.6377242465878765,0.31706679439496155,0.2909424439737881,0.013415877675113607,0.004862506909711839,-0.12757161238597564,0.0010903967703615653,0.016016691267859772,-0.003703885984046781,-0.01032319687012151,-0.02011849144464578,0.0,-0.017629282505990933,0.06608885500248388,0.11857746739341961,0.016928052684033353,-0.03323197378166339
33,0,-0.3362367519345909,-0.3996157429563271,-1.0684221769836955,-0.05647826885604039,-0.4437226731394509,-0.20364023666579384,-1.2622622921163678,-0.2078746552518066,-0.2810191994238268,-0.2805407401561747,0.10967938427511291,-1.1120341161615548,-0.2881110890592256,0.5372541647206698,-0.3688181691456029,-0.23261902127586373,-0.6184498447498081,-0.1193578159469361,-0.4437226731401792,-0.2733317755760976,-0.639429414285579,-0.19742851546323645,-0.329039376263479,-0.23923291153920617,0.11825307357274124,-0.6377242465878764,0.25781861000084627,0.41674416213239834,0.08241182000433468,-0.018994167616065677,-0.022799150873204988,0.011630898883864961,-0.03203338253499118,-0.0035576799583664416,-0.03441065623374569,-0.012380610119784387,-0.016006725612974778,-5.7612034334553196e-05,0.018754945338540746,0.0,-0.059248184394115236,0.12580171815861024
34,0,-0.5853887659012044,-0.30844373839919115,-0.38859295094632995,-0.23457640801526133,-0.283555760464495,-0.5598955859206927,0.4582705195708921,-0.1923988926020926,-0.12095194329407902,-0.4159290208394416,0.00965300913622681,0.07374055777264124,-0.880592933000408,-0.5020387732918368,-0.3247374282130432,-0.3409617533579006,-0.6402126705833229,-0.12008474712718128,-0.43571432750624933,-0.30822628037315913,-0.5155510518440963,-0.18350032907848507,-0.31303265065050423,-0.2772568541991837,0.14040177092492473,-0.6377242465878764,0.12662620169958708,0.3233277432641984,0.044080740932559724,-0.10834273208203682,-0.021762825833514816,-0.0007269311802451745,0.008008345633929886,-0.03489450479706158,0.12387836244148251,0.013928186384751387,0.016006725612974778,-0.03802394265997756,0.022148697352183506,0.0,-0.13119240830125922,-0.09341641886819993
35,0,-0.12541581703973062,-0.171685731563539,-0.00826166137968341,-0.1473446663862535,-0.283555760464495,0.0029976129705189865,-0.9525663860126493,-0.018296562792634263,-0.12095194329407902,-0.3548602644461246,-0.09037336600265929,-0.5191467791944568,0.43133115001218436,0.3897916908275327,-0.4167320179853379,-0.2602745293248544,-0.6031122341623817,-0.10554612352234802,-0.3956725993373283,-0.32309055965123384,-0.5499617080778396,-0.1664769901637821,-0.29702592503752945,-0.29903420317716817,0.17523238369650632,-0.6377242465878764,0.1139301621865613,0.30858149587488465,-0.09199458977229474,0.08068722403304615,0.037100436420941144,0.014538623604833267,0.04004172816892107,-0.014864279278074665,-0.034410656233743245,0.017023338914702986,0.016006725612974778,-0.021777348977984477,0.034830612771581566,0.0,-0.01269603951302577,-0.01474624738931371
36,0,0.7561990016114637,-0.7886162957333439,-0.6580374612660104,-0.4526557620877397,-0.6839730421537057,-0.3556945033792,-0.8149237610776715,0.024261784494123195,-0.2810191994238268,-0.25519144504954744,-0.7441171749461648,-1.1120341161615548,0.00812983291133551,0.7101168733513998,-0.4339810035676268,-0.22927604777543578,-0.6164808271743968,-0.12262900625802495,-0.43571432750624933,-0.2920461468638994,-0.6050187580518308,-0.14519781652040334,-0.28101919942455467,-0.29834285876516925,0.010546101771393446,-0.6970129802845862,0.11816217535756887,0.3405434579196672,-0.017248985582288923,0.030998481549418633,-0.013368593012015007,-0.017082882735676923,-0.04004172816892107,0.03104441278733446,-0.05505704997399115,0.02127917364337873,0.016006725612974775,0.0006913444119989231,-0.16468628192511287,-0.0592887336967098,0.004232013171007586,0.0319619620447825
37,0,-0.5662232263653277,-0.34795160704060635,-0.2818514718581244,0.08163865538988185,-0.5238061294787497,-0.3259659448230152,-0.22994260510402165,-0.04151020676720525,-0.6011537116833223,-0.24770188058621265,-0.6155118354818827,0.07374055777264124,0.00812983291133551,-0.0476567963196336,-0.470395528685836,-0.27121516987170863,-0.554715854808806,-0.09900374290017036,-0.4437226731401792,-0.2744526884396794,-0.5465206424544657,-0.1308827360694047,-0.2730158366178853,-0.31533840889349585,-0.047862156568641435,-0.5784355128911667,0.10969814901555068,0.28261681147647055,-0.03641452511820908,-0.041939122096272874,0.06176497236559081,0.023625263357854576,-0.00800834563392988,0.01759345842422,0.05849811559736499,0.014315080450998635,0.008003362806669367,-0.01699555012832656,-0.05840825834003488,0.11857746739341961,-0.00846402634201818,-0.05792664644319662
38,0,-0.8153752403319412,-0.5728425516148268,-1.3720654136131751,-0.19459519310196263,-0.4437226731394509,-0.3108579888354851,-0.47081719874021455,-0.2194814772390921,-0.8412545958797637,-0.10655239646959516,-0.44939660534050635,0.07374055777264124,0.00812983291133551,0.5492487200134115,-0.5183093775255709,-0.24538310191385865,-0.5975160789480477,-0.1578851684997486,-0.43571432750624933,-0.2456988367214315,-0.5637259705713374,-0.1308827360694047,-0.3610528274894286,-0.30565958712550045,-0.05965097935286967,-0.5191467791944568,0.11816217535756586,0.27139837446737264,-0.047913848839735027,0.02583206795785,-0.04280022413924182,-0.05888142559957824,0.00800834563392988,0.02875385171824788,-0.017205328116871622,0.0,-0.08803699087154324,0.00967882176799543,-0.011788822784228237,0.059288733696709804,0.008464026342015173,-0.011218437009097904
39,0,0.7178679225397105,0.8585579199318937,-0.3243407984854686,-0.2309417521140148,-0.6038895858144068,0.3270876365745016,-1.0902090109476517,-0.21174359591423508,-0.44108645555357456,-0.48391122135269543,-0.2779228193880985,-1.1120341161615548,0.09277009633151731,-0.16901347339916067,-0.341986413795332,-0.19341505931630182,-0.5982415064758309,-0.15861209967998963,-0.4597393644073106,-0.2025680591440553,-0.6119008892985809,-0.15061433344780764,-0.3610528274894286,-0.33417754412048095,-0.12181022676061079,-0.459858045497747,0.05891399096344761,0.20444053345081636,0.17632296373023887,0.051968042597556795,-0.0007254275277831179,-0.0007269311802410416,-0.02402503690106129,0.04313077757737625,-0.04817491872724348,-0.01973159737840293,0.0,-0.028517956994980546,-0.062159247407741126,0.05928873369670982,-0.05924818439411824,-0.0669578410165563
40,0,-0.37456783100634405,-1.4572109958188348,-1.1803452812703283,0.2379288591418715,-0.6038895858144068,-0.06766863277775714,-0.40199588627273786,0.07455801310573765,-0.681187339750016,-0.33354381174281134,-0.402955788311714,-0.5191467791944568,0.1774103597516991,-0.51615001481273,-0.29215601100200933,-0.4514318322129382,-0.6681934466549811,-0.13753109545297873,-0.4757560556748063,-0.19325960884204635,-0.6394294142855765,-0.1200497022145961,-0.39306627871537814,-0.34374114181980725,-0.15288985046447975,-0.5191467791944568,-0.01726224611470398,0.10813131007083605,0.049830402793322695,-0.2580167728966364,-0.06995194017915023,0.021081004227010924,-0.016016691267495588,0.009308450302008924,-0.027528524986995574,0.030564631233211525,-0.032013451225949556,-0.009563597699326321,-0.031079623703868974,-0.059288733696709804,-0.0761762370781516,-0.0963092233799803
41,0,0.4687159085728792,-0.9268938359782799,-0.3523215745571268,-0.03830498934997298,-0.283555760464495,-0.4726593239279944,-0.8837450735451726,0.07842695376816615,-0.2810191994238268,-0.3053139149195088,0.10074845792344647,-0.5191467791944568,0.09277009633151731,0.5238484852758437,-0.09091784587513094,-0.49382681433199627,-0.6707842592542089,-0.12444633420862757,-0.4757560556748063,-0.22269575534682612,-0.6359883486622027,-0.09722295230624599,-0.40106964152168356,-0.31441661634415874,-0.18289776300614874,-0.5191467791944568,-0.021494259285711567,0.14736056149887033,0.20123816512687842,-0.04239498211905803,-0.0025908125992277877,0.013084761244351182,0.0,-0.02943614650477978,0.003441065623373829,0.02282674990835013,-0.008003362806305415,0.029324525475648584,-0.030007912541669002,0.0,-0.004232013171007587,0.03922925142803428
42,0,-0.010422579824471123,-0.04556445859283943,-1.3140312113904782,-0.1473446663862535,-0.283555760464495,-0.22362172684287548,-0.22994260510402165,-0.02216550345506276,-0.44108645555357456,-0.2390600754361868,-0.020712140459502502,0.07374055777264124,-0.24579095734914974,0.019371600904521905,-0.08708473796795563,-0.41602670377658946,-0.6948270001750421,-0.11826741917657455,-0.443722673139815,-0.21899186936277934,-0.5878134299349617,-0.07362241426541016,-0.409073004327989,-0.30226047709982984,-0.23809088785957416,-0.459858045497747,-0.05958237782478586,0.14947724772700183,0.0038331079071753163,0.07780011055540681,-0.024042740920833184,0.006178915032053001,0.032033382534991175,0.003703885984046781,0.048174918727241035,0.023600538040835825,-0.008003362806305415,0.012156139244328845,-0.055193124853425445,0.059288733696709804,-0.03808811853907429,0.0021166862281314903
43,0,-0.16374689611148377,0.24010782235277037,0.012464839414143593,-0.35088539685391096,-0.12338884778953907,0.12873479506048852,-0.5396385112077158,-0.09954431670372069,-0.12095194329407902,0.19706302446684834,-0.40831434412274564,-0.5191467791944568,0.3890110183021085,-0.6699625473902717,-0.06983575238564492,-0.35205434724567974,-0.5867382985352582,-0.14770813197636162,-0.4116892906048239,-0.1857543661901511,-0.5155510518440964,-0.06278938041060157,-0.3930662787150142,-0.25450010063752754,-0.28989026069936,-0.4005693118010372,0.008129832911347551,0.028755576515907676,0.017248985582310715,0.06397235653090974,0.1080887016397839,-0.029440712799787057,0.03203338253499118,0.03323750317262823,0.07226237809086519,0.01083303385480859,0.016006725612974778,0.0477603764623023,-0.05179937283978585,0.0592887336967098,0.0677122107361334,-0.12072167121109416
44,0,-0.9303684775472008,0.1869241530278003,-0.4134647518988941,-0.2672883111261083,-0.6839730421537057,-0.09934660500970938,-0.40199588627273786,-0.08406855405396271,-0.040918315231024883,-0.17107787492293297,0.031087232380289695,-0.5191467791944568,0.1774103597516991,-0.16195785263873907,-0.10433372355024458,-0.30251755810298053,-0.5892254786305146,-0.15097932228744632,-0.451731018773745,-0.13969946809905276,-0.6015776924284595,-0.05195634655578858,-0.3850629159087088,-0.23001498604587667,-0.2877468383749538,-0.459858045497747,0.11393016218655827,0.06276366858121744,-0.03449797116459964,0.04953678914269914,-0.0024871800952564137,-0.0032711903110846955,-0.04004172816892107,0.04605489809109833,-0.086026640584363,0.01083303385481299,0.008003362806305415,0.024485114591650863,0.002143422324406288,-0.059288733696709804,0.1058003292752107,0.03400809206530977
45,0,-0.4512299891498504,0.06232241346641913,0.23009309774926823,0.0707346876862662,-0.12338884778953907,0.16138747413036877,-0.12671063640278216,-0.24269512121370707,-0.6011537116833223,0.061098623440288276,-0.7905579919749571,0.6666278947397393,-0.20347082563907387,-0.6248065745234732,-0.13691514076125655,-0.2791167435999848,-0.5653900027176195,-0.12917138688019433,-0.43571432750624933,-0.12386048198306779,-0.5189921174674728,-0.07439620239789586,-0.4330830927476331,-0.1884190972572354,-0.35776530097218356,-0.34128057810432744,0.05044996462143243,-0.03869615795388314,-0.03258141721101197,0.023400814502995814,0.023835475912895164,0.02180793540725197,0.01601669126749559,0.015838986115984978,0.08258557496098672,-0.02243985584210728,-0.04802017683892433,0.04159588878864129,-0.07001846259722978,0.11857746739341961,-0.06348019756512582,-0.10145982653510059
46,0,-0.9495340170830773,0.24770548939922427,-0.6155481346386662,-0.1328060427813913,-0.36363921680379385,-0.36592892517726716,-1.12461966718139,0.05134436913112268,-0.7612209678167097,-0.07889861998963815,0.18469916562930128,-0.5191467791944568,0.4736512817222903,-0.16195785263873907,-0.3074884426307106,-0.1754845650867279,-0.561141070054885,-0.09718641494955949,-0.40368094497125817,-0.1248839241628745,-0.5499617080778446,-0.0716879439341959,-0.48110326958692146,-0.17078981475124447,-0.26488366691463694,-0.2819918444076176,0.09700210950252791,-0.12590363055289705,-0.1705733018694541,0.10363217851325682,0.004248932662734417,0.03198497193063484,0.03203338253499118,-0.0010234421798067162,-0.030969590610371845,0.002708258463699949,-0.04802017683928829,0.01762928250599093,0.09288163405754661,0.0592887336967098,0.04655214488109548,-0.08720747259901389
47,0,-0.2787401333269612,-0.8083702300540342,-0.5865310335273177,-0.18005656949710044,-0.283555760464495,-0.5569714654069972,-1.0557983547138887,-0.02216550345506276,-0.20098557136077266,-0.3790573188661132,-0.12073851559842033,-0.5191467791944568,0.1774103597516991,0.7679729635870073,-0.27874013332687403,-0.22152642738807068,-0.5916090262218043,-0.1233559374382577,-0.37965590806983274,-0.1479844762212727,-0.6325472830388313,-0.06975347360298165,-0.4410864555546664,-0.18392535857923453,-0.2154063349262907,-0.34128057810432744,0.11393016218656427,-0.04434065456223296,0.028748309303836657,-0.04604186230134279,-0.03046795616691933,-0.02616952248869823,0.024025036901425472,-0.023100552058398192,-0.0825855749609867,0.001934470331214249,0.04001681403225497,-0.013135543827990056,0.04947733198834624,-0.059288733696709804,0.01692805268403636,0.08156297599066409
48,0,-0.6620509240447107,-0.8053311632354665,-1.2373431584533348,-0.1764219135958952,-0.6038895858144068,-0.10129601868556547,-0.6428704799089552,-0.07633067272910571,-0.5211200836202682,-0.23848395509289366,0.05966619670568572,-0.5191467791944568,0.8122123354029573,0.546426471709243,-0.2634077016981509,-0.2447752885501347,-0.5781368007058203,-0.12153860948765098,-0.3956725993373283,-0.12702827920628074,-0.6497526111557054,-0.055438393151983026,-0.40907300432871685,-0.1971185144415644,-0.16450005472167148,-0.4005693118010372,0.19433841243572644,-0.044622879392649806,0.015332431628723053,-0.023248861162063972,0.013472225515984038,0.0018173279506067425,-0.016016691267495588,0.020956197014991962,-0.017205328116874065,0.014315080450998639,0.03201345122594955,-0.01319315586232985,0.0509062802046192,-0.059288733696709804,0.08040825024916218,-0.0002822248304168551
49,0,-0.6620509240447107,-0.4573580125091488,-0.5772041081701063,0.008945537365736172,-0.4437226731394509,-0.5184705453096373,-0.1611212926365205,0.05134436913112268,-0.5211200836202682,-0.11346584058963681,-0.15467603573481623,-1.1120341161615548,-0.6689922744499986,0.9852860830084935,-0.401399586356593,-0.376366881794239,-0.6034231316742841,-0.09754988053967587,-0.3796559080698327,-0.2115840973946946,-0.5568438393245922,-0.029129596647447242,-0.4170763671353862,-0.1600739763652585,-0.15217537635634326,-0.4005693118010372,0.11816217535757487,0.07080707624811562,-0.13799188465844212,-0.13159159324410424,-0.025286330968463767,0.023988728947975095,0.016016691267495588,-0.08455581818841389,0.09290877183111311,0.026308796504535777,-0.008003362806669361,0.03704453807630586,0.012324678365328226,0.0,-0.0761762370781516,0.11542995564076541
50,0,0.2578949736782368,0.0805568143778256,0.30159952548796076,0.012580193266941389,-0.12338884778953907,-0.5491738107037502,-0.22994260510402165,-0.14210266399047813,-0.5211200836202682,-0.647529398859265,0.39011047171810503,0.07374055777264124,0.26205062317185085,0.9147298754041021,-0.33815330588813497,-0.22259010077457292,-0.4552286509984551,-0.12008474712716888,-0.3316058342673459,-0.2597346151872939,-0.5396385112077206,-0.05079566435706882,-0.4010696415224114,-0.1914725350769039,-0.07286875035336138,-0.34128057810432744,0.12662620169959002,0.21389506526979885,0.06324628046845808,0.15377678101966605,0.1481944806758289,-0.022534866587493013,0.04805007380248677,-0.0481505177925993,0.017205328116871622,-0.021666067709621577,0.01600672561297478,-0.03139855871164536,0.07930662600298191,0.059288733696709804,0.008464026342015174,0.14308798902168324
51,0,-1.0645272542985547,0.19300228666493577,0.7150932163247165,-0.3036348701382018,-0.2034723041288379,-0.3430233144864014,-0.3675852300389995,-0.18466101127719162,-0.20098557136077266,-0.4228424649594309,0.05430764089465414,-0.5191467791944568,-0.24579095734914974,0.1682451989497684,-0.4914776221752783,-0.11060048851025132,-0.3484871719102708,-0.14661773520599178,-0.32359748863378024,-0.2467710142431346,-0.48802252685710334,-0.07710446086160459,-0.39306627871610605,-0.2032253900808961,-0.0775128320562406,-0.34128057810432744,0.0927700963315233,0.1783347366371913,-0.15332431628714338,0.11198961226432155,0.10674147908818432,-0.026532988078822883,0.008008345633565709,0.012963600944159303,0.05161598435061732,-0.026308796504535777,0.008003362806305415,-0.011752855003992207,-0.0046440817028792335,0.0,-0.0338561053680667,-0.03556032863260753
52,0,-1.1795204915138142,-0.9831165721218522,-0.635238310392803,-0.36542402045873185,-0.12338884778953907,-0.172936971271681,-0.3675852300389995,-0.07246173206667722,-0.3610528274905204,-0.13939125603960958,-0.30292941317282795,0.6666278947397393,0.8968525988231091,-0.9260815809941769,-0.6083874133442126,-0.2043556998631526,-0.2806078818105033,-0.1684256706132396,-0.30758079736628463,-0.24170253868601516,-0.5017867893506012,-0.08213408372276605,-0.3850629159098006,-0.19325850814123838,-0.10573455932757314,-0.2819918444076176,0.2070344519487492,0.08378941844732143,-0.11690979116893432,-0.09375521135290128,0.06787929009976752,-0.021807935407247837,0.01601669126749559,0.005068475557119448,-0.013764262493497787,-0.005029622861161446,0.008003362806305415,0.00996688193965772,-0.02822172727133255,0.059288733696709804,0.11426435561722588,-0.09454531818986989
53,0,-0.24040905425499012,0.22491248825993165,-0.41139210181951374,-0.2600189993236979,-0.283555760464495,-0.4156389739104449,-0.5396385112077158,-0.26590876518827805,-0.5211200836202682,-0.3848185222994638,-0.3207912658761925,-0.5191467791944568,-0.03419029879874035,-0.044128985939422806,-0.6160536291585632,-0.20587523327243645,-0.322993575933869,-0.1593390308602183,-0.32359748863378024,-0.2961399155831085,-0.5017867893506011,-0.09877052857122179,-0.4250797299424195,-0.2514466628178696,-0.09698225150291784,-0.2819918444076176,0.16471432023866434,0.14637277459240633,-0.007666215814350635,-0.0015195334092838713,-0.042385694123365736,0.009086639753021309,-0.01601669126749559,-0.05443737689709334,0.0,-0.016636444848455736,-0.04001681403261892,-0.05818815467663121,0.008752307824655314,0.0,-0.042320131710084884,0.0625833561450849
54,0,-0.6620509240447107,0.5166629028427114,-0.6953451626948801,-0.0964594837693391,-0.2034723041288379,-0.25237557856113224,-0.12671063640278216,-0.02603444411749126,0.1191489408987229,-0.21543914135954376,0.08110041994971688,0.6666278947397393,0.13509022804159318,0.6769554557773432,-0.5892218738083143,-0.17290135829094536,-0.3511816170134676,-0.14225614812454138,-0.27554741483129347,-0.3114428129382508,-0.4742582643636055,-0.09296711757757463,-0.40907300432944477,-0.25588278946153065,-0.09198093274597512,-0.16341437701419798,0.1604823070676537,0.23026410543401452,0.02683175535024901,0.03297387498149111,-0.028188041079598603,0.01708288273567692,0.048050073802486784,-0.015302897355142286,0.027528524986995574,0.005803410993647146,0.016006725612974778,-0.004436126643661079,0.005001318756942719,0.11857746739341961,-0.004232013171010593,0.08389133084160823
55,0,-0.48956106822182144,-0.03492772472785233,-0.31605019816794727,-0.3399814291502953,-0.6038895858144068,0.002510259551554965,-0.8837450735451726,-0.11502007935343468,-0.20098557136077266,0.03632544867695416,0.43476510347653236,-1.1120341161615548,0.00812983291133551,0.6522607831158175,-0.5930549817155114,-0.18262637211037253,-0.40579594660518914,-0.18332775980819754,-0.3235974886337802,-0.3273305343961322,-0.5499617080778446,-0.0801996133915474,-0.3690561902971898,-0.2583601069378641,0.03055137679917384,-0.34128057810432744,0.18164237292269464,0.3579708411979436,-0.003833107907197103,-0.009725013819427145,-0.05461432959172154,-0.04107161168365615,-0.04805007380248677,-0.015887721457881383,-0.07570344371423905,0.01276750418602724,0.04001681403225497,-0.0024773174763334112,0.12253230954514896,-0.1778662010901294,0.02116006585504094,0.12770673576392907
56,0,-0.7003820031164638,-1.18521451555678,-0.20101811876222034,-0.27819227882976527,-0.12338884778953907,-0.6183779961950455,-0.47081719874021455,-0.10341325736614919,-0.12095194329407902,0.1273524629235579,-0.36187352709395326,-1.1120341161615548,0.3890110183021085,0.9323689273052063,-0.5681397803188502,-0.3259183726059729,-0.3643429450175446,-0.19786638341303492,-0.29957245173235475,-0.35257544149791004,-0.484581461233727,-0.09567537604127459,-0.3050292878449267,-0.23773499864654446,-0.024105892473151612,-0.4005693118010372,0.1731783465806765,0.46740351919233813,0.024915201396661348,-0.14329200049560042,0.04145300158764459,-0.014538623604837398,0.02402503690142548,-0.025244907101777837,0.06538024684411754,-0.015475762649727188,0.06402690245226307,0.020625108291319603,-0.05465726927232546,-0.0592887336967098,-0.008464026342018182,0.10943267799439453
57,0,0.21956389460626574,0.6914092449104949,-0.1668193924524211,-0.40177057947082534,-0.2034723041288379,-0.027705652423593848,-0.1611212926365205,-0.4090595696982644,-0.12095194329407902,-0.4689320924260783,0.09717608738274817,0.07374055777264124,0.43133115001218436,-0.34752067863825303,-0.5183093775255274,-0.17594042510952002,-0.3223717809100549,-0.22003778441040742,-0.291564106098789,-0.2996488601995697,-0.39511375502599017,-0.13436478266559476,-0.29702592503825737,-0.24672247600254096,-0.0023144321750347627,-0.34128057810432744,0.19857042560672503,0.3558541549698121,0.049830402793322695,0.14997794749645293,0.04197116410748966,-0.02217140099737249,0.008008345633565709,0.05292658129834034,0.08946770620773682,-0.03868940662432017,0.008003362806669365,-0.008987477355996509,0.02179146029811685,0.059288733696709804,0.025392079026048526,-0.11154936422252604
58,0,-0.604554305437081,0.3783853625977409,-0.649746860948489,-0.052843612954835174,-0.36363921680379385,-0.12127750886264711,-0.29876391757149834,-0.09954431670372069,-0.20098557136077266,-0.05470156556964958,0.482992105775658,-1.1120341161615548,0.5582915451424421,0.7009445663628517,-0.5125597156647644,-0.057568772526199276,-0.2636121511595704,-0.2076799543463014,-0.26753906919772774,-0.3016470092172779,-0.3607030987922445,-0.13668614706305623,-0.2650124738123078,-0.2283442370502166,0.04001815873196246,-0.4005693118010372,0.1731783465806735,0.37130596443517294,0.005749661860762967,0.11837165258332075,0.05875962975048458,0.012357830064106004,0.02402503690106129,-0.0019981490177081646,0.03441065623374569,-0.002321364397461498,0.03201345122594955,0.01837823895232441,0.042332590906997224,-0.0592887336967098,-0.025392079026051527,0.015451809465360877
59,0,-0.2595745937910846,0.3388774939563257,-0.7202169636474678,-0.2636536552249031,-0.12338884778953907,-0.3854230619353848,-0.22994260510402165,-0.06859279140424872,-0.20098557136077266,-0.3531319034161404,-0.31543271006519263,0.6666278947397393,0.21973049146177498,0.425775356705758,-0.4723120826394018,0.02205477812034818,-0.2779134367073065,-0.23493987360536533,-0.23550568666273658,-0.2883422608798526,-0.3675852300389947,-0.14867986311659337,-0.23299902258635824,-0.25231084333286696,0.023942491298924822,-0.2227031107109078,0.26205062317185085,0.3153548918048994,0.040247633025362606,0.07962355064654744,-0.014301285547736154,-0.027259919259063924,0.03203338253499118,0.013304748337425254,-0.006882131246750115,-0.01199371605353714,0.03201345122594955,-0.02396660628265036,-0.016075667433037642,0.1778662010901294,0.08887227659117736,-0.055951072630273546
60,0,0.20039835507038917,0.3024086921334782,-0.1906548683653186,-0.07101689246086126,-0.5238061294787497,-0.0930110105633544,-0.47081719874021455,-0.17305418928990612,-0.20098557136077266,0.1273524629235579,0.10967938427511291,-0.5191467791944568,-0.4573916158995892,-0.12950199714072458,-0.47806174450018657,0.04423996589591344,-0.3271388760926344,-0.24329958217814557,-0.2755474148316576,-0.242725980865813,-0.3916726894026139,-0.15177501564653617,-0.20098557136040868,-0.17482265715458462,-0.004100617445374395,-0.2819918444076176,0.19010639926470685,0.21093170455041674,-0.005749661860784766,0.022185187775565263,-0.04922543938532794,-0.008359708572780265,-0.04004172816892106,0.04561628001403958,-0.02408745936361929,-0.003095152529942799,0.03201345122594955,0.07748818617828228,-0.02804310874429921,-0.059288733696709804,-0.07194422390714401,-0.10442318725448267
61,0,0.06623957831925309,0.09423261506138045,-0.5160609308283154,-0.245480375718877,-0.12338884778953907,-0.19243110802979863,-0.5052278549739774,-0.10341325736614919,-0.2810191994238268,-0.27823625878284497,0.5169296259120539,0.6666278947397393,0.939172730533215,-0.38138765828835186,-0.3649850612384058,0.034362998735557905,-0.4502542908079376,-0.2374841327362131,-0.26753906919772774,-0.22766676022015275,-0.40543695189611173,-0.14365024025543194,-0.2089889341667141,-0.16036203653692602,0.04216158105636558,-0.16341437701419798,0.3086027680529433,0.15596841882660475,0.11307668326178077,-0.009876967160355531,-0.12311541471530318,0.00581544944193248,0.008008345633929884,0.015059220645660277,-0.013764262493497787,0.008124775391104243,-0.008003362806305415,0.014460620617658593,0.04626219850173998,0.11857746739341961,0.11849636878823648,-0.054963285723812025
62,0,-1.102858333370308,-0.32667813931063217,-0.42175535221643906,-0.21640312850919394,0.19694497756037277,0.07025238478604696,-0.5740491674414541,-0.21174359591423508,-0.5211200836202682,-0.3064661556061475,0.027514861839591395,-2.297808790095751,0.05044996462144145,-0.1048073244791738,-0.3573188454240551,0.1000068420166799,-0.42890599499030124,-0.22258204354125938,-0.23550568666273652,-0.20334782461437992,-0.4260833456363572,-0.15757842664018773,-0.22499565977968888,-0.17706952649357982,0.07520600855760752,-0.459858045497747,0.22396250463277653,0.23809584447810503,0.00766621581435063,0.06564384328112201,0.021348295817636392,0.014902089194953791,0.03203338253499118,0.024318935605772796,-0.020646393740245454,-0.013928186384755787,-0.016006725612974775,-0.01670748995665379,0.03304442750124194,-0.296443668483549,-0.08464026342016676,0.0821274256515003
63,0,-0.2787401333269612,-0.15497086406138189,0.052881515962107425,-0.10009413967054433,-0.5238061294787497,-0.35374508970343255,-0.5740491674414541,-0.02216550345506276,-0.040918315231024883,-0.16877339354960322,-0.7887718067046239,-0.5191467791944568,-0.16115069392899803,0.005260359383653658,-0.3611519533312523,0.062018506784548566,-0.3824786332121391,-0.206589557575944,-0.25953072356416207,-0.19715843619367873,-0.42952441125973095,-0.1332041004668662,-0.17697548294076457,-0.15546501361859377,0.028407954474764387,-0.459858045497747,0.21126646511975075,0.24303477901041268,-0.0038331079071971057,-0.037988335232131354,0.04642736177816212,0.015992485965315356,-0.024025036901425472,0.0061893884207012365,-0.003441065623373829,0.02437432617332153,0.04802017683892433,0.021604512874986055,-0.04679805408284314,0.0,-0.012696039513025767,0.004938934532307647
64,0,-1.5053346636241518,-0.8630734327883227,-0.3419583241602251,0.14706246161165842,-0.12338884778953907,0.08779710786839716,-0.3675852300389995,-0.26203982452584956,0.039115312835668756,0.01961795872030037,-0.11359377451705546,-1.1120341161615548,0.3890110183021085,0.6360328553668227,-0.44548032728919634,-0.07595512677855484,-0.34713994935867365,-0.1822373630378442,-0.25152237793023213,-0.16314116755072577,-0.4536118706233527,-0.15680463850770202,-0.18497884574706996,-0.13195930361060937,0.008938535028087145,-0.6377242465878764,0.2366585441458023,0.23894251896936067,-0.08432837395794411,-0.1379736335631034,0.0353386838534655,0.024352194538099753,0.008008345633929884,0.034017268642952944,-0.024087459363621735,-0.023600538040835832,-0.008003362806305415,0.02350571000798441,-0.01946941944667723,-0.1778662010901294,0.025392079026051527,-0.004092260041052042
65,0,-0.29790567286283776,-0.5804402186612461,-0.19687281860345965,-0.16188328999107435,-0.7640564984930045,-0.2362929157356741,-0.5052278549739774,-0.0918064353788637,-0.2810191994238268,0.2823288352801539,-0.9120185903579061,0.07374055777264124,0.00812983291133551,-0.20076376682113303,-0.42631478775329806,-0.13050637617189423,-0.33522221140222486,-0.16442754912192215,-0.26753906919809195,-0.18702148507944866,-0.41576014876623313,-0.15448327411024493,-0.1929822085533754,-0.10735896495028938,-0.1257398343553567,-0.5191467791944568,0.23665854414580229,0.1536400639756656,0.01916553953589837,-0.05455124939333937,0.011917737956448762,0.017809813915922092,-0.016016691267859772,-0.023880317528722904,0.037851721857119526,0.0023213643974570987,-0.008003362806305415,0.02460033866031997,-0.13467836938344385,0.11857746739341961,0.0,-0.08530245499369506
66,0,0.9095233178984764,-0.5318151495641277,-0.4352275777324113,-0.03830498934997298,-0.12338884778953907,-0.1490566537429758,-0.5052278549739774,-0.10728219802857768,-0.5211200836202682,-0.09445386925965327,-0.24755766979236918,-0.5191467791944568,0.26205062317185085,-0.04271786178733848,-0.265324255651804,-0.06516643957262899,-0.35864315729924395,-0.14043882017394288,-0.2675390691980919,-0.1400893508342417,-0.4192012143896095,-0.15487016817648777,-0.2329990225859943,-0.12953959816861052,-0.11430824862519831,-0.459858045497747,0.22396250463277653,0.05613138506641112,0.16099053210149403,0.06533993659926522,-0.023420945897019093,0.02398872894797923,0.0,0.046932134245206966,-0.0034410656233762825,-0.0003868940662428488,-0.04001681403261892,-0.022180633218321116,0.011431585730158409,0.0592887336967098,-0.012696039513025763,-0.09750867890925448
67,0,0.08540511785512968,-0.015173790407127442,-0.12433006582507693,0.14706246161165842,-0.283555760464495,-0.19048169435403117,-0.5396385112077158,-0.258170883863421,-0.6011537116833223,-0.2638332501995209,-0.6387322439962788,0.07374055777264124,0.5159714134323662,-0.15490223187829244,-0.2787401333269176,-0.13582474310439124,-0.35439422463650955,-0.08555551606569452,-0.2755474148316576,-0.15636695502728543,-0.45705293624672894,-0.13978129959300345,-0.2810191994249186,-0.10902971394595476,-0.187899081763101,-0.459858045497747,0.23242653097479468,0.07539322974240718,-0.013415877675113607,-0.07065830353176224,0.004248932662734418,0.054883304108248376,-0.008008345633565709,-0.01627760419304373,-0.037851721857119526,0.015088868583484339,-0.04802017683892433,0.02050988422265574,-0.0735908331379027,0.0,0.008464026342018182,0.019261844675996058
68,0,-0.08708473796797746,-0.15649039747066573,-0.3357403739220605,-0.14371001048504825,0.03677806488541685,-0.25432499223689964,-0.711691792376432,0.06682013178088066,0.1191489408987229,-0.1497614222195673,0.5508671460484815,-1.1120341161615548,0.3890110183021085,0.3813249459150017,-0.22699317658000723,-0.1893123191112319,-0.3229935759338667,-0.09464215581871584,-0.23550568666273658,-0.16967170336471069,-0.49834572372722236,-0.12314485474454329,-0.24900574819896906,-0.11853569961094652,-0.18111157773581862,-0.459858045497747,0.21549847829076135,0.04343126769762219,0.05174695674691036,-0.05348757600684066,0.03140064870264285,-0.009086639753021309,0.04004172816892107,-0.013304748337425254,-0.041292787480493365,0.016636444848460136,0.032013451225949556,-0.00950598566499177,0.006787504027282354,0.0,-0.016928052684033357,-0.031961962044785006
69,0,-0.1445813565756072,-0.1017871947364118,-0.45699040356592846,-0.10736345147295476,-0.283555760464495,-0.5759782487461508,-0.9181557297789109,-0.12662690134072016,-0.6011537116833223,-0.013797021193007209,0.08467279049038345,-1.1120341161615548,-0.33043122076933157,0.20070105444778288,-0.2154938528584595,-0.23337878798050565,-0.2966709199257128,-0.079013135443521,-0.25152237793023213,-0.1887272220457873,-0.5671670361947113,-0.12894826573819046,-0.289022562231224,-0.08460221138863322,-0.14110102768026103,-0.6377242465878764,0.1604823070676507,0.020923837471824677,0.01149932372154774,-0.04406646886927375,0.026322656008153932,0.015629020375194834,-0.01601669126749559,-0.0190555186810766,-0.06882131246748893,-0.005803410993647144,-0.04001681403225497,0.033933488222313325,0.040010550055557606,-0.1778662010901294,-0.05501617122311066,-0.02250743022579751
70,0,-0.8920373984754476,-0.23854520157206394,-0.8290310928150536,-0.24184571981767178,0.03677806488541685,-0.16855079050109345,-0.05788932393528099,-0.35102545976179295,-0.3610528274905204,-0.07717025895965395,0.34009728414864615,-0.5191467791944568,0.09277009633151731,-0.47593297647822674,-0.3247374282130432,-0.2874741773510599,-0.3605085423706863,-0.09609601817920205,-0.1954639584938155,-0.1962812000395612,-0.525874248714218,-0.14674539278537913,-0.3050292878441988,-0.10505448357695439,-0.11805923769290769,-0.6377242465878765,0.21549847829076135,-0.013719260461925542,-0.10924357535458369,-0.05409538937055421,-0.0638376224449735,-0.01708288273568105,0.05605841943641665,-0.007553977993773905,0.04129278748049335,-0.017797127047188683,-0.016006725612974775,-0.020452272188321186,0.023041789987353324,0.0,0.05501617122311066,-0.034643097933750214
71,0,-0.470395528685727,0.13677955052139795,-1.259105984286852,-0.31090418194061226,-0.6038895858144068,-0.3961448371523273,-0.5052278549739774,-0.2001367739269496,-0.2810191994238268,-0.19815553105954442,-0.6083670944005178,0.07374055777264124,-0.16115069392899803,0.5647710856863892,-0.3784009389135412,-0.2832194838050581,-0.4348130477165399,-0.10263839880137557,-0.24351403229630225,-0.21665257295181406,-0.5258742487142178,-0.15641774444145917,-0.30502928784419886,-0.09704641080462435,-0.2305889097241649,-0.6970129802845862,0.10546613584454005,0.08089661393554856,-0.053663510700498004,0.00425469354600175,-0.07430450534585366,-0.006542380622173527,-0.04805007380248677,-0.020371372912252866,0.0,-0.00967235165608004,0.0,0.008008072772330056,-0.11252967203125719,-0.059288733696709804,-0.11003234244622132,0.09461587439747411
72,0,-0.1445813565756072,0.46195970010842297,-0.9399178720619963,-0.10372879557174955,-0.283555760464495,-0.35423244312239655,-1.12461966718139,-0.06859279140424872,-0.2810191994238268,-0.1670450325195666,0.9724068698481205,-1.1120341161615548,0.26205062317185085,0.04406627356607267,-0.2825732412340711,-0.2043556998631526,-0.4866292997010957,-0.09137096550763114,-0.2915641060987891,-0.2591010557426584,-0.5809312986882115,-0.14210266399046054,-0.28101919942455467,-0.08310429849596626,-0.13609970892331197,-0.5784355128911666,0.126626201699581,0.09578397374007322,0.09582769767947007,0.07886378394190552,-0.05181625198455573,0.011267433293744439,-0.04805007380248678,-0.04244848279084435,-0.05505704997399359,0.014315080450998635,0.024010088419644138,0.013942112308658088,0.09448920080085291,0.11857746739341961,0.02116006585504094,0.014887359804524648
73,0,0.4112192899652495,-0.04252539177427169,-0.977225573490866,-0.12917138688018606,-0.283555760464495,-0.3006235670375066,-0.5740491674414541,-0.018296562792634263,0.039115312835668756,-0.25691980607953163,-0.054649660595930113,0.6666278947397393,0.00812983291133551,0.27831288281259586,-0.21357729890485005,-0.1931111526344416,-0.5896400086463929,-0.09427869022859531,-0.26753906919736353,-0.2537889034760658,-0.5809312986882115,-0.1417157699242177,-0.2730158366178853,-0.09191893974895911,-0.0626874943124426,-0.459858045497747,0.14355425438361435,0.12308922608296743,0.06899594232922106,0.01124454722871102,-0.10301070894529733,-0.0029077247209641733,0.024025036901425472,0.005312152266592596,0.0,0.0003868940662428499,0.008003362806669365,-0.008814641252992842,0.07341221461086937,0.11857746739341961,0.016928052684033353,0.027305252342894222
74,0,-1.4286725054804277,-0.5774011518426784,-1.0114242998006888,-0.24911503162008222,0.11686152122107392,-0.01893329088241875,-0.29876391757149834,-0.15370948597776363,0.039115312835668756,-0.10828075749963177,-0.06536677221796156,0.6666278947397393,0.05044996462144145,0.11532804324648112,-0.20591108309047765,-0.16454392453987715,-0.6565866062104393,-0.1338964395517694,-0.24351403229630225,-0.2644619433511474,-0.5740491674414614,-0.1308827360694091,-0.2730158366178853,-0.10470881137095231,-0.0578647940825332,-0.2819918444076176,0.10969814901554764,0.07101874487093328,0.007666215814372412,0.028567228094564433,-0.06694659756404638,-0.039617749323174065,0.024025036901061298,-0.010673039875081591,0.006882131246750117,0.010833033854808594,0.0,-0.012789871621993215,0.004822700229909391,0.1778662010901294,-0.0338561053680667,-0.052070481212034156
75,0,-1.2178515705857853,-0.7825381620962084,-1.3409756624224463,-0.2091338167067835,-0.283555760464495,-0.20169082298993773,-0.40199588627273786,-0.02216550345506276,0.1191489408987229,0.035749328333608624,0.17040968346660326,-1.1120341161615548,-0.2881110890592256,0.42859760500992666,-0.29790567286277236,-0.18475371888337339,-0.770996890592338,-0.13862149222334028,-0.1954639584934513,-0.2610017340765738,-0.5637259705713374,-0.12391864287702899,-0.23299902258563035,-0.12936676206560685,0.05037803329991773,-0.4005693118010372,0.08007405681849153,0.13395488205403924,-0.09199458977229476,-0.020209794343496235,-0.11441028438189867,-0.004725052671570915,0.04805007380285095,0.003460209274573636,0.010323196870123952,0.006964093192380094,0.040016814032254974,-0.02465795069465453,0.10824282738245095,-0.11857746739341961,-0.029624092197056112,0.06293613718310596
76,0,-0.7962097007960647,-0.15041226383353026,-0.3253771235251588,-0.10372879557174955,-0.4437226731394509,-0.3854230619353848,-0.9181557297789109,-0.06085491007939172,-0.44108645555357456,-0.203916734492895,-0.3904524914193493,-0.5191467791944568,-0.7113124061600745,-0.08081821389369027,-0.4684789747322265,-0.14661343031031365,-0.7600118451716128,-0.14516387284551796,-0.22749734102844252,-0.28463837489581467,-0.6050187580518308,-0.1192759140821104,-0.224995659778961,-0.140313048588931,0.03608855113721972,-0.4005693118010372,-0.017262246114700997,0.13014484684340405,-0.1705733018694541,0.03814028857305975,0.010985045420725249,-0.006542380622177657,-0.03203338253499118,-0.023636640819240898,-0.04129278748049335,0.004642728794918596,0.008003362806669361,-0.010946286523324172,-0.01428948216269801,0.0,-0.09733630293319254,-0.0038100352106351792
77,0,-0.5853887659012044,-1.2064879832867887,-0.9274819715856907,0.012580193266941389,-0.5238061294787497,0.07951209974618609,-0.3675852300389995,-0.014427622130205766,0.039115312835668756,-0.3738722357761082,-0.16539314735684765,-0.5191467791944568,-0.16115069392899803,0.3199410452991835,-0.53555836310786,-0.2657448495982798,-0.8403270357476741,-0.15861209967998965,-0.251522377929868,-0.257638995485793,-0.5878134299349592,-0.09490158790878887,-0.1609687573270619,-0.15131694714658975,0.08342246080116283,-0.459858045497747,-0.0849744568508374,0.17762917456115165,-0.0670793883756334,-0.11913141928796614,-0.08031519057606137,-0.013448226834471704,-0.024025036901425472,0.02699937941002173,0.017205328116871626,0.024374326173321526,0.0640269024518991,-0.011003898557658726,0.047333909663943116,-0.059288733696709804,-0.06771221073613642,0.04748432771774759
78,0,0.16206727599863602,-1.2505544521560557,-0.4683899790025439,-0.09282482786809257,-0.12338884778953907,-0.0038253348948886702,-0.5052278549739774,-0.06472385074182022,-0.2810191994238268,-0.06046276900300015,-0.5565677215607573,1.2595152317068374,0.13509022804159318,0.8328846745830363,-0.5106431617111986,-0.37515125506681873,-0.8535919962557225,-0.15352358141829409,-0.2675390691973636,-0.23258902975159187,-0.5671670361947138,-0.10805598616105896,-0.20098557135931686,-0.14238708182493304,-0.027321025959761047,-0.2227031107109078,-0.11036653587688897,0.2227851474279551,0.024915201396661348,-0.109406405468539,-0.01326496050804834,0.005088518261695568,-0.01601669126749559,0.025049965734201096,0.02064639374024546,-0.013154398252270088,-0.040016814032254974,0.008929865321656714,-0.11074348676092387,0.23715493478683922,-0.025392079026051527,0.04515597286680346
79,0,-0.4512299891498504,0.12462328324709243,-0.593785308805149,-0.16188328999107435,-0.2034723041288379,-0.4229492751948166,-0.7461024486101947,-0.02216550345506276,-0.2810191994238268,-0.4228424649594309,0.12039649589714435,-1.1120341161615548,0.1774103597516991,0.2345680340978817,-0.5413080249686228,-0.3525102072684684,-0.8672714867796445,-0.15897556527010606,-0.25953072356379786,-0.21728613239645841,-0.5499617080778421,-0.09760984637249323,-0.16897212013336732,-0.1832916262015754,-0.023748655419084958,-0.22270311071090773,-0.059582377824785884,0.22617184539296495,-0.030664863257424325,0.02264104779835042,-0.013679490523922056,-0.005451983851811959,0.008008345633565709,0.015302897355133415,0.017205328116871622,0.010446139788565739,0.03201345122594955,-0.04090454437664237,0.00357237054067609,0.0,0.05078415805210307,0.003386697965009883
80,0,-1.1795204915138142,-0.06379885950428045,-0.38030235062878504,0.012580193266941389,-0.12338884778953907,-0.1573416618651869,-0.3675852300389995,-0.11502007935343468,-0.3610528274905204,0.08932852026359081,0.031087232380289695,-0.5191467791944568,0.6429318085626239,-0.04624567216754928,-0.5700563342724595,-0.33503557306169,-0.8223986125610177,-0.1335329739616447,-0.27554741483129347,-0.21616521953286774,-0.5809312986882139,-0.07400930833165739,-0.1689721201333673,-0.1666417482792509,-0.054649660595920614,-0.22270311071090773,-0.0045662066016752155,0.2691405758240327,-0.02874830930383666,0.01747463420677835,0.04487287421862686,0.025442591308461316,-0.01601669126749559,0.0011209128635906562,-0.03096959061037185,0.02360053804083583,0.0,0.016649877922324474,-0.030901005176835646,0.0,0.05501617122311066,0.04296873043106775
81,0,0.2578949736782368,0.1048693489264021,0.3699969781075828,-0.07101689246086126,-0.36363921680379385,-0.4346457572496872,-0.33317457380523674,0.07842695376816615,-0.5211200836202682,-0.07947474033298368,-0.04393254897389867,-1.1120341161615548,-0.24579095734914974,-0.16195785263873907,-0.4972272840360631,-0.3382265932211896,-0.6594883163215742,-0.10954424501366963,-0.25152237793023213,-0.2200153115426038,-0.5637259705713398,-0.04615293556214582,-0.19298220855301146,-0.15477366920659485,0.0017937939467413191,-0.3412805781043274,-0.013030232943690389,0.1964676819915199,0.07282905023639638,-0.0031910201594995856,0.16291029623944348,0.0239887289479751,0.02402503690106129,-0.003850092009735989,0.017205328116874065,0.027856372769511573,-0.024010088419644138,0.011868079072656074,0.05644345454266192,-0.11857746739341961,-0.008464026342015171,-0.07267289383251282
82,0,-0.20207797518323695,-0.9800775053032845,-0.5958579588845528,-0.06738223655965604,-0.4437226731394509,-0.2046149435036332,-0.19553194887025885,-0.0918064353788637,-0.040918315231024883,-0.39749316985275124,-0.054649660595930113,-0.5191467791944568,-0.24579095734914974,0.20070105444778288,-0.5029769458968262,-0.48243031376236034,-0.6250823250038298,-0.10590958911246026,-0.26753906919772774,-0.2050535615807274,-0.47081719874022687,-0.04847429995960732,-0.16897212013373125,-0.17781848293991334,-0.10091185909766373,-0.28199184440761754,-0.06381439099579045,0.21213116007969096,-0.005749661860762975,-0.14420372054117075,0.03440599131774434,0.0036346559012093507,-0.01601669126749559,0.014961749961876334,0.09290877183111311,-0.002321364397461498,0.024010088419280193,-0.023044813733318466,-0.10270565304440507,0.0592887336967098,-0.050784158052100056,0.01566347808817102
83,0,-0.7387130821884349,0.19148275325565192,-0.4145010769386078,-0.06011292475724561,0.03677806488541685,-0.050123909695406955,-0.4364065425064762,-0.06085491007939172,-0.3610528274905204,-0.38424240195611825,0.17576823927760313,-0.5191467791944568,0.6429318085626239,0.24232921693437054,-0.6179701831121945,-0.45902949925936803,-0.568809875348604,-0.09900374290016624,-0.23550568666273658,-0.18000359584651746,-0.45705293624672905,-0.05273013468828307,-0.20898893416635014,-0.19055074252757198,-0.07787006911031043,-0.4005693118010372,-0.00033419343066161123,0.20853279349186837,-0.11499323721536844,0.023400814502992362,0.05627244965522582,0.006905846212294045,0.03203338253499118,0.02504996573420996,0.013764262493497787,-0.0042558347286757465,-0.04001681403261892,-0.012732259587658662,0.023041789987353324,-0.11857746739341961,0.06348019756512883,-0.0035983665878225324
84,0,-0.16374689611148377,-0.21575220043280585,0.4684478568782434,-0.1764219135958952,0.11686152122107392,0.18331837798321787,-0.6772811361426936,-0.03764126610477675,-0.12095194329407902,-0.15148978324960388,-0.3297221922278907,-0.5191467791944568,0.05044996462144145,0.42859760500992666,-0.4914776221753002,-0.42286460411838067,-0.42082265968071086,-0.09173443109774754,-0.23550568666273658,-0.1597784289599538,-0.4949046581038485,-0.04112331270098438,-0.22499565977932492,-0.19487164510256919,-0.10430561111130335,-0.5191467791944568,-0.00033419343066161123,0.23985974966821297,0.12649256093689437,0.03616489514098725,0.14798721566789325,0.0072693118024187015,0.0,0.020225166886563662,-0.037851721857119526,0.011606821987298687,-0.016006725612974775,-0.004320902574997211,-0.026435542000992913,-0.11857746739341961,0.0,0.03132695617634455
85,0,0.4687159085728792,-0.16560759792636898,-0.3336677238426802,-0.28546159063217574,-0.2034723041288379,-0.18317139306974817,-0.29876391757149834,-0.18466101127719162,0.039115312835668756,-0.37156775440277845,-0.11716614505772202,-0.5191467791944568,-0.37275135247940744,0.5259651715039702,-0.32282087425943373,-0.3611715477013968,-0.32009186582273425,-0.09936720849028675,-0.22749734102917082,-0.15792648596793485,-0.4845814612337246,-0.05737286348319727,-0.23299902258563035,-0.2356033533762079,-0.13306319396373584,-0.459858045497747,-0.008798219772679795,0.24959650631761732,0.16865674791586643,0.06169305641698395,0.1007307938579766,-0.007632777392539225,0.008008345633565709,0.0018519429920189566,0.010323196870123952,-0.016249550782212886,-0.008003362806305415,-0.04073170827363871,-0.028757582852432528,0.0592887336967098,-0.008464026342018182,0.009736756649404349
86,0,-0.6428853845088341,-0.15497086406138189,-0.9492447974192079,-0.19459519310196263,-0.2034723041288379,-0.2026655298278658,-0.5740491674414541,-0.25430194320099253,-0.44108645555357456,-0.4188096225560645,0.10253464319377976,-0.5191467791944568,-0.2881110890592256,-0.2642643536650777,-0.3074884426307107,-0.36162740772418195,-0.38247863321213915,-0.10845384824330806,-0.20347230412810954,-0.13965073275718295,-0.4501708049999789,-0.07671756679535735,-0.23299902258563035,-0.25709264218252487,-0.08376448050242295,-0.459858045497747,0.0335219119374051,0.23125189234047855,0.015332431628723053,-0.00045586002278516226,-0.06238676738940491,-0.009086639753021309,0.0240250369010613,0.0182757532107519,0.03441065623374569,-0.01934470331216008,0.0,-0.021489288806316953,0.049298713461312905,0.0,0.04232013171008489,-0.018344613977138748
87,0,-0.5087266077576981,0.9254173899404186,-0.07044116376114086,-0.1146327632753652,-0.12338884778953907,-0.09398571740128243,-0.8837450735451726,-0.2156125365766636,-0.040918315231024883,-0.29263926736616896,-0.28149518992876504,0.6666278947397393,0.09277009633151731,-0.07164590690511713,-0.29982222681636006,-0.14843687040146122,-0.29677455242968415,-0.12117514389753872,-0.1634305759591885,-0.1570005144719298,-0.5017867893505963,-0.09683605824000313,-0.2410023853922997,-0.24896934534153087,-0.09537468475961469,-0.34128057810432744,0.05891399096345663,0.19209319712004852,0.00766621581435063,0.2131905373227207,0.08570408078245498,-0.012721295654230658,0.04004172816892106,-0.017349781714746854,-0.05161598435061732,-0.020118491444645784,-0.008003362806669365,0.00812329684099392,-0.011610204257191739,0.11857746739341961,0.025392079026051534,-0.03915869522043006
88,0,0.3537226713576197,-0.4208892106863013,-0.9461358223001374,0.04165744047662445,-0.12338884778953907,-0.2514008717232042,-0.6772811361426936,-0.12275796067829167,-0.2810191994238268,-0.09848671166296723,-0.7048210989987691,-0.5191467791944568,-0.03419029879874035,0.3622747698618133,-0.2806566872804617,-0.06547034625448578,-0.3445491367594435,-0.10772691706306703,-0.1634305759591885,-0.18175806815476134,-0.5189921174674679,-0.10263946923365028,-0.2410023853922997,-0.25277173960752763,-0.11020002250341587,-0.5191467791944568,0.04198593827942328,0.1450322066479262,0.01916553953589837,0.08296652414697543,-0.04777458432975935,0.013448226834471702,0.0,-0.02475755368283155,-0.017205328116871622,-0.005803410993647146,0.0,-0.003802394265996708,-0.014825337743801181,-0.17786620109012943,-0.016928052684033353,-0.0470609904721223
89,0,-0.12541581703973062,0.12462328324709243,-0.6155481346386662,-0.08192086016447692,-0.12338884778953907,-0.20169082298993773,0.11416395723343523,-0.1923988926020926,-0.3610528274905204,-0.027047789089692572,0.10253464319377976,0.07374055777264124,-0.07651043050881622,-0.541550249550298,-0.24807527006944968,-0.06547034625448578,-0.34672541934279516,-0.09973067408040728,-0.15542223032525862,-0.15963222293427345,-0.4329654768831048,-0.11966280814835326,-0.2490057481989691,-0.21319227202055377,-0.11198620777375234,-0.4005693118010373,0.016593859253371746,0.06742037828310823,0.03258141721101197,0.0,-0.0021762825833517184,0.007996242982659742,0.008008345633929884,0.02212584522048789,0.08602664058436299,-0.017023338914702986,-0.008003362806669361,0.03957946758697383,-0.0017861852703364585,0.11857746739341961,-0.025392079026051534,-0.07761182836481798
90,0,-0.5278921472935746,0.028892678462139398,-0.6093301844005251,-0.10009413967054433,-0.2034723041288379,-0.23921703624936957,-0.6428704799089552,-0.10341325736614919,-0.12095194329407902,0.3036452879834672,-0.3672320829049849,-0.5191467791944568,1.0238129939533667,0.10192236380165504,-0.18291243564742574,-0.056201192457843795,-0.3696282027199692,-0.11099810737415586,-0.16343057595918847,-0.16781976037269172,-0.4604940018701004,-0.1185021259496247,-0.22499565977932495,-0.19176059524856617,-0.15181813930227978,-0.4005693118010372,0.054681977792446025,0.08223718188002867,0.06516283442202396,0.009269153796641985,-0.022902783377174007,-0.011267433293748571,-0.008008345633929884,-0.008187537438418269,-0.027528524986995567,0.0011606821987285494,0.02401008841964414,0.021431676771987637,-0.03983193152852746,0.0,0.038088118539074275,0.01481680359692043
91,0,0.7370334620755872,-0.13217786292208925,-0.4673536539628537,-0.1873258812995522,0.03677806488541685,-0.3230418243093197,-0.12671063640278216,-0.056985969416963225,-0.20098557136077266,-0.20334061414954946,0.3811795453664069,0.6666278947397393,0.3043707548819267,0.6176882413896765,-0.1349985868076907,-0.07990591364269292,-0.4533632659270129,-0.12262900625802495,-0.12338884779026742,-0.156659367078655,-0.43984760812985496,-0.13204341826813765,-0.1929822085533754,-0.20414718263022272,-0.10930692986824923,-0.22270311071090781,0.10969814901555368,0.1602017912828702,0.04791384883973503,-0.023704721184849134,-0.08373506320704364,-0.011630898883869093,0.04004172816892107,0.011160393294036747,0.020646393740245458,-0.013541292318512938,0.03201345122594955,-0.012386587381656577,0.04251120943403056,0.1778662010901294,0.055016171223107646,0.07796460940284156
92,0,-0.1445813565756072,-0.9329719696154499,-0.37719337550971455,-0.29636555833579137,-0.5238061294787497,-0.24262851018202908,-0.33317457380523674,-0.018296562792634263,-0.3610528274905204,-0.22004810410620326,-0.20468922330427514,0.07374055777264124,-0.20347082563907387,-0.3919710894290093,-0.12924892494692772,-0.07519536007390946,-0.431496807589529,-0.14552733843563848,-0.1313971934241973,-0.16046072374649456,-0.4536118706233527,-0.1246924310095147,-0.22499565977932495,-0.18640267605556793,-0.12431088613908373,-0.163414377014198,0.11393016218656124,0.100934576895191,0.005749661860762975,0.00471055356878346,0.02186645833748383,-0.022898332177613535,-0.00800834563392988,-0.0038013566678395867,-0.013764262493497789,0.007350987258622943,-0.03201345122594955,0.017744506574654796,-0.015003956270834501,0.059288733696709804,0.004232013171007587,-0.05926721438767922
93,0,-0.2787401333269612,0.1519748846142367,-0.25801599594522695,-0.21640312850919394,0.11686152122107392,-0.41515162049156956,-0.05788932393528099,-0.10341325736614919,-0.040918315231024883,-0.0812031013629679,0.40797232442146963,0.07374055777264124,0.21973049146177498,-0.06811809652490634,-0.08325163006078035,-0.07914614693805098,-0.415848299490191,-0.1611563588108333,-0.1233888477906316,-0.19696349482611084,-0.41576014876623324,-0.12894826573819046,-0.1929822085533754,-0.1560987459962529,-0.10109047762469707,-0.10412564331748819,0.07161003047647636,0.06988984554926332,0.04599729488614737,-0.003950786864141523,0.01564850809933809,-0.015629020375194834,0.008008345633565707,-0.03650277107961626,0.03785172185711952,-0.0042558347286757465,0.03201345122594955,0.030303930059315032,0.02322040851438665,0.059288733696709804,-0.04232013171008489,-0.03104473134592769
94,0,-0.6428853845088341,-0.20359593315850033,0.05599049108117794,0.019849505069351826,-0.4437226731394509,-0.1544175413514914,-0.4364065425064762,-0.10728219802857768,-0.040918315231024883,-0.30589003526280195,-0.24577148452203587,-0.5191467791944568,0.3890110183021085,0.6176882413896765,-0.1311654789005154,-0.07793052021062044,-0.4570940360698975,-0.1415292169443086,-0.17944726722668408,-0.23073708675958177,-0.39167268940261146,-0.13591235893057058,-0.18497884574706996,-0.17153877119757271,-0.09269540685411161,-0.10412564331748819,0.10546613584454308,0.08879890918723829,-0.04791384883973504,0.001215626727430552,-0.04124573657970655,0.019627141866524703,-0.056058419436052484,-0.033773591933470924,0.02408745936362174,-0.006964093192380093,0.008003362806305415,-0.015440025201319808,0.00839507077058548,0.0,0.0338561053680667,0.018909063637974982
95,0,0.2578949736782368,-0.4512798788720133,0.43943075576687146,-0.43811713848291883,-0.36363921680379385,0.019567629214852486,-0.47081719874021455,-0.11502007935343468,-0.5211200836202682,-0.2718989350062012,0.18648535089963456,0.07374055777264124,-0.7959526695802562,-0.21981394287432146,-0.1522475723899796,-0.10649774830518488,-0.37978418810894227,-0.15679477172938291,-0.1954639584941797,-0.2104631845311217,-0.4088780175194831,-0.12894826573819487,-0.24100238539266366,-0.161571889257915,-0.062330257258375946,-0.04483690962077839,0.06314600413445819,0.014220997749409135,-0.021082093489464236,-0.028567228094564433,0.07730984796095516,-0.015265554785074308,-0.016016691267495595,0.020273902228460067,-0.017205328116871622,0.006964093192375694,-0.05602353964559369,0.009966881939657724,0.030365149595735656,0.059288733696709804,-0.04232013171008488,-0.07457791143782916
96,0,-0.41289891007809726,-0.9162571021132928,-0.902610170633103,-0.40540523537203055,0.03677806488541685,0.04149853306779022,-0.4364065425064762,-0.2001367739269496,-0.3610528274905204,-0.4458872786927284,-0.33508074803889054,-1.704921453128653,0.09277009633151731,-0.6904238475955444,-0.12924892494690593,-0.18262637211037597,-0.3751207254303318,-0.1778757759563897,-0.1714389215927542,-0.18604677824155608,-0.3951137550259853,-0.12353174881079057,-0.23299902258635824,-0.1642796548715814,-0.10609179638164297,-0.16341437701419798,0.10123412267353246,-0.028394951643637534,0.02299864744307369,-0.0761286238051911,0.004663462678610486,-0.021081004227006792,0.024025036901425476,0.024416406289565602,0.013764262493497787,0.005416516927404294,0.008003362806305415,-0.002707765613666385,-0.04376153912326703,-0.11857746739341961,0.03808811853907429,-0.04261594939304667
97,0,-0.5662232263653277,-0.20967406679567036,-0.05904158832454896,-0.23457640801526133,-0.283555760464495,-0.4536525405888408,-0.4364065425064762,-0.1923988926020926,-0.3610528274905204,-0.15206590359294941,-0.5476367952090592,0.07374055777264124,0.4736512817222903,0.7136446837316357,-0.1349985868076689,-0.2961355177839849,-0.3739807678866726,-0.1898701404303793,-0.18745561286024978,-0.22201346056031196,-0.35037990192211566,-0.12121038441333347,-0.2650124738123078,-0.15022231849425943,-0.1327059569096724,-0.2227031107109078,0.13932224121260978,0.050134107420037745,-0.005749661860762967,-0.1135091456736089,0.0011399575436591898,-0.011994364473989614,-0.01601669126749559,-0.03596668231875584,0.04473385310386964,0.0023213643974570987,-0.03201345122594955,0.014057336377321955,-0.026614160528029413,-0.059288733696709804,0.0380881185390773,0.07852905906367529
98,0,0.2770605132141134,-1.0454174419025601,-0.12640271590445726,-0.18369122539830565,-0.283555760464495,0.002022906132590943,0.2862172384021759,-0.13049584200314868,-0.44108645555357456,-0.18663312419289568,0.2293537973877286,0.07374055777264124,0.7275720719827755,-0.04060117555918694,-0.1426648026220195,-0.35858834090561076,-0.29200745724710464,-0.21240500701787232,-0.2034723041277454,-0.19667108277473244,-0.25403006446762866,-0.12198417254581917,-0.2810191994252826,-0.15903695974725224,-0.03928846727102263,-0.16341437701419798,0.21549847829076135,0.00984651287793772,-0.00766621581435063,-0.06245282312162588,0.081973310639568,-0.02253486658749301,-0.01601669126749559,0.02534237778557951,0.09634983745448696,-0.0007737881324857004,-0.016006725612974775,-0.008814641252992845,0.09341748963864978,0.059288733696709804,0.07617623707815159,-0.04028759454210003
99,0,0.16206727599863602,-0.5257370159269922,-0.4310822775736506,-0.15824863408986914,-0.2034723041288379,-0.46193754871105186,-0.47081719874021455,-0.14210266399047813,-0.20098557136077266,-0.23848395509289366,-0.011781214107836075,-1.1120341161615548,0.5582915451424421,0.6811888282336211,-0.11391649331818285,-0.4236243708230192,-0.2735608715406031,-0.22003778441041155,-0.2114806497616753,-0.22269575534684383,-0.31252818006499367,-0.11695454968465771,-0.2650124738123078,-0.1801805763475724,-0.05072005300118421,-0.2819918444076176,0.2789786758558872,0.13212042065632962,0.02874830930383666,-0.06503602991740846,0.01844658570650156,-0.007632777392539222,-0.008008345633929884,-0.026024672572111412,-0.05849811559736497,0.005029622861161448,0.016006725612974775,-0.02114361660032011,-0.011431585730161583,-0.11857746739341961,0.06348019756512582,0.12227390777839191
100,0,-0.8153752403319412,-0.5257370159269922,-0.5378237566618326,-0.0419396452511782,0.2770284338960298,-0.1544175413514914,-0.29876391757149834,-0.2156125365766636,-0.2810191994238268,-0.3393050151761619,0.633031668484003,0.07374055777264124,0.09277009633151731,-0.2402752430795942,-0.14266480262201953,-0.4790873402619324,-0.2664102287667338,-0.21422233496847495,-0.16343057595918847,-0.21421580585705602,-0.278117523831248,-0.12817447760570916,-0.2810191994252826,-0.24447560666353527,0.04930632213771459,-0.2227031107109078,0.18587438609370227,0.0979006599682047,-0.02874830930383666,-0.05546296943891316,0.007150642773869254,0.005815449441936613,0.04805007380248677,0.008479949489787817,0.03441065623374569,-0.011219927921051441,-0.016006725612974778,-0.06429503031596291,0.10002637513889878,0.059288733696709804,-0.09310428976218493,-0.03421976068812492
101,0,-0.5853887659012044,-0.031888657909284586,-0.4020651764623022,0.18340902062375192,-0.283555760464495,-0.2830788439551564,-0.3675852300389995,-0.10728219802857768,0.19918256896541653,0.20743319064685842,0.8991732737642654,-0.5191467791944568,-0.33043122076933157,0.5182039886675064,-0.2749070254196987,-0.4690584197606519,-0.2598813810166787,-0.1771488447761445,-0.1954639584941797,-0.2102195078216397,-0.30220498319486977,-0.1332041004668706,-0.24100238539266366,-0.20339822618389453,0.10110569497750044,-0.3412805781043274,0.12239418852857642,0.0879522346959877,-0.13224222279767917,0.010028920501280467,0.00652884775005515,0.03707349019233041,-0.03203338253499118,0.003996298035416329,-0.024087459363621735,-0.005029622861161445,0.04001681403261892,0.04107738047964079,0.05179937283978584,-0.11857746739341961,-0.06348019756512582,-0.00994842527221701
102,0,-0.31707121239871433,-1.274866986704632,0.2363110479874328,-0.25274968752128746,0.11686152122107392,-0.5145717179580138,-0.26435326133776,-0.3162049937998925,-0.44108645555357456,-0.2655616112295051,0.0025082680548619385,-0.5191467791944568,-0.4997117476096651,-0.17113015962728714,-0.2921560110020094,-0.5032479214695702,-0.19853093866696392,-0.17278725769469414,-0.1313971934241973,-0.23741382859923815,-0.2953228519481221,-0.16299494356759642,-0.2490057481989691,-0.20794957689622467,0.12182544411341414,-0.4005693118010372,0.0927700963315173,0.11003632767615992,-0.017248985582310715,-0.03418950170891821,0.06135044234971474,0.004361587081450391,0.06406676506998236,-0.027194320777598473,0.006882131246747675,-0.02979084310072582,-0.008003362806305415,-0.004551350712330185,0.020719749135913706,-0.059288733696709804,-0.02962409219705912,0.022084092980172217
103,0,0.48788144810897366,0.2218734214413639,-0.40310150150199237,-0.05647826885604039,-0.043305391453882,-0.15003136058090386,-0.09229998016901934,-0.10341325736614919,0.27921619702847067,-0.35140354238610383,0.8134363807880773,0.6666278947397393,0.21973049146177498,-0.09351833126247419,-0.2154938528584159,-0.49625806778685744,-0.21303948922264046,-0.15679477172937878,-0.1474138846916929,-0.21090180260817162,-0.2987639175714959,-0.16299494356759642,-0.21699229697301953,-0.23496962099853827,0.1623718497500749,-0.34128057810432744,0.09277009633151731,0.10749630420240312,0.07666215814359348,0.006989853682712721,-0.014508550555676542,0.015992485965315356,-0.01601669126749559,0.026512025991066567,-0.0034410656233738353,0.0,0.032013451225949556,-0.027020044102313588,0.04054640563666077,0.059288733696709804,0.0,-0.002540023473756785
104,0,-1.1795204915138142,-0.8448390318768817,-0.030024487213200585,0.005310881464530954,0.03677806488541685,-0.024781531909898364,0.25180658216841306,-0.21174359591423508,-0.3610528274905204,0.20685707030351289,-0.35472878601262015,0.6666278947397393,-0.2881110890592256,0.23527359617392388,-0.2691573635589139,-0.5603823776586955,-0.2216409870520783,-0.15824863408986087,-0.09936381088920612,-0.1979382016640123,-0.229942605104007,-0.17344108335616215,-0.2490057481989691,-0.1836949104419068,0.15147611960101645,-0.22270311071090781,0.0250578855953839,0.06925483968082788,-0.053663510700498004,-0.06412430987183813,-0.008601497829437853,-0.0014538623604820873,0.04805007380248678,0.012963600944159303,0.06882131246748893,-0.01044613978856574,-0.03201345122594955,0.051274710556631485,-0.010895730149058428,0.11857746739341961,-0.0677122107361334,-0.038241464521575265
105,0,-0.20207797518323695,-0.8752297000625937,-0.5398964067412129,-0.07101689246086126,0.11686152122107392,-0.1763484452043405,-0.5396385112077158,-0.34715651909936446,-0.2810191994238268,-0.37617671714943796,0.42047562131383437,0.07374055777264124,0.05044996462144145,0.45399783974751956,-0.3151546584450613,-0.6027773597777535,-0.3195737033028868,-0.12153860948765512,-0.051313737086719345,-0.2175298091059316,-0.2368247363507571,-0.19665472733075515,-0.22499565977932495,-0.19412268865623047,0.17487514664243647,-0.2227031107109078,0.10969814901555366,0.13663601794301197,-0.04599729488614738,-0.04239498211905804,-0.09793271625080843,0.03671002460220576,0.04805007380248678,-0.0195916074419193,-0.006882131246750123,-0.02321364397459298,0.024010088419644138,-0.010427778214323674,0.02339902704141998,0.0,0.08464026342016977,0.06738117826218411
106,0,0.06623957831925309,0.5364168371634018,-0.12640271590445726,-0.08919017196688735,-0.043305391453882,-0.05889627123658205,-0.8493344173114342,-0.10341325736614919,-0.2810191994238268,-0.03914631629968686,0.3418834694189794,-0.5191467791944568,-0.16115069392899803,-0.36939310299561007,-0.26724080960532626,-0.457509965850084,-0.24195295783002221,-0.08991710314714078,-0.059322082720649226,-0.2275692895363688,-0.2781175238312529,-0.18698237567467507,-0.2169922969726556,-0.15344859241692632,0.24257156838822347,-0.10412564331748819,0.08430606998950212,0.1687390924030054,0.04791384883973503,0.14526739392766946,0.07762074547286457,0.03162150634051432,-0.008008345633929884,-0.010039480430437227,-0.0412927874804958,0.00967235165608004,0.008003362806669361,0.04067409623930415,0.067696421745787,0.11857746739341961,-0.025392079026051534,0.032103074459993435
107,0,-0.9686995566191718,-1.2049684498775048,-0.3461036243189858,-0.052843612954835174,-0.2034723041288379,-0.28112943027938897,-0.47081719874021455,-0.289122409162893,-0.20098557136077266,-0.30300943354617904,-0.11180758924672217,0.07374055777264124,0.00812983291133551,0.45752565012773033,-0.3074884426307106,-0.5570394041582676,-0.2706591614294659,-0.07174382364109819,-0.05131373708708352,-0.2103169785054236,-0.28155858945462675,-0.19665472733075515,-0.20098557135968081,-0.1685429454122493,0.28615448898445717,-0.10412564331748819,0.03775392510840664,0.14312718904261484,-0.04024763302538441,-0.09952943830818345,-0.028706203599443682,0.018173279506042618,0.008008345633565709,0.017252311030945183,-0.0034410656233738344,-0.009672351656080038,0.016006725612974775,-0.015094352995322963,0.0435829205962337,0.0,-0.04655214488109548,-0.025611903360390535
108,0,-0.029588119360347706,0.22339295485064778,-0.3637211499937423,-0.1873258812995522,-0.2034723041288379,-0.019907997720346796,0.14857461346719802,-0.10728219802857768,-0.20098557136077266,-0.4199618632427556,-0.41545908520407876,0.07374055777264124,0.7698922036928815,0.14213940213615836,-0.3381533058881568,-0.4301583644829468,-0.29439100483839437,-0.07210728923122282,-0.04330539145351782,-0.2125100688907174,-0.2953228519481245,-0.19433336293329803,-0.1769754829404006,-0.19187581931723524,0.2216732007252764,-0.10412564331748819,0.04198593827941723,0.16140124681214937,-0.030664863257446114,0.12688103967532077,-0.0237318434089285,-0.0003634655901246536,0.008008345633565709,-0.002193090385293774,-0.013764262493497787,0.0023213643974571,0.02401008841928019,-0.02333287390498599,-0.06448128825918073,0.0,0.004232013171010596,0.01827405776953453
109,0,-0.10625027750385403,-0.02277145745358135,-0.3906656010257103,-0.10736345147295476,-0.283555760464495,-0.31816829011976816,-0.6428704799089552,-0.16918524862747764,-0.5211200836202682,-0.24712576024286712,0.15433401603357197,-0.5191467791944568,0.00812983291133551,-0.015200940821619085,-0.3649850612384058,-0.3798618086356057,-0.29034933718360034,-0.06701877096953138,-0.05131373708708352,-0.19813314303158905,-0.31252818006499855,-0.197041621396998,-0.20898893416635017,-0.1927399998322326,0.23828472373941717,-0.044836909620778395,-0.013030232943693421,0.09176226990662537,-0.026831755350249002,0.050296555847341086,0.0040416676547940285,0.005088518261691438,-0.008008345633565709,0.01437692585912837,-0.017205328116874065,-0.0027082584636999502,-0.03201345122594955,-0.0008641805149973453,0.016611523014140806,0.0592887336967098,-0.05501617122311066,-0.06963897690552402
110,0,-0.6812164635805873,0.063841946875703,-0.929554621665071,-0.012862398041536457,-0.36363921680379385,0.03711235229720267,-0.5396385112077158,-0.23108829922637758,0.19918256896541653,-0.48967242478604606,0.5419362196967833,-0.5191467791944568,-0.20347082563907387,0.27407951035634287,-0.3515691835632704,-0.32090391235533616,-0.32952242368392415,-0.0641110462485672,-0.1153805021570659,-0.17898015366671963,-0.3366156394286203,-0.19858919766196942,-0.16096875732742583,-0.20777674079322103,0.22917517886069527,-0.10412564331748819,-0.042654325140752535,0.14319774525021908,0.01341587767513539,0.05895789628026952,-0.03917308650032384,0.002907724720964174,-0.06406676506998236,0.019152989364869408,-0.024087459363621742,-0.001547576264971398,0.04802017683892433,-0.015036740960988415,-0.009109544878721976,-0.059288733696709804,-0.029624092197059117,0.0514354753435937
111,0,-1.1220238729061844,0.7613077817376221,-0.5461143569793775,-0.10736345147295476,-0.12338884778953907,-0.3756759935562816,-0.47081719874021455,-0.15370948597776363,0.3592498250951643,-0.27305117569283993,-0.8244955121113531,0.07374055777264124,-0.542031879319741,0.35521914910136665,-0.4052326942637684,-0.2415842683906455,-0.3439273417356317,-0.09318829345823788,-0.09936381088957032,-0.18823986862683212,-0.34693883629874184,-0.20323192645688798,-0.14496203171445105,-0.2558251774271908,0.056808300273133404,-0.044836909620778395,-0.06381439099579347,0.12689926129360513,-0.053663510700498004,0.07931964396469068,-0.014404918051707526,-0.029077247209670663,0.01601669126749559,-0.00925971496011252,-0.010323196870121504,-0.004642728794918595,0.016006725612974775,-0.048048436633969835,-0.17236687858756183,0.059288733696709804,-0.02116006585504094,-0.016298483956613975
112,0,-0.1445813565756072,0.8798313876618679,0.10884306810542384,-0.17278725769469,-0.12338884778953907,-0.33132683243153077,-0.3675852300389995,-0.289122409162893,0.1191489408987229,-0.4597141669327069,-0.1421727388424515,-0.5191467791944568,-0.7113124061600745,-0.06670697237282203,-0.3879837086814577,-0.026114430953995505,-0.3566741397238326,-0.08519205047557814,-0.12338884779063161,-0.16991538007418383,-0.35726203316886573,-0.20052366799318805,-0.08893849206922132,-0.275240432997511,0.04234019958340206,-0.044836909620778395,-0.0849744568508344,0.1373415800190516,0.017248985582310715,0.21546983743665,-0.012746797988200897,0.007996242982659746,-0.024025036901061298,0.018324488552648305,-0.010323196870123952,0.002708258463699947,0.05602353964522975,-0.01941525557032018,-0.014468100689731343,0.0,-0.021160065855040943,0.010442318725446511
113,0,0.6028746853242332,-0.09418952768995789,0.6840034651339877,-0.12190207507777563,-0.283555760464495,-0.07449158064307615,0.010931988532195711,-0.018296562792634263,-0.2810191994238268,-0.1440002187862691,-0.0403601784332321,-0.5191467791944568,-0.11883056221889209,0.6120437447813141,-0.37648438495993175,-0.05772072586712769,-0.2479636430602346,-0.09173443109775167,-0.1474138846916929,-0.16236140208040106,-0.34693883629874434,-0.19201199853583656,-0.14496203171445105,-0.25450010063752754,-0.04303945633872888,-0.163414377014198,-0.11883056221890112,0.20789778762343042,0.01149932372152595,-0.03160629491313218,0.108710496663598,-0.006542380622173524,-0.024025036901061298,0.00755397799378277,0.010323196870121506,0.008511669457351493,-0.05602353964522975,0.020740332359983474,-0.08537965592213095,-0.11857746739341961,-0.033856105368066707,0.07055620760437883
114,0,-0.5278921472935746,-0.1929591992935132,-0.005152686260612893,-0.05647826885604039,-0.2034723041288379,0.1721092493473113,-0.19553194887025885,-0.23882618055127855,-0.2810191994238268,-0.1837525224762204,0.17576823927760313,-0.5191467791944568,0.3043707548819267,0.0892222464328711,-0.3113215505379078,0.007467257391209165,-0.24547646296497586,-0.0979133461298088,-0.17143892159311838,-0.1426723239546801,-0.39167268940261146,-0.1947202569995409,-0.1369586689077817,-0.29356105991550085,0.010010246190293448,-0.2819918444076176,-0.059582377824785884,0.19329265264932516,0.06516283442202396,0.06518798325833684,0.002487180095258769,-0.006178915032057134,-0.024025036901425476,0.019689078125720967,-0.0447338531038672,-0.0027082584637043465,0.008003362806669361,-0.03906095927797333,0.05304970252902232,-0.11857746739341961,0.059248184394115236,-0.014605134974105278
115,0,0.10457065739100625,0.4391666989691649,-0.30672327281071216,-0.37996264406359403,-0.12338884778953907,-0.4297722230601356,-0.26435326133776,-0.11888902001586317,-0.2810191994238268,-0.3179885624727962,-0.3797353797973496,0.6666278947397393,-0.2881110890592256,-0.4103157034061556,-0.2806566872804835,0.13890689729438505,-0.22215914957192578,-0.12880792129008206,-0.1954639584941797,-0.16801470174025962,-0.3641441644156159,-0.17189350709119075,-0.1369586689077817,-0.2877422444478367,-0.07001085392082496,-0.22270311071090781,-0.0934384831928526,0.10686129833395763,0.03066486325742432,0.13143963990317586,0.02331731339305007,-0.030894575160273274,-0.024025036901061298,-0.02534237778557951,0.027528524986995578,0.02282674990835013,0.0,0.005818815467664174,-0.0800211001111184,0.059288733696709804,-0.033856105368066707,-0.08643135431536751
116,0,-0.7195475426523404,0.575924705804817,-0.569949832892275,-0.2273070962128096,-0.6038895858144068,-0.3103706354165211,-0.8149237610776715,-0.010558681467777269,-0.5211200836202682,-0.20910181758290003,-0.2707780783067653,-0.5191467791944568,0.1774103597516991,-1.2125397838679453,-0.3592353993776428,0.14285768415852657,-0.26651386127070753,-0.1426196137146743,-0.25152237793023213,-0.1931621381582535,-0.3607030987922396,-0.16260804950135357,-0.16096875732742583,-0.304737794576158,-0.13127700869339942,-0.22270311071090781,-0.05958237782478289,0.02254663024672412,-0.07857871209715936,0.00395078686414152,-0.04435471169878177,-0.013811692424592226,-0.05605841943605248,-0.025147436417993906,0.0034410656233762717,0.009285457589837193,-0.024010088419644138,-0.016995550128321317,-0.061266154772574466,0.0,0.03385610536806971,-0.08431466808723351
117,0,-0.5087266077576981,-1.2657497862488942,-0.3295224236839195,-0.02376636574515211,-0.12338884778953907,0.16187482754924415,-0.29876391757149834,-0.14597160465290665,-0.2810191994238268,-0.3035855538894722,0.23471235319872846,-0.5191467791944568,0.4736512817222903,0.6106326206292297,-0.3132381044914955,0.13677955052138757,-0.2648557412072009,-0.13971188899370598,-0.2435140322963023,-0.1488617123753902,-0.34349777067536796,-0.14829296905035494,-0.16897212013373125,-0.3047954066104874,-0.09662501444885437,-0.2819918444076176,-0.013030232943687398,0.037857327296874056,0.04599729488614738,-0.006078133637138938,0.0016581200635066295,0.0029077247209683063,0.008008345633929884,0.04430042578286331,0.017205328116871622,0.014315080450998635,-0.008003362806305415,-5.76120343293185e-05,0.03465199424454506,-0.059288733696709804,0.04655214488109548,0.015310697050149941
118,0,-0.7195475426523404,-0.3874594756820216,-0.009297986419373582,-0.009227742140331239,-0.043305391453882,-0.0808271750895198,-0.12671063640278216,-0.1923988926020926,-0.12095194329407902,-0.41650514118273474,-0.15110366519414964,-0.5191467791944568,-0.2881110890592256,0.3538080249492823,-0.38223404682069473,0.07569430746812067,-0.22941342484976404,-0.1219020750777839,-0.22749734102880667,-0.1549536301123075,-0.37102629566236606,-0.15680463850770643,-0.1609687573270619,-0.3044497344044853,-0.07018947244786145,-0.34128057810432744,-0.1188305622188981,0.05902418957818645,-0.06899594232919928,-0.06108524305326694,0.03544231635743687,0.017809813915922096,0.01601669126749559,-0.0060919177369173,-0.027528524986998017,-0.008511669457351493,0.008003362806669365,0.00034567220600208447,0.026435542000992913,-0.059288733696709804,-0.1058003292752107,0.021166862281312395
119,0,-0.16374689611148377,-0.624506687530513,-0.10567621511065382,-0.24911503162008222,-0.36363921680379385,-0.24798939779054469,-0.6428704799089552,-0.24269512121370707,0.039115312835668756,-0.2425167974962076,0.30615976401225026,0.6666278947397393,-0.7113124061600745,-0.140085428281382,-0.3879837086814577,0.015520784460427494,-0.20091448625825836,-0.13607723309249664,-0.23550568666273658,-0.14793574087938516,-0.371026295662366,-0.1641556257663294,-0.10494521768146821,-0.30398883812981936,-0.055006897649993614,-0.22270311071090781,-0.1907747861260391,0.04653574083221015,-0.005749661860762974,-0.060173523007693165,0.028498938591505645,-0.014175158014712747,-0.008008345633929886,0.0070178892329223475,0.0,-0.007350987258622943,0.05602353964559369,0.0004608962746659506,0.015182574797867828,0.11857746739341961,-0.071944223907141,-0.012488448745976292
120,0,-0.3937333705422207,-0.0030175231328564657,-0.347139949358676,-0.18369122539830565,-0.043305391453882,0.01615615528219298,-0.09229998016901934,-0.08406855405396271,-0.2810191994238268,-0.29091090633618477,-0.05286347532559683,-1.1120341161615548,0.00812983291133551,-0.5260278838773204,-0.35923539937762106,0.00883483745957155,-0.1426730190276189,-0.15316011582817354,-0.20347230412774536,-0.15003136058088615,-0.3262924425584964,-0.14945365124908788,-0.15296539452039254,-0.2841126862848332,-0.11448686715223162,-0.2819918444076176,-0.16961472027099816,-0.03347499859115617,0.02874830930383666,-0.0066859470008559475,0.0582414672306395,-0.01708288273567692,0.03203338253499118,-0.0020956197015009692,0.04473385310386964,0.014701974517241487,-0.04802017683892433,0.019876151844986128,-0.059479969502238016,-0.0592887336967098,0.02116006585504094,-0.08001073942336631
121,0,-0.1445813565756072,-0.3631469411334796,-0.08494971431682682,-0.12917138688018606,-0.36363921680379385,-0.12176486228161114,0.04534264476595851,-0.24269512121370707,-0.20098557136077266,-0.39922153088278783,0.43833747401719897,0.07374055777264124,0.7275720719827755,0.3150021107668884,-0.2614911477445633,-0.10361063482753863,-0.09655655476136381,-0.1553409093688967,-0.22749734102917082,-0.12464024745341909,-0.27467645820787906,-0.15835221477268221,-0.20898893416598624,-0.296729721803828,0.01179643146062358,-0.2819918444076176,-0.04265432514074653,-0.037496702424604,0.09774425163305772,-0.11244547228711017,0.04611646426625506,-0.0021807935407231306,-0.02402503690142548,0.025391113127467047,0.0516159843506173,-0.008898563523594343,-0.0560235396455937,-0.01261703551899479,0.1262832986128552,0.0,0.12696039513025165,-0.004021703833447826
122,0,-0.31707121239871433,-0.8129288302818858,-1.2041807571832257,0.052561408180240105,0.11686152122107392,-0.37128981278569406,-0.5740491674414541,-0.2272193585639491,0.039115312835668756,-0.3876991240160867,-0.3118603395245261,0.6666278947397393,0.3890110183021085,0.6522607831158175,-0.278740133326874,-0.272886656621914,-0.2278589372902288,-0.13280604278140368,-0.2034723041281096,-0.1286365454888354,-0.2953228519481245,-0.1521619097127878,-0.21699229697229167,-0.28952821751216595,-0.005172328607583876,-0.16341437701419798,0.06737801730547177,0.03440007312425995,-0.017248985582310715,-0.16927602179437534,-0.13130238252886495,0.02253486658749301,0.024025036901061298,-0.003996298035416329,-0.020646393740245454,0.006190305059894391,-0.008003362806305415,0.00720150429166202,-0.01696876006820746,0.11857746739341961,0.11003234244621832,0.07189677554886395
123,0,-0.5470576868294512,0.41637369782987227,-0.8777383696805153,-0.05647826885604039,-0.12338884778953907,-0.4341584038307232,-0.19553194887025885,-0.21174359591423508,0.1191489408987229,-0.14630470015959884,-0.3904524914193493,-1.1120341161615548,-0.20347082563907387,-0.28543121594639265,-0.39373337054224244,-0.22183033406993097,-0.38403312077167906,-0.12626366215923018,-0.18745561286061396,-0.16460322780760012,-0.3159692456883699,-0.1715066130249479,-0.17697548294003668,-0.2897586656494989,-0.040181559906195596,-0.22270311071090781,0.0589139909634536,-0.055347422948510715,-0.11499323721536844,0.051056322551983016,-0.1561741834814503,0.006542380622173524,0.01601669126749559,-0.0359666823187647,-0.020646393740245454,-0.019344703312160084,0.040016814032254974,-0.0002304481373329753,-0.03500923129861172,-0.0592887336967098,-0.008464026342018179,-0.08974749607277067
124,0,-0.24040905425499012,-0.5637253511591235,-0.3388493490411546,-0.36178936455752664,-0.2034723041288379,-0.08862482979276684,-0.1611212926365205,-0.2194814772390921,-0.20098557136077266,-0.1641644308028913,-0.4922650518286004,-0.5191467791944568,0.1774103597516991,-0.3729209133758209,-0.364985061238384,-0.258906949256492,-0.41740278704973327,-0.15679477172937878,-0.18745561286061396,-0.19067663572160792,-0.3125281800649961,-0.16957214269372928,-0.16897212013373125,-0.28779985648216605,-0.10698488901681595,-0.22270311071090781,0.04621795145043083,-0.10156173892937992,0.028748309303858445,-0.037076615186561024,-0.03336966627805417,-0.030531109570148623,0.0,-0.026073407914007817,0.0034410656233738344,0.0019344703312186462,0.008003362806305415,0.001958809167332909,-0.06680332911062035,0.0,-0.01269603951302276,-0.046214315980869204
125,0,0.20039835507038917,0.9649252585818338,0.5057555583071132,-0.06374758065845082,-0.36363921680379385,-0.905916513377613,0.25180658216841306,-0.14210266399047813,0.1191489408987229,-0.11288972024629126,0.4151170655028345,-0.5191467791944568,-0.4573916158995892,0.7115279975035091,-0.35540229147044566,-0.2063310932952251,-0.3361549039379507,-0.12517326538886447,-0.21148064976203945,-0.23829106475335565,-0.26091219571437885,-0.17189350709119075,-0.1289553061014763,-0.26728997225951556,-0.027499644486797536,-0.34128057810432744,0.029289898766394474,0.01062263116158656,0.00958276976793829,0.05257585596126688,0.08124788311178252,0.03162150634051432,-0.02402503690142548,-0.04761442903174774,0.0516159843506173,-0.0023213643974614962,0.040016814032254974,0.020509884222650494,0.07948524453001841,-0.11857746739341961,-0.01692805268403636,0.11218437009096646
126,0,-0.8537063194036945,0.4756355007920124,0.009355864295073077,-0.3581547086563214,0.03677806488541685,-0.18560816016447962,-1.0557983547138887,-0.3239428751247495,0.27921619702847067,-0.4118961784360753,0.00965300913622681,0.07374055777264124,-0.41507148418948325,0.0010269869274007045,-0.3688181691455811,-0.21636001379650555,-0.27822433421921594,-0.13825802663321562,-0.1474138846920571,-0.2258148172281515,-0.28499965507800057,-0.20323192645688798,-0.04892167803660241,-0.2875694083448331,0.0005434642575016758,-0.2819918444076176,-0.029958285627723763,0.13197930824112114,-0.013415877675135402,-0.010028920501280464,0.0579305697187348,-0.013084761244351178,0.06406676506998236,0.012476247525204149,-0.02408745936362172,-0.03133841936569722,0.08003362806487388,-0.020279436085317525,0.02804310874429921,0.059288733696709804,-0.05924818439411823,0.1213566770795346
127,0,-1.7544866775907653,-0.2294280011163607,-0.07044116376114086,0.13979314980924798,-0.6038895858144068,0.028827344174991602,0.14857461346719802,-0.11115113869100618,-0.3610528274905204,-0.021286585656341995,0.4240479918545009,-0.5191467791944568,-0.03419029879874035,-0.05259573085192871,-0.4933941761288878,-0.11272783528325223,-0.252316208226938,-0.12190207507777562,-0.19546395849454384,-0.2391195655655768,-0.24026580197413092,-0.19974987986069795,-0.05692504084327177,-0.25933951152152,0.019477028123078922,-0.2819918444076176,-0.08074244367982683,0.06565647309300529,-0.1245760069833067,0.10363217851325335,0.025908125992277865,0.01635595155544001,-0.04805007380248677,-0.013304748337425254,0.04473385310386964,0.003482046596190047,-0.008003362806669361,0.028229896823313023,0.018933563865577246,0.0,-0.05078415805210307,-0.06632283514811585
128,0,-0.43206444961397383,-1.2171247171517758,-0.6911998625361194,0.08890796719233361,-0.4437226731394509,-0.2655341208728062,-0.19553194887025885,-0.10728219802857768,0.27921619702847067,-0.456833565216084,0.32402161671561486,-0.5191467791944568,-0.33043122076933157,-0.2254584394826838,-0.46464586682505116,-0.19569435943022767,-0.3205063958386126,-0.11208850414450913,-0.23550568666310076,-0.2575902601439054,-0.24714793322087858,-0.19123821040334646,-0.016908226811016808,-0.263372353924855,0.06698955631405537,-0.2819918444076176,-0.08497445685083742,0.007729826649808688,0.02874830930383666,-0.08296652414697543,-0.06819018761167459,0.009813570933266486,-0.04004172816855689,-0.018470694578328638,-0.006882131246747669,0.008511669457351493,0.04001681403225497,-0.0040328424033349245,0.04751252819097645,0.0,-0.004232013171010596,-0.0579266464431966
129,0,-0.4512299891498504,-0.48926821410414467,-0.5098429805901743,-0.5217142242107214,-0.5238061294787497,0.1560265865218532,0.11416395723343523,-0.2078746552518066,-0.12095194329407902,-0.04663588076296925,-0.21362014965594156,-0.5191467791944568,0.21973049146177498,-0.12244637638027792,-0.4933941761288878,-0.18217051208759083,-0.3609230723865647,-0.13934842340357306,-0.2515223779305963,-0.21718866171266565,-0.17144448950663954,-0.1877561638071564,-0.03291495242399158,-0.2437842622515311,0.015011564947236189,-0.4005693118010372,0.008129832911347524,0.009493731839919098,-0.02874830930383666,0.01352384734263683,-0.04041667654795204,-0.027259919259063924,-0.016016691267495588,0.04040159843123979,0.07570344371423904,0.003482046596190047,-0.016006725612974775,0.019588091673323836,-0.05197799136681917,-0.11857746739341961,0.09310428976218495,0.0017639051901104097
130,0,-0.5662232263653277,-0.7536670273197803,-0.020697561855965472,-0.25274968752128746,-0.12338884778953907,-0.14272105929662082,0.07975330099969687,-0.2852534685004645,0.039115312835668756,-0.15552262565291786,-0.08680099546199271,0.6666278947397393,0.09277009633151731,0.03983290110979465,-0.5106431617111985,-0.25723546250628326,-0.3282788336362936,-0.14625426961587124,-0.25953072356416207,-0.23307638317054705,-0.15423916138976793,-0.20787465525180657,-0.0009015011980420248,-0.2302454341832044,0.0116178129335966,-0.22270311071090781,0.016593859253365702,0.0660798103386306,-0.017248985582310705,-0.07506495041869239,0.032644238750271046,-0.006905846212298181,-0.008008345633565707,-0.01588772145788138,0.017205328116871622,-0.02011849144465018,0.032013451225949556,0.01353882806832669,-0.0033937520136395885,0.1778662010901294,0.00846402634201818,0.0565860784987115
131,0,0.04707403878337651,-0.21727173384208973,0.006246889176002562,-0.32544280554547445,0.11686152122107392,-0.4507284200751453,-0.33317457380523674,-0.36263228174907847,0.43928345315821843,0.024226921466959872,0.2490018353614582,0.07374055777264124,0.00812983291133551,0.2409180927822862,-0.4914776221753002,-0.24264794177714424,-0.31915917328701066,-0.1658814114824001,-0.21148064976167524,-0.2659727389499004,-0.19209088324688744,-0.21986837130534376,0.06312540125385709,-0.18790058894822967,-0.007315750931977477,-0.22270311071090781,-0.055350364653778295,0.058671408540170375,0.01916553953589837,0.014587520729138988,0.00911966034928294,-0.01962714186652884,0.04805007380248678,-0.03289635577935342,-0.037851721857119526,-0.01199371605353714,0.0640269024518991,0.04234484523497477,-0.018933563865574078,0.0,-0.071944223907144,-0.007408401798460218
132,0,-0.37456783100634405,-0.1428145967871109,-0.5419690568205933,-0.07101689246086126,-0.36363921680379385,-0.2708950084813218,-0.8149237610776715,-0.1923988926020926,-0.12095194329407902,-0.15148978324960388,0.4133308802325012,-0.5191467791944568,-0.03419029879874035,0.10192236380165504,-0.4972272840360631,-0.17563651842766675,-0.25293800325074745,-0.17823924154651022,-0.259530723564162,-0.2559332585194632,-0.21617834261050922,-0.21638632470915806,0.04711867564088231,-0.1642796548715814,0.06520337104372524,-0.34128057810432744,-0.09767049636386319,0.0036375666087541335,-0.005749661860762973,0.06701142334947749,0.06622117003626324,-0.012357830064110138,-0.04805007380248678,0.010039480430437226,-0.024087459363621742,0.0034820465961856477,-0.016006725612974775,0.02362093407664828,0.07251912197570273,-0.11857746739341961,-0.042320131710084884,-0.05503384193141625
133,0,0.4112192899652495,-0.43152594455128845,-0.8922469202362012,-0.31090418194061226,0.19694497756037277,-0.1334613443364817,-0.26435326133776,-0.12662690134072016,-0.12095194329407902,-0.3007049521728493,0.2472156500910932,0.6666278947397393,-0.37275135247940744,-0.18383027699609614,-0.4013995863565931,-0.26042648266578283,-0.254388858306316,-0.20368183285496738,-0.22749734102917088,-0.22586355257003904,-0.22306047385725933,-0.20787465525180657,0.02310858722160211,-0.17971968007290642,0.1289701851947695,-0.163414377014198,-0.11459854904789654,0.013797660503783785,0.09582769767947007,-0.08478996423811606,-0.0014508550555685895,-0.025442591308457184,0.03203338253499118,0.030069705949424146,-0.006882131246750115,0.008511669457351493,-0.02401008841928019,-0.015440025201325046,0.06376681415104425,0.1778662010901294,-0.016928052684033357,0.010160093895029651
134,0,-0.24040905425499012,-0.98615563894042,-0.050750988007004026,-0.2600189993236979,-0.12338884778953907,-0.15246812767563533,-0.6428704799089552,-0.18079207061476313,-0.2810191994238268,-0.2943676283961532,-0.02249832572983579,0.07374055777264124,0.3466908865920326,0.2853685035730425,-0.401399586356593,-0.3026695114439124,-0.225579022202901,-0.19350479633158452,-0.21948899539524097,-0.2322478823583259,-0.2712353925845028,-0.20400571458937367,0.015105224415296704,-0.1927399998322326,0.17594685780464597,-0.10412564331748819,-0.0976704963638632,0.07962660219867013,0.0,-0.04224302877812965,0.02880983610341506,0.010177036523382876,0.008008345633929884,-0.006384329788286849,-0.048174918727243464,0.003868940662432896,-0.008003362806305415,-0.013020319759326191,0.046976672609876466,0.059288733696709804,0.01692805268403335,0.06582894169488633
135,0,-0.9686995566191718,-0.09418952768995789,-0.4103557767798236,-0.1509793222874587,-0.2034723041288379,-0.3459474350001855,-0.4364065425064762,-0.14210266399047813,0.1191489408987229,-0.3064661556061475,0.1775544245479364,-1.1120341161615548,-0.07651043050881622,-0.1880636494523491,-0.5183093775255492,-0.40858099007109167,-0.3171901557115947,-0.20222797049448532,-0.20347230412774536,-0.17625097452058314,-0.3400567050519917,-0.20400571458937372,0.0151052244152967,-0.21209764336821824,0.15219059370915616,-0.16341437701419798,-0.059582377824785884,-0.010332562496915703,-0.1169097911689561,-0.10591147862717916,-0.09161113350869368,-0.008723174162900787,0.016016691267495595,0.05599690783774276,-0.06882131246748893,0.0,0.0,-0.01935764353598562,-0.02375626409548981,-0.0592887336967098,0.0380881185390773,-0.08995916469558582
136,0,-0.18291243564736037,-0.0668379263228482,-0.30983224792978264,-0.11099810737415998,0.11686152122107392,0.12386126087093693,0.04534264476595851,-0.2040057145893781,0.1191489408987229,-0.3784811985227677,-0.1082352187060556,0.07374055777264124,-0.16115069392899803,0.44905890521519937,-0.45122998914991574,-0.4628283327825777,-0.3491089669340802,-0.1775123103662692,-0.1954639584941797,-0.14530403241704148,-0.229942605104007,-0.19201199853583656,-0.0009015011976780771,-0.2087561453768875,0.14040177092492792,-0.16341437701419798,-0.03419029879873736,0.034470629331864164,0.0670793883756334,-0.054247342711486055,-0.03191881122248557,0.02471566012821614,0.008008345633565707,0.030946942103541653,0.11011409994798474,0.01199371605353714,-0.016006725612974775,0.0033414979913307607,-0.01178882278422824,0.0,0.02539207902604852,0.04480319182877986
137,0,-0.31707121239871433,-0.4619166127370004,0.23320207286833874,-0.28909624653338095,-0.36363921680379385,-0.09349836398231841,0.04534264476595851,-0.1769231299523346,-0.040918315231024883,-0.6411920750826212,-0.48333412547690224,-1.1120341161615548,-0.07651043050881622,0.503387185070571,-0.3074884426307107,-0.48607719394464166,-0.3187446432711323,-0.22040125000053207,-0.17143892159311838,-0.15753660323277247,-0.24026580197413097,-0.1985891976619694,0.031111950028271475,-0.2707466943195154,0.04966355919178759,-0.22270311071090773,-0.03842231196974495,0.09006892092411414,0.1437415465192051,-0.023248861162063972,0.030364323662947963,-0.04288893963426289,0.02402503690106129,-0.012232570815731,-0.010323196870123952,-0.0065771991261328435,0.03201345122594955,-0.06199054894262792,-0.09073821173314031,-0.0592887336967098,-0.004232013171007586,0.05559829159224997
138,0,-0.5278921472935746,-0.6594559559440766,-0.4497361282880972,-0.06011292475724561,-0.043305391453882,-0.5101855371874262,-0.6428704799089552,-0.014427622130205766,-0.3610528274905204,-0.16589279183292793,-0.19754448222291024,0.6666278947397393,0.26205062317185085,-0.26849772612135575,-0.3170712123986707,-0.43031031782387175,-0.29459826984633003,-0.23530333919549,-0.13139719342456146,-0.1820017448642345,-0.28499965507800057,-0.1893037400721322,-0.03291495242362764,-0.2416526169811998,-0.0024930507020649167,-0.10412564331748816,0.020825872424373292,0.08576499226024692,-0.009582769767960075,0.05576687612076993,0.02414637342480222,-0.014902089194957923,0.04004172816855689,-0.024465141631462,-0.04473385310386964,0.009285457589837192,-0.0640269024518991,0.029094077338315604,-0.05215660989385251,0.11857746739341961,0.05924818439411824,-0.004303928663867196
139,0,-0.20207797518323695,0.27505709076633394,0.02075543973166497,0.1434278057104532,-0.6839730421537057,-0.4624249021300159,-0.9525663860126493,-0.2001367739269496,-0.2810191994238268,0.23681532815679962,-0.09573192181369088,0.07374055777264124,-0.5843520110298168,-0.07376259313324361,-0.2921560110020094,-0.35387778733682385,-0.24153842781414608,-0.16878913620337252,-0.1474138846920571,-0.24384689372942142,-0.391672689402609,-0.1885299519396465,-0.04892167803660241,-0.21330749608922295,0.009295772082160151,-0.044836909620778354,-0.059582377824785884,0.09063337058495037,0.024915201396661348,0.07643253048704786,0.053059842032183925,0.06651420299211747,-0.016016691267495598,-0.061845148865186904,-0.10667303432460847,0.0007737881324857004,-0.016006725612974778,0.02834512089197689,0.011788822784225068,0.059288733696709804,-0.08040825024915918,0.00486837832470343
140,0,0.2578949736782368,0.6351865087669571,0.6549863640226393,-0.32544280554547445,0.11686152122107392,-0.18219668623182012,0.2862172384021759,-0.2272193585639491,-0.040918315231024883,-0.04721200110631479,-0.02964306681120066,0.6666278947397393,0.1774103597516991,-0.3312927508892332,-0.20974419099765296,-0.21499243372815013,-0.17397003522628562,-0.17605844800579123,-0.12338884779099579,-0.24779445642294134,-0.3710262956623611,-0.18272654094599497,-0.05692504084327177,-0.20247643363456264,0.015011564947239358,-0.044836909620778354,-0.05111835148276771,0.053520805385047575,0.08241182000435646,0.13888535360867374,0.06756839258786049,-0.007269311802418699,0.024025036901061298,-0.003947562693519929,0.020646393740247904,0.005803410993651542,-0.008003362806669365,0.010831062454660307,0.005715792865079205,0.0,0.00846402634201818,-0.03711256519990279
141,0,0.6028746853242332,-0.9025813014297379,-0.6507831859881791,-0.36542402045873185,-0.12338884778953907,-0.02429417849093434,-0.22994260510402165,-0.320073934462321,0.3592498250951643,-0.21083017861288425,0.5312191080747519,0.07374055777264124,-0.41507148418948325,0.15907289196119526,-0.15416412634356727,-0.28352339048691494,-0.2396730427427038,-0.18005656949711696,-0.1474138846920571,-0.20515103226452025,-0.3607030987922396,-0.17847070621731922,-0.06492840364957721,-0.225982143642547,0.04323329221856873,-0.044836909620778354,-0.09343848319284957,0.04533628530293847,0.05558006465408567,-0.06853095675876482,-0.06570300751641817,-0.00399812149132574,-0.024025036901061298,0.042643424158421095,0.01032319687012151,0.004255834728675745,-0.008003362806305415,-0.02350571000798441,0.02822172727132937,0.0,-0.04232013171008188,-0.008184520082109095
142,0,-0.2787401333269612,-0.4877486806948608,-0.30568694777102196,-0.2672883111261083,-0.043305391453882,-0.3591059773118595,-0.1611212926365205,-0.23882618055127855,-0.12095194329407902,-0.27996461981282916,0.4043999538808031,0.07374055777264124,-0.542031879319741,0.0991001154974864,-0.14458135657562898,-0.31801679887768997,-0.21604483183774667,-0.19968371136364169,-0.1153805021570659,-0.21397212914757402,-0.2953228519481245,-0.1831134350122378,-0.0649284036495772,-0.23882962729886953,0.04234019958339892,0.014451824075931458,-0.14422264124494963,0.04505406047252162,0.009582769767938287,-0.03449340839077499,0.02362821090495713,-0.019627141866524703,0.03203338253499118,-0.00882109688305377,0.0653802468441151,-0.004642728794918593,0.0,-0.012847483656322527,-0.0008930926351698121,0.059288733696709804,-0.050784158052100056,-0.0002822248304168634
143,0,-1.0261961752268016,0.7780226492397447,-0.2642339461833915,0.02711881687176226,-0.12338884778953907,-0.38737247561115223,-0.26435326133776,-0.07246173206667722,-0.2810191994238268,-0.020134344969650924,0.45262695617989696,0.07374055777264124,0.3890110183021085,-0.13444093167301968,-0.2883229030948341,-0.19706193949858664,-0.15324353443246572,-0.16588141148240426,-0.14741388469205707,-0.23936324227504108,-0.29532285194812447,-0.1776969180848335,-0.08093512926255196,-0.21077256657854973,0.06288133019227929,-0.04483690962077834,-0.06804640416679804,0.04999299500482926,-0.14374154651920512,0.1209548593791033,0.06280129740528098,0.03380229988123745,-0.03203338253499118,-0.02539111312746705,0.0,0.005416516927404294,-0.016006725612974778,0.028057060720319837,0.020541130608880374,-0.059288733696709804,0.0761762370781516,0.004938934532307646
144,0,-0.08708473796797746,0.5789637726233848,0.665349614419541,-0.2309417521140148,0.03677806488541685,-0.08326394218425125,-0.711691792376432,-0.15370948597776363,0.039115312835668756,0.10373152884691485,-0.42974856736677675,0.6666278947397393,-0.41507148418948325,0.30865205208248386,-0.2729904714661328,-0.04054999834220615,-0.0816334741898112,-0.16297368676143592,-0.1313971934245615,-0.23244282372590264,-0.3022049831948722,-0.17498865962113358,-0.048921678036602405,-0.17096265085424292,0.022156306028585197,0.014451824075931463,-0.1442226412449496,0.05232134985577339,0.015332431628701265,0.1565119411563805,0.07161006024265451,0.0029077247209683076,0.01601669126749559,0.006920418549138409,-0.00688213124674768,0.0027082584636999502,0.032013451225949556,0.0398099157243068,-0.0407250241636941,0.059288733696709804,-0.07617623707815159,0.0023283548509441367
145,0,0.16206727599863602,-0.1367364631499754,-0.5036250303520333,0.19067833242616233,-0.6038895858144068,-0.4088160260451259,-0.19553194887025885,-0.06859279140424872,-0.20098557136077266,-0.2960959894261898,0.4222618065841677,-0.5191467791944568,0.1774103597516991,0.006671483535737976,-0.15991378820435204,-0.0448046918882079,-0.09096039954703217,-0.12880792129007382,-0.17143892159311838,-0.2387296828303967,-0.27811752383125043,-0.16763767236251062,-0.08093512926255196,-0.16992563423624713,0.04662704423220833,0.07374055777264125,-0.1188305622188981,0.0717948631545821,0.1130766832617808,-0.00425469354600175,-0.009326925357220971,0.0341657654713621,-0.04004172816855689,-0.006286859104494042,0.024087459363621735,0.0073509872586229414,-0.032013451225949556,0.0010370166179957674,0.024470738203623128,0.0592887336967098,0.025392079026051534,0.01947351329880871
146,0,0.5837091457883566,0.3100063591798976,-0.6228024099165209,-0.19096053720075742,-0.36363921680379385,-0.19730464221935018,-0.3675852300389995,0.043606487806265685,-0.12095194329407902,-0.28630194358952527,0.783071231192348,-0.5191467791944568,-0.07651043050881622,-0.5168555768887723,-0.08325163006078032,-0.007120263337933319,-0.122257415745706,-0.13680416427273356,-0.21948899539560512,-0.2708462731394254,-0.31941031131174624,-0.14287645212294622,-0.10494521768183215,-0.1607077087429229,0.13575768922204867,0.014451824075931452,-0.11036653587687992,-0.024796585055815064,0.0766621581435717,0.03768442855027458,-0.031297016198673824,-0.007996242982659744,-0.04805007380248678,-0.03211659030902871,-0.0412927874804958,0.02476122023956438,-0.02401008841928019,0.009217925493324241,0.08913064498984036,-0.059288733696709804,0.00846402634201818,-0.09659144821039715
147,0,-1.371175886872798,1.3888750797724487,-0.24143479531018416,-0.37996264406359403,-0.043305391453882,-0.19291846144876265,-0.47081719874021455,-0.4593557983098789,-0.12095194329407902,-0.32144528453281707,-0.08680099546199271,0.07374055777264124,0.4736512817222903,0.4568200880516882,-0.1886620975081887,0.1779589059130116,-0.16972110256355827,-0.14589080402575488,-0.187455612860614,-0.28078828288606983,-0.37102629566236356,-0.17111971895870068,-0.11294858048813758,-0.12873302968794248,0.17541100222353964,0.13302929146935108,-0.05535036465376926,-0.029453294757703346,-0.10541046744740837,0.18507916925094492,-0.04746368681785229,-0.009086639753021309,0.03203338253499118,-0.009942009746644425,-0.0516159843506173,-0.028243266835754427,-0.008003362806305415,0.031974679054980415,0.039653313001490956,0.11857746739341961,0.05501617122311066,-0.004656709701888279
148,0,-0.8537063194036945,0.48931130147556723,0.23216574782864857,-0.012862398041536457,-0.043305391453882,-0.06523186568302569,-0.40199588627273786,-0.35876334108665,0.1191489408987229,-0.2523108433328722,-0.09037336600265929,0.6666278947397393,0.5159714134323662,0.45964233635585683,-0.22124351471920067,0.29283563165497595,-0.10153091495188371,-0.14116575135418397,-0.18745561286061396,-0.23629291573562977,-0.34693883629874184,-0.20555329085434507,-0.06492840364921323,-0.13737483483793692,0.18612811384556474,0.13302929146935102,-0.02995828562771774,0.043360711490017925,-0.03258141721101199,0.11487672574196436,0.06819018761167459,0.004725052671570916,0.0,0.04449536715044005,0.024087459363621732,-0.03443357189564442,0.04802017683892433,-0.008641805149994426,0.010717111622025096,0.0,0.025392079026051534,0.07281400624772125
149,0,-0.24040905425499012,-0.496865881150564,0.6093880622762247,-0.1509793222874587,-0.2034723041288379,-0.3108579888354851,0.7335557694408478,-0.16144736730262063,-0.44108645555357456,-0.26440937054286645,0.6723277444314305,-0.5191467791944568,-1.0921935915508474,-0.4392437485239342,-0.22507662262637598,0.2156433344632862,-0.04266765269742773,-0.17060646415397515,-0.1394055390581272,-0.2211362244061767,-0.17832662075339212,-0.2016843501919122,-0.08093512926218802,-0.18749730470790352,0.2629340804700769,0.07374055777264123,-0.0807424436798208,0.006812595950948863,-0.0038331079071753176,-0.0771922971916898,0.05886326225445597,-0.029440712799791192,0.048050073802486784,0.015156691329453081,0.16861221554534972,0.003868940662432896,-0.016006725612974775,-0.0501224698699666,0.07680596662451214,-0.059288733696709804,-0.050784158052103054,-0.03654811553906906
150,0,-1.5245002031600285,0.5318582369355502,0.4985012830292819,-0.24911503162008222,-0.2034723041288379,0.0254158702423321,0.18298526970093637,-0.258170883863421,-0.12095194329407902,-0.04605976041967611,-0.35472878601262015,-0.5191467791944568,-0.5843520110298168,-0.7955525969260767,-0.4033161403102025,0.2053105072801455,-0.058316160796763473,-0.16297368676143592,-0.17143892159311838,-0.20037496875876148,-0.1886498176235161,-0.20477950272185938,-0.08893849206849344,-0.1873820806392396,0.23042550854993493,-0.044836909620778374,-0.15691868075797238,-0.03961338865273549,-0.17823951768382654,-0.010332827183140691,-0.01564850809933574,0.007632777392539222,-0.03203338253499118,0.02076125564741522,-0.010323196870123952,-0.003095152529947193,-0.008003362806305415,0.00011522406866386753,-0.03250857192014195,-0.11857746739341961,-0.0761762370781516,-0.04642598460368435
151,0,0.008742959711623347,-0.58195975207053,0.023864414850735486,-0.07465154836206649,-0.4437226731394509,-0.29233855891529553,0.07975330099969687,-0.1885299519396641,-0.3610528274905204,-0.10021507269295145,0.23471235319872846,-0.5191467791944568,-0.4997117476096651,0.22610128918535075,-0.4627293128714635,0.2373726622160663,0.00914859928712799,-0.1338964395517694,-0.20347230412810954,-0.22717940680119758,-0.15768022701314421,-0.1916251044695937,-0.1609687573270619,-0.17632057004724638,0.20077483306233254,-0.10412564331748819,-0.16538270709999056,-0.03291054893031994,-0.05941317256126098,0.032062154935920795,0.06746476008389146,0.029077247209666535,-0.03203338253499118,-0.026804438042436117,0.03096959061037185,0.013154398252265692,-0.07203026525856847,0.011061510591993281,-0.029650675487602345,-0.059288733696709804,-0.008464026342018182,0.006702839722415549
152,0,-0.6812164635805873,-0.37378367499846676,0.09433451754973787,-0.1328060427813913,-0.12338884778953907,0.02102968947174455,0.11416395723343523,-0.327811815787178,0.039115312835668756,-0.35025130169946517,0.3347387283376463,-0.5191467791944568,-0.7113124061600745,-0.550722556538871,-0.5029769458968261,0.24876916278570574,0.04915074581920397,-0.12044821271729766,-0.2114806497616753,-0.1891658401228372,-0.13015170202614865,-0.20052366799318366,-0.14496203171408711,-0.18334923823590996,0.1938087105080169,-0.16341437701419798,-0.18231075978402395,-0.09789281613395569,-0.04024763302536261,0.011396500569639405,0.04000214653207598,0.013448226834471699,-0.008008345633565707,0.03801356667836041,0.027528524986995574,-0.008898563523589944,0.016006725612974775,-0.0070286681886636004,-0.006966122554315679,-0.059288733696709804,-0.016928052684033357,-0.06498226720363574
153,0,0.9286888574343529,1.1715818022446476,-0.45595407852623826,-0.1364406986825965,0.11686152122107392,-0.32791535849887127,-0.22994260510402165,-0.24269512121370707,-0.12095194329407902,-0.22926602959952225,0.1954162772513327,0.07374055777264124,-0.7959526695802562,-0.1668967871710342,-0.30748844263071073,0.288125078086196,0.029978732584919298,-0.13680416427273354,-0.18745561286061396,-0.1832201284116091,-0.12671063640277483,-0.2175470069078866,-0.12895530610111233,-0.2042624066988971,0.16808764261516046,-0.16341437701419798,-0.3008071285722604,-0.10113840168375712,0.19548850326611547,0.039355915300490284,-0.019172013234284673,-0.01635595155543588,0.024025036901061298,0.005945711711228097,0.0034410656233738344,-0.017023338914702986,0.016006725612974778,-0.020913168462987134,-0.025721067892856424,0.0,-0.11849636878823647,-0.0032455855498014522
154,0,0.02790849924749993,-0.28717027066921696,-1.0207512251579005,-0.1546139781886639,-0.12338884778953907,-0.484843159401829,-0.5396385112077158,-0.08019961339153421,-0.040918315231024883,-0.41304841912276635,0.35617295158167744,-0.5191467791944568,-0.24579095734914974,0.19858436821965642,-0.29598911890916296,0.20151167375693585,-0.13863135137282484,-0.12917138688019847,-0.20347230412810954,-0.22337805013336687,-0.10950530828590319,-0.21019601964926368,-0.1369586689077817,-0.2559404014958652,0.24667979451000588,-0.2819918444076176,-0.2838790758882271,-0.11214517007003985,0.011499323721547739,-0.08661340432926018,-0.16861008395774416,0.00763277739253509,-0.01601669126749559,-0.04015792172175777,0.017205328116871622,0.0073509872586229414,-0.008003362806669365,-0.05167799479696812,0.07859215189484542,-0.11857746739341961,0.01692805268403335,-0.011006768386282745
155,0,-0.20207797518323695,0.7719445156026092,-0.34506729927929564,-0.15824863408986914,-0.12338884778953907,-0.2362929157356741,0.010931988532195711,-0.033772325442348254,0.19918256896541653,-0.2805407401561747,0.2436432795504266,0.07374055777264124,-0.4573916158995892,-0.2155805704180685,-0.33240364402735023,0.29237977163219425,-0.12277557826555108,-0.16406408353180163,-0.15542223032562277,-0.20612573910242168,-0.08885891454565774,-0.2067139730530736,-0.09694185487516278,-0.2543848765688637,0.22881794180663176,-0.22270311071090781,-0.3473592734533559,-0.1343703754654205,-0.036414525118187296,0.09086809787525847,0.01585577310727377,-0.03489269665160315,0.04805007380248677,0.01725231103094518,0.020646393740245454,0.0034820465961900465,0.04001681403261892,0.0015555249270015115,-0.017861852703374106,0.059288733696709804,-0.06348019756512883,-0.02222520539538065
156,0,0.4687159085728792,-0.41936967727701746,0.32647132644054844,-0.40177057947082534,-0.283555760464495,-0.7704322629085404,-0.02347866770154264,-0.14210266399047813,-0.20098557136077266,-0.13708677466627986,-0.06893914275862813,-1.1120341161615548,-0.5843520110298168,-0.15772448018246107,-0.343902967748898,0.21944216798650276,-0.027848204629844147,-0.1851450877588084,-0.1474138846916929,-0.2634385011713407,-0.054448258311912044,-0.225284888232748,-0.10494521768183215,-0.23946335967653914,0.14361690441153416,-0.2819918444076176,-0.39814343150545595,-0.09845726579478939,-0.011499323721547744,-0.0729376036456915,0.09492737363570694,-0.021081004227006792,0.008008345633929886,-0.05731276206891902,0.03441065623374569,-0.018570915179674383,-0.008003362806669365,0.01492151689232454,-0.08520103739509761,-0.0592887336967098,-0.050784158052100056,0.03591310967063112
157,0,-0.16374689611148377,-0.5196588822898567,-0.78965074130678,-0.3036348701382018,0.3571118902353287,-0.4936155209430041,-0.5396385112077158,-0.18466101127719162,0.19918256896541653,-0.20910181758290003,0.5008539584790226,0.07374055777264124,0.21973049146177498,-0.3806820962123097,-0.22316006867276655,0.028588771780272214,-0.08266979922950374,-0.1775123103662692,-0.10737215652277184,-0.29350820712076486,-0.06133038955866217,-0.1978154095294793,-0.07293176645588259,-0.22822901298154746,0.2023823998056357,-0.2819918444076176,-0.4235355105315074,-0.1822074842211892,0.12074289907613141,-0.19085339620623054,-0.05482159459965959,0.007632777392539225,0.04004172816892107,-0.030069705949424142,-0.006882131246750123,0.027469478703268723,0.03201345122594955,0.011234346694991704,0.05876549539410153,0.0,-0.025392079026051534,-0.08375021842639979
158,0,-0.010422579824471123,0.8828704544804356,-0.8715204194423742,-0.08919017196688735,-0.2034723041288379,-0.5642817666912803,-0.3675852300389995,-0.1885299519396641,-0.3610528274905204,-0.3911558460761075,-0.024284511000200803,0.6666278947397393,-0.07651043050881622,-0.8280084524240913,-0.13883169471484424,0.06794468708075904,-0.19303841595660604,-0.18514508775880428,-0.12338884779026742,-0.3434131972215903,-0.05788932393528834,-0.1807920706147807,-0.12095194329480692,-0.24211351325587094,0.20899128530588157,-0.2819918444076176,-0.48278369492562573,-0.31097256309918403,0.08432837395792234,0.039355915300486835,-0.11036861672710227,-0.00763277739253509,-0.01601669126749559,-0.049904990100825455,0.0034410656233738344,0.017023338914698587,-0.04802017683892433,-0.01388450027432353,0.006608885500245848,0.0,-0.05924818439411824,-0.12876507887799482
159,0,0.4112192899652495,-0.11850206223853439,-0.3046506227313318,-0.020131709843946893,-0.5238061294787497,0.03321352494557915,0.07975330099969687,-0.327811815787178,0.1191489408987229,-0.15725098668290205,0.39011047171810503,0.6666278947397393,0.21973049146177498,-0.6353900056641307,-0.07366886029282028,0.105781068971962,-0.2844422844573617,-0.17206032651445308,-0.1554222303252586,-0.3090060458434839,-0.12326957077940341,-0.19742851546323642,-0.0649284036495772,-0.23139767486987456,0.18076955803454903,-0.16341437701419795,-0.35159128662436345,-0.33058718881320365,0.06516283442202396,0.03783638189120296,-0.09140386850075564,0.013084761244351182,-0.03203338253499118,0.034407151378106425,-0.06538024684411509,-0.016636444848455736,0.05602353964522975,0.01071583838599644,-0.02822172727133255,0.11857746739341961,0.13119240830126225,-0.019614625714019653
160,0,-0.6237198449729575,0.2157952878042284,-1.0964029530553536,-0.0964594837693391,0.03677806488541685,-0.4287975162222076,0.07975330099969687,-0.26203982452584956,0.039115312835668756,-0.37329611543276264,0.30794594928258356,0.6666278947397393,0.21973049146177498,-0.7567466827436578,0.016409175525886822,0.07417477405882981,-0.4439327080658252,-0.15679477172937878,-0.1313971934238331,-0.3544273844899378,-0.13359276764952738,-0.1978154095294793,-0.04892167803660241,-0.26412131037118314,0.2470370315640694,-0.04483690962077837,-0.27118303637520424,-0.3267065973949618,0.0900780358187071,-0.03160629491313218,-0.15949042360846355,0.015265554785074312,0.024025036901425476,-0.045421338646453965,-0.01032319687012395,-0.0003868940662428544,0.016006725612974775,-0.03272363550130865,0.06626747352952037,0.11857746739341961,0.08040825024915918,0.0038805914182418965
161,0,-0.2787401333269612,1.002913593813965,0.3316529516389993,-0.08192086016447692,-0.2034723041288379,-0.03355389345098481,-0.40199588627273786,-0.3394186377745075,0.039115312835668756,-0.23099439062955887,0.4133308802325012,0.07374055777264124,0.21973049146177498,-0.4420659968281279,-0.01233913377797163,0.23266210864727932,-0.4131538543869989,-0.15752170290961984,-0.10737215652277184,-0.32854891794350677,-0.18176768637677085,-0.2129042781129636,-0.00890486400398349,-0.277199242164844,0.2648988842674466,0.014451824075931444,-0.19923881246806024,-0.3935233259963096,-0.028748309303858455,0.1584873345884495,0.030778853678826386,-0.000726931180241043,0.0240250369010613,0.025878466546431073,-0.04817491872724347,-0.015088868583484339,0.04001681403261892,-0.01307793179366074,0.017861852703377274,0.059288733696709804,0.07194422390714401,-0.06681672860134787
162,0,-0.9878650961550484,-0.8053311632354665,-0.43937287789117196,-0.28546159063217574,0.11686152122107392,-0.3308394790125668,-0.12671063640278216,-0.47483156095959284,0.3592498250951643,-0.30589003526280195,-0.13324181249078507,-0.5191467791944568,0.5582915451424421,-0.5563670531472084,-0.04300399703541774,0.18950735982357936,-0.4665245939310898,-0.17278725769469827,-0.08334711962171053,-0.3637358347919379,-0.2058551457403926,-0.22760625263020512,0.023108587221966063,-0.2727631155211776,0.21810083018460352,0.01445182407593144,-0.07227841733780863,-0.39408777565714337,-0.030664863257446107,-0.043154748823699976,-0.05337073954409098,-0.015265554785078444,0.024025036901061298,-0.03518691684843113,-0.02408745936362174,-0.014701974517241484,0.03201345122594955,0.004436126643666322,-0.046798054082843134,0.0,0.12696039513025165,-0.0005644496608337324
163,0,0.7561990016114637,-0.25526006907422105,0.32232602628178775,-0.39450126766841487,-0.043305391453882,-0.1851208067455156,-0.05788932393528099,-0.2775155871755635,0.1191489408987229,0.254098938456799,-0.3404393038499221,-0.5191467791944568,-0.41507148418948325,0.3453412800367764,-0.06025298261770666,0.04682317269169247,-0.38869658345028724,-0.1985933145932801,-0.09936381088920612,-0.34945637961660236,-0.1886498176235185,-0.2310882992263908,0.047118675641246256,-0.22442661871554553,0.16451527207447803,-0.04483690962077837,-0.034190298798731325,-0.3428639689363623,-0.017248985582288923,-0.14268418713188685,0.0778280104808026,-0.025806056898581835,-0.01601669126749559,0.014279455175335567,0.017205328116874065,-0.003482046596185645,0.02401008841928019,0.04833649680563212,-0.053585558110125484,-0.059288733696709804,0.0380881185390773,0.051223806720781064
164,0,0.20039835507038917,0.3951002300998635,-0.16267409229366042,-0.06738223655965604,0.03677806488541685,-0.5096981837684622,-0.33317457380523674,-0.16144736730262063,-0.040918315231024883,-0.2361794737195115,0.18469916562930128,-0.5191467791944568,0.3043707548819267,-1.3635300681413183,-0.04300399703541774,0.11505022276860051,-0.30288887016386323,-0.18987014043037934,-0.08334711962171053,-0.35194188205326565,-0.1680034238832706,-0.2392130746174994,0.04711867564124625,-0.20673972417522002,0.14736789347924042,-0.04483690962077837,0.020825872424376324,-0.4990754125724598,0.017248985582288923,0.06822705007690805,0.085807713286424,0.008723174162900787,0.01601669126749559,-0.002485502436663323,0.020646393740247904,-0.008124775391108643,0.0,0.017686894540325484,-0.017147378595237617,0.0,0.055016171223107646,-0.15621144363609746
165,0,-0.3937333705422207,0.2917719582684911,-0.5564776073762793,-0.39086661176720966,-0.283555760464495,0.003972319808358381,-0.1611212926365205,-0.312336053137464,-0.20098557136077266,-0.34737069998278985,0.1954162772513327,0.07374055777264124,-0.2881110890592256,-0.12244637638027792,-0.06216953657131612,0.06703296703518871,-0.3240299009735616,-0.21313193819811338,-0.09936381088920612,-0.3279153584988624,-0.18520875200014222,-0.267069447387011,0.007101861608627335,-0.2134227201578815,0.14254519324933104,-0.04483690962077837,0.03775392510841268,-0.48976199316868074,-0.019165539535898373,-0.04801725573341181,-0.021141030809698362,-0.02326179776773405,-0.01601669126749559,0.024026523554403247,-0.017205328116871622,-0.027856372769511573,-0.04001681403261892,-0.006682995982661516,-0.004822700229909391,0.0,0.01692805268403636,0.009313419403779059
166,0,0.02790849924749993,0.25986175667349526,-0.7761785157907842,-0.20186450490437308,-0.36363921680379385,-0.015034463530795225,-0.22994260510402165,-0.320073934462321,-0.44108645555357456,-0.5127172385193436,-0.02607069627053409,0.07374055777264124,-0.9652331964205898,-0.34258174410593284,-0.10625027750385403,0.13495611043023997,-0.43429488519669485,-0.19314133074146814,-0.107372156523136,-0.2523755785610879,-0.20585514574039016,-0.2848665744341953,-0.016908226810652856,-0.25098576654318794,0.14683203789814042,0.07374055777264124,-0.00033419343066460884,-0.5082477195610279,-0.04408074093253793,0.06792314339505127,-0.11026498422313327,0.019990607456645226,-0.008008345633929886,0.07553977993777453,-0.0206463937402479,-0.017797127047184287,-0.02401008841928019,-0.03756304638530637,0.004286844648809404,0.11857746739341961,-0.0380881185390773,-0.018485726392347177
167,0,-0.5470576868294512,-1.2125661169239241,0.6612043142607803,-0.18369122539830565,-0.2034723041288379,-0.3556945033792,0.3550385508696526,-0.4361421543353079,0.039115312835668756,-0.2252331871962083,0.3972552127994382,0.07374055777264124,-0.24579095734914974,0.18800093707899895,-0.1445813565756508,0.06566538696683324,-0.2892093796399388,-0.18114696626747856,-0.16343057595955268,-0.23858347680470748,-0.11638743953265329,-0.31001468874000687,-0.03291495242362764,-0.25259890350451875,0.136472163330182,0.07374055777264124,-0.04688633831175708,-0.45137941623189703,-0.038331079071796746,-0.06929072346340674,0.14508550555675603,0.011994364473989614,-0.056058419436416665,0.013792101756380409,0.08946770620773684,-0.025148114305811632,-0.016006725612974775,-0.0016131369613308273,-0.010359874567958439,0.0,-0.04655214488109247,0.05686830332913086
168,0,-0.470395528685727,-0.6579364225347927,-0.5792767582494865,-0.32907746144667965,0.11686152122107392,-0.3293774187557633,0.2862172384021759,-0.34715651909936446,-0.44108645555357456,-0.00861193810300217,-0.1778964442492124,0.07374055777264124,-0.20347082563907387,0.3495746524930294,-0.19057865146177638,-0.08841530073468959,-0.25998501352065007,-0.20513569521545777,-0.1313971934245615,-0.21509304201115578,-0.05100719268853575,-0.32587734545597696,-0.04091831522993304,-0.2143445127072082,0.12111097000528084,0.01445182407593144,-0.05958237782478284,-0.33362110574018494,-0.045997294886125584,-0.15408068770152283,0.029224366119288768,-0.02398872894797923,0.03203338253499118,0.023490434793551694,0.06538024684411754,-0.015862656715970036,-0.008003362806305415,0.038254390797310536,-0.01536119332490116,-0.059288733696709804,-0.012696039513025763,0.11775831049171206
169,0,-0.29790567286283776,-0.5530886172941364,-0.5927489837654588,-0.39086661176720966,0.11686152122107392,-0.19681728880038618,0.11416395723343523,-0.17305418928990612,-0.20098557136077266,-0.09214938788627111,0.5937355925365756,-0.5191467791944568,0.43133115001218436,-0.5838839741129277,-0.2614911477445851,-0.13187395624024978,-0.28879484962406277,-0.24220918540778405,-0.06733042835457911,-0.2380961233857523,-0.04756612706516191,-0.31040158280624974,-0.07293176645588259,-0.2078343528275451,0.1414734820871279,-0.10412564331748816,-0.03842231196974191,-0.32847050258506466,-0.07091249628280873,-0.043458655505560204,-0.0288098361034127,-0.037073490192326274,0.06406676506998236,-0.023003081374596536,0.003441065623373836,0.015475762649727188,-0.032013451225949556,0.006510159879663094,0.020362512081847056,-0.11857746739341961,0.02116006585504094,0.005150603155120304
170,0,-0.5278921472935746,-1.0910034441811107,-0.07665911399928188,-0.10009413967054433,-0.283555760464495,-0.12907516356589416,-0.19553194887025885,-0.1885299519396641,0.039115312835668756,-0.4355171125127183,-0.28506756046946335,0.6666278947397393,-0.37275135247940744,-0.07658484143743731,-0.2519083779766468,-0.2625538294387837,-0.18682046571845556,-0.24257265099790457,-0.09936381088957029,-0.20812388812012098,-0.07509465205215748,-0.3030505955476312,-0.0729317664558826,-0.21405645253554068,0.0821721311119232,-0.10412564331748816,-0.09767049636386016,-0.26045431845444267,0.009582769767938292,-0.1306798731985339,0.10197438390560717,-0.0003634655901205222,-0.03203338253499118,0.029972235265631343,-0.027528524986995574,0.0073509872586185465,0.0,-0.006222099707995565,-0.05930135097520469,0.0,-0.05924818439411824,0.06801618413062205
171,0,0.3728882108934963,0.31760402622631695,0.0860439172322165,-0.18005656949710044,0.03677806488541685,-0.009186222503315612,0.42385986333715375,-0.34715651909936446,0.1191489408987229,-0.2603765281395001,0.4008275833401365,0.07374055777264124,0.09277009633151731,-0.7264075134737698,-0.18674554355460107,-0.3310847861975485,-0.21138136915913383,-0.25238622193116694,-0.07533877398814483,-0.20568712102535408,0.007490922908831671,-0.3038243836801169,-0.06492840364957718,-0.2169946662865348,0.08092180142268673,-0.10412564331748816,-0.11036653587688591,-0.28888847011900676,0.06516283442204575,-0.06853095675876482,-0.024560903440678284,-0.009813570933262353,0.024025036901425476,0.0024367670947669203,0.08258557496098916,-0.0007737881324856976,0.008003362806305415,-0.0029382137509941205,-0.001250329689236468,0.0,-0.012696039513025767,-0.028434151664564183
172,0,1.3886618062958267,-0.38897900909130545,0.2269841226301977,-0.27819227882976527,-0.6038895858144068,0.18283102456425385,0.49268117580463044,-0.05311702875453473,0.039115312835668756,-0.5726337542259694,0.015011564947226667,-0.5191467791944568,0.5159714134323662,-0.887275666811758,0.05090714669048646,-0.28944957078313244,-0.14474566910699688,-0.2516592907509259,-0.1474138846916929,-0.154320070667672,0.06943010412957293,-0.2616529304596111,-0.09694185487552673,-0.24366903818285152,0.0957471391664879,-0.10412564331748816,-0.1145985490478935,-0.32197933148546176,0.2376526902450875,0.0416352154144161,0.06663570005213697,0.0007269311802410472,-0.07207511070354808,0.05136705035768206,0.061939181220741255,0.04217145322050581,-0.03201345122594955,-0.026674371896316745,0.014825337743801173,0.0,-0.004232013171007587,-0.03309086136645496
173,0,-1.1220238729061844,-1.3082967217088772,0.7534372427932999,-0.2273070962128096,-0.283555760464495,-0.21923554607228793,0.25180658216841306,-0.2272193585639491,-0.44108645555357456,-0.6913145449525826,0.2740084291461559,-0.5191467791944568,-0.880592933000408,-0.07164590690511713,-0.13691514076127836,-0.39475323604659807,-0.10163454745584569,-0.23493987360536533,-0.1714389215927542,-0.15773154460034924,0.10039969473994234,-0.25662330759844965,-0.15296539452075647,-0.33821038652378965,0.1571919124660957,-0.10412564331748816,-0.16115069392898598,-0.36367805017965116,-0.18782228745176482,-0.10530366526346562,0.04311112165115122,0.01671941714556053,-0.024025036901061298,-0.0034114739326772336,0.030969590610369406,0.005029622861161443,-0.05602353964522975,-0.09454134834093816,0.061444773299607805,0.0,-0.04655214488109247,-0.041698718694189355
174,0,0.4687159085728792,0.3373579605470418,-0.17303734269056215,-0.18005656949710044,-0.2034723041288379,-0.3454600815812215,-0.47081719874021455,-0.15757842664019214,0.1191489408987229,-0.30300943354617904,-0.32793600695755737,0.6666278947397393,0.3043707548819267,-0.6318621952838949,-0.11008338541102936,-0.40052746300188025,-0.10267087249553583,-0.2462073068991098,-0.1954639584941797,-0.1413077343816252,0.08663543224644457,-0.2562364135322068,-0.13695866890778172,-0.34489338250645646,0.10592839520740985,0.01445182407593144,-0.16115069392898598,-0.2905112628939088,0.026831755350249002,-0.005774226955282169,-0.0010363250396901724,-0.01126743329374444,-0.024025036901425476,0.01642381021872407,-0.01376426249349778,0.0003868940662428488,0.016006725612974778,-0.006682995982666753,-0.051263517258685866,0.11857746739341961,0.0,0.07316678728574234
175,0,-0.16374689611148377,0.7734640490118931,-0.5896400086463883,0.08890796719233361,-0.5238061294787497,-0.28892708498263603,-0.26435326133776,-0.1769231299523346,0.039115312835668756,-0.4262991870193993,-0.20468922330427514,0.07374055777264124,0.21973049146177498,-0.001795261376792998,-0.08708473796795566,-0.35235825392754,-0.10598711262254676,-0.19822984900315543,-0.21948899539560518,-0.1705976748607246,0.0763122353763206,-0.24269512121369385,-0.11294858048813756,-0.35278623121011743,0.06591784515184906,0.01445182407593144,-0.1103665358768859,-0.27844615139356027,0.022998647443073693,0.048169209074340205,-0.0033162401270109055,0.047977457895954326,-0.024025036901425472,-0.02928994047909944,-0.010323196870123948,0.013541292318512938,0.024010088419644145,-0.007892848703660943,-0.040010550055560784,0.0,0.050784158052100056,0.012065111500348492
176,0,0.29622605274999,-0.4421626784163101,0.4010867292983115,-0.5289835360131319,0.03677806488541685,-0.3249912379851758,0.04534264476595851,-0.06859279140424872,0.039115312835668756,-0.17856743938621536,0.22399524157672873,0.6666278947397393,0.6852519402726998,-0.36163192015912127,-0.06025298261770665,-0.4225606974365205,0.011739411886362822,-0.23094175211403134,-0.17944726722668408,-0.20159335230616268,0.10384076036331864,-0.2175470069078866,-0.06492840364921323,-0.31937125129680455,0.09092443893657534,0.07374055777264124,0.054681977792443034,-0.2803511689988792,0.026831755350249002,-0.07020244350898053,0.11772652450890957,-0.03271190311087588,0.04004172816892107,-0.030995677445438057,0.027528524986998017,0.02514811430580723,0.04802017683892433,0.033414979913312826,0.025006593784726285,0.059288733696709804,0.16504851366932896,-0.0019050176053188427
177,0,0.6987023830036161,0.14741628438638507,-0.21863564443697683,-0.07101689246086126,0.19694497756037277,0.4698821883278573,-0.12671063640278216,-0.2272193585639491,0.039115312835668756,-0.10309567440962673,-0.43510712317780836,0.07374055777264124,-0.33043122076933157,0.5697100202186843,0.06432302436560008,-0.2865624573054896,-0.0762445839834129,-0.2196743188202869,-0.139405539057763,-0.11903568313545695,0.05566584163607515,-0.19665472733075073,-0.06492840364921323,-0.30715750001814646,0.00768820533885069,0.07374055777264124,0.04621795145042485,-0.24218026068491055,0.12457600698330673,0.13599824013103093,-0.0879839958697757,0.011267433293744439,0.04004172816892106,0.08255766917070573,-0.04817491872724348,0.02089227957713588,0.0,0.012213751278658157,-0.08323623359772465,0.0,-0.008464026342018182,0.038170908313968535
178,0,-0.3937333705422207,-0.4573580125091488,0.35548842755189686,0.04892675227903489,0.03677806488541685,-0.4897166935913806,0.3894492071034154,-0.16531630796504912,0.43928345315821843,-0.10540015578295649,0.30794594928258356,0.07374055777264124,-0.4997117476096651,0.24515146523853917,0.0719892401799507,-0.26650461630292527,0.01723193459672545,-0.18187389744771543,-0.1474138846913287,-0.13506961061901865,0.06598903850619911,-0.1784707062173192,0.023108587221966063,-0.31683632178614185,0.056272444692030285,0.07374055777264125,0.01659385925336574,-0.2526225794103596,0.00766621581435063,0.020057841002564386,0.09347651858013835,0.037800421372571454,-0.008008345633565707,-0.01603392748356173,0.010323196870123952,0.018184021113431533,0.0880369908711793,-0.009678821767995432,0.04858423935317959,0.0,-0.02962409219705912,-0.010442318725449021
179,0,0.43038482950112605,-0.4907877475134286,0.0010652639775517016,-0.2672883111261083,0.03677806488541685,-0.48581786623975703,0.11416395723343523,-0.2194814772390921,-0.2810191994238268,0.11352557468357939,0.27222224387582267,0.07374055777264124,0.00812983291133551,-0.10974625901149399,0.14481829041634708,-0.2602745293248544,0.07661335937102651,-0.1695160673836053,-0.1554222303248944,-0.16396966836295576,0.06598903850619911,-0.1831134350122378,0.01510522441566065,-0.2962688255291568,0.024121109825954994,0.13302929146935105,-0.02572627245671915,-0.20520880790021626,0.07282905023639638,0.006230086978070782,0.05938142477430105,0.012357830064110138,-0.008008345633565707,-0.028900057743937085,0.0,-0.004642728794918597,-0.008003362806305415,0.020567496256985052,-0.03215133486607529,0.059288733696709804,-0.042320131710084884,0.04741377151014337
180,0,0.31539159228586655,-0.30388513817133955,-0.1460928916585941,-0.22003778441039915,-0.12338884778953907,-0.1266383964711627,-0.19553194887025885,-0.258170883863421,0.1191489408987229,-0.011492539819677457,-0.088587180732326,0.07374055777264124,-0.6689922744499986,0.14002271590800683,0.2291466643742912,-0.18156269872387734,0.06966998160509529,-0.18151043185759078,-0.13940553905739883,-0.16372599165348262,0.06598903850619911,-0.1900775282046135,0.023108587221966063,-0.25386636825985265,0.043769147799668735,0.07374055777264125,-0.055350364653778274,-0.18354805216567183,0.08432837395794411,0.07871183060097711,-0.006943377765931222,-0.011994364473985481,0.01601669126749559,0.00024367670947314513,0.0,-0.006964093192375692,0.008003362806305415,0.042402457269304084,0.019648037973713735,-0.059288733696709804,-0.02962409219705912,0.02166075573454441
181,0,0.31539159228586655,-0.027330057681432967,-0.18236426804779723,-0.11826741917657041,0.03677806488541685,-0.1763484452043405,0.3894492071034154,-0.35102545976179295,0.3592498250951643,-0.42802754804943594,-0.1689655178975142,-0.5191467791944568,-0.4573916158995892,0.14919502289657996,0.2233970025135282,-0.21605610711465234,0.042829163077093904,-0.17533151682553777,-0.1394055390573988,-0.18044221392358512,0.06254797288282526,-0.19046442227085633,0.0471186756416102,-0.2706314702508463,-0.013210162324096341,0.014451824075931452,-0.11036653587688891,-0.09598779852863686,-0.005749661860762973,-0.03449340839077499,-0.026840818528001374,0.006178915032053004,0.0,-0.016716222270102492,-0.0034410656233738344,-0.0003868940662428488,0.024010088419644138,-0.016765101990993587,-0.05697931012376507,-0.059288733696709804,-0.05501617122311066,0.08756025363703497
182,0,-0.31707121239871433,0.0805568143778256,0.04459091564456249,-0.43811713848291883,-0.043305391453882,-0.16562666998739797,-0.6428704799089552,-0.06085491007939172,-0.12095194329407902,-0.5582307456426454,0.27936698495718754,0.07374055777264124,0.5159714134323662,-0.2917812746307971,0.05282370064407412,-0.1691025247677392,0.024589842378530385,-0.19132400279085313,-0.08334711962134636,-0.2152879833787503,-0.0510071926885333,-0.19123821040334205,0.031111950028635427,-0.26919116939251386,0.013225379676899745,0.07374055777264125,-0.11036653587688891,-0.03643835931054078,-0.1705733018694541,0.0469535823469131,-0.018239320698563523,-0.015992485965315356,0.05605841943605248,-0.03484576945516518,-0.11355516557135856,-0.000773788132485699,-0.016006725612974775,0.0014403008583323996,0.026435542000996088,0.059288733696709804,0.0,0.05954943921809608
183,0,0.02790849924749993,0.050166146192113605,0.45601195640193776,0.04529209637782967,0.19694497756037277,-0.3323015392694588,-0.02347866770154264,-0.18466101127719162,0.43928345315821843,-0.45164848212607894,-0.047504919514565244,0.07374055777264124,-0.33043122076933157,0.08075550152034014,0.16781693785944257,-0.03325623797764012,-0.005152686260605837,-0.1640640835317892,-0.03529704581885958,-0.22659458269846738,-0.07853571767552887,-0.1869823756746663,0.11914894089981472,-0.2452245631098635,-0.018925955189172373,0.13302929146935108,-0.05535036465378129,-0.021198218467995054,0.11499323721536843,0.13584628679009908,-0.029742528639136217,0.027259919259063924,0.04805007380248678,-0.01130659931971709,-0.027528524986995574,0.004255834728675747,0.0880369908711793,0.023966606282650366,-0.03215133486607212,0.059288733696709804,0.055016171223107646,0.015240140842545727
184,0,0.29622605274999,-0.6913661575390724,-0.18961854332562844,-0.04920895705358863,0.11686152122107392,0.007871147159981906,-0.40199588627273786,-0.17305418928990612,0.039115312835668756,-0.3064661556061475,0.23828472373942675,0.07374055777264124,0.43133115001218436,0.09416118096516622,0.15056795227715364,-0.13612864978625155,-0.0068108063241124565,-0.15097932228743802,-0.0032636632838683967,-0.19126145982434703,-0.0716535864287812,-0.1885299519396377,0.1111455780935093,-0.24557023531586036,0.03769611788052604,0.07374055777264127,-0.042654325140755525,0.05140411915691105,-0.017248985582288923,-0.10287241180861142,-0.0016581200635066295,0.013084761244351182,0.03203338253499118,0.03533312287412034,0.006882131246747669,-0.001547576264971398,-0.008003362806305415,-0.00034567220599684425,0.05662207306969841,-0.059288733696709804,0.012696039513025763,0.07260233762490612
185,0,-0.4512299891498504,-1.2961404544346062,-0.2310715449132589,-0.12190207507777563,0.2770284338960298,-0.15393018793252738,0.04534264476595851,-0.4322732136728794,-0.20098557136077266,0.17747493279351925,0.4043999538808031,0.6666278947397393,-0.33043122076933157,0.4307142912380531,0.12181964297331696,-0.34308910013090144,0.029046040049200493,-0.17206032651444897,0.07681979305360956,-0.17776177011933617,-0.040683995818409355,-0.2140649603116922,0.08713548967386515,-0.1851928233345685,0.09860503559903386,0.13302929146935108,-0.09767049636386618,0.09465507441839567,-0.02874830930383666,-0.20696045034464997,0.03585684637331295,-0.021081004227010924,0.08008345633747796,0.013499689705010864,0.03096959061037185,-0.02553500837205448,-0.024010088419644145,0.06037741198129185,0.060908917718507816,0.059288733696709804,-0.05501617122311066,0.043250955261484605
186,0,-0.41289891007809726,-0.18232246542852612,-0.24143479531018416,-0.04920895705358863,-0.043305391453882,-0.35423244312239655,-0.12671063640278216,-0.36263228174907847,0.519317081224912,-0.09733447097627615,0.18469916562930128,0.07374055777264124,-0.11883056221889209,0.006671483535737976,0.05090714669050824,-0.3171050788321231,-0.03520611241164909,-0.12408286861849463,0.06881144741967968,-0.18068589063305823,-0.05788932393528342,-0.24346890934617513,0.13515566651278949,-0.1770695264935746,0.09467542800429112,0.07374055777264127,-0.17807874661302536,0.1314854147878816,-0.07091249628280873,0.025984021298778394,-0.06425215246084956,0.047977457895954326,-0.008008345633929884,-0.002924120513722073,-0.017205328116874065,-0.029403949034482974,0.04802017683892433,0.00812329684099392,-0.003929607594742745,-0.059288733696709804,-0.08040825024915918,0.036830340369485924
187,0,-0.029588119360347706,0.8327258519740333,0.16791359536781078,-0.24184571981767178,-0.4437226731394509,-0.16806343708212942,-0.09229998016901934,-0.4864383829469223,0.27921619702847067,-0.08754042513961162,0.6098112599696068,0.6666278947397393,0.3466908865920326,-0.3348205612694691,-0.021921903545888143,-0.2485741220733583,0.003448811568829674,-0.1411657513541757,0.004744682349697304,-0.24448045317405692,-0.05444825831190714,-0.26939081178447244,0.1591657549320697,-0.1755140015665731,0.19916726631903264,0.13302929146935108,-0.11036653587688894,0.04103235663906625,-0.07282905023639638,0.06853095675876482,0.03865492398047876,-0.01708288273568105,-0.06406676506998236,-0.06379456254099866,0.0034410656233762812,-0.025921902438297322,0.02401008841928019,0.0015555249270015115,0.10449183831474151,0.059288733696709804,0.06771221073613642,-0.09045305814881535
188,0,0.8136956202190935,0.49690896852198657,0.16894992040750095,-0.33634677324909007,-0.2034723041288379,-0.31475681618710866,-0.47081719874021455,-0.1962678332645211,0.1191489408987229,-0.007459697416363494,0.18827153616996783,1.2595152317068374,-0.2881110890592256,-0.7031239649643284,0.09882099553024327,-0.15314742397024472,-0.015205039145609917,-0.17969310390698817,-0.01928035455172817,-0.2269844654336297,-0.14047489889627013,-0.2724859643144197,0.12715230370612013,-0.16571995572991377,0.18719982500777105,0.25160675886277073,-0.08920647002184498,-0.05379518638122051,0.12074289907613141,0.09542669810311354,-0.01865385071443959,-0.03852735255281249,-0.024025036901425476,0.017495987740427193,-0.086026640584363,-0.0030951525299471984,-0.03201345122594955,0.009794045836659299,-0.011967441311261573,0.11857746739341961,0.021160065855043948,-0.09482754302028676
189,0,0.9478543969702296,-0.37226414158918286,0.558608135331359,-0.07465154836206649,-0.12338884778953907,-0.42343662861369197,0.07975330099969687,-0.3084671124750355,-0.20098557136077266,-0.18778536487958675,0.37403480428507374,0.07374055777264124,-0.03419029879874035,-0.43853818644789205,0.15056795227715364,-0.14129506337782016,0.04054924798977082,-0.160429427630584,-0.03529704581922376,-0.2207463416710232,-0.14391596451964397,-0.281384527838014,0.13515566651242555,-0.19585104968623038,0.19738108104869617,0.2516067588627707,-0.09343848319285257,-0.08667437912486031,0.05174695674691034,0.01185236059242457,0.055754287135380734,0.019263676276404178,-0.01601669126749559,0.0062381237626065065,-0.003441065623373836,-0.008898563523594341,0.008003362806305415,-0.030131093956316614,0.010181256040925107,0.0,-0.004232013171007586,-0.032879192743639804
190,0,-0.29790567286283776,-0.016693323816411313,0.17413154560595182,-0.38359729996479924,0.03677806488541685,-0.13589811143121316,0.07975330099969687,-0.3897148663861219,-0.2810191994238268,-0.33181545071282714,-0.5065545339912985,-1.1120341161615548,-0.542031879319741,0.13437821929966956,0.0892382257622832,-0.11257588194232733,0.0725716917162254,-0.17678537918602402,-0.01928035455172817,-0.22167231316702823,-0.11638743953264838,-0.2945389260902841,0.0951388524801706,-0.22788334077554534,0.15558434572279892,0.1330292914693511,-0.08074244367982682,-0.08723882878569403,-0.06132972651487043,0.028719181435492826,0.03202244372645459,-0.01635595155544001,0.01601669126749559,-0.0009259714960050458,0.027528524986995574,-0.013154398252270088,-0.040016814032254974,-0.03203229108931497,-0.04179673532589724,-0.11857746739341961,0.01269603951302577,-0.0005644496608337268
191,0,0.8520266992908466,0.21883435462279616,-0.7336891891634636,-0.32907746144667965,0.03677806488541685,0.1818563177263258,0.25180658216841306,-0.26977770585070654,0.1191489408987229,-0.06449561140631412,1.0134891310658813,-0.5191467791944568,0.1774103597516991,-0.5239111976491938,0.1429017364627812,-0.08795944071190442,0.017439199604658763,-0.19786638341303492,-0.01928035455172817,-0.18585183687396162,-0.13015170202614862,-0.2864141506991754,0.07112876406052646,-0.1915301471112332,0.27382981061913847,0.1330292914693511,-0.017262246114697982,-0.15454945084027144,0.053663510700498004,0.024616441230422913,-0.055132492111566636,-0.021081004227010924,0.0,0.03582047629306663,-0.013764262493500235,0.008124775391108641,-0.024010088419644138,0.03635319366431218,0.11824546489633955,0.0,0.06348019756512883,-0.06731062205457737
192,0,-0.04875365889622429,0.22643202166921553,1.1358411824393033,-0.32544280554547445,0.2770284338960298,-0.3654415717583031,0.3550385508696526,-0.3084671124750355,0.3592498250951643,-0.3007049521728493,0.5419362196967833,0.07374055777264124,-0.07651043050881622,0.19293987161129408,0.1697334918130302,-0.07337191998276543,0.12656422628413283,-0.18659895011929048,0.01275302798326301,-0.20583332705105212,-0.030360798948287852,-0.3111753709387398,0.11914894089945079,-0.1657775677642536,0.30008673409309805,0.1330292914693511,-0.07651043050881623,-0.1060773362160623,0.026831755350249002,0.014587520729138992,0.10912502667947407,0.011267433293744439,0.03203338253499118,-0.019981490177090513,0.09979090307786079,-0.024761220239564376,0.04802017683892433,0.02575257934697961,0.026256923473959574,0.0,-0.05924818439411824,0.04847211462420912
193,0,-0.37456783100634405,-0.7217568257247844,-0.2549070208261564,-0.34361608505150054,0.03677806488541685,0.19842633397074794,0.42385986333715375,-0.4400110949977364,0.039115312835668756,-0.06046276900300015,-0.1761102589788791,0.07374055777264124,-0.8382728012903321,0.5238484852758437,0.12948585878764582,-0.15056421717445523,0.05547232856132343,-0.2254897682622235,-0.003263663284232582,-0.15276053972703146,0.014373054155581788,-0.33671037931079434,0.07913212686719581,-0.1266589964519457,0.28722620014666667,0.1330292914693511,-0.12729458856091627,-0.061768037840511936,-0.0402476330253844,-0.0771922971916898,-0.07109189772280941,-0.03889081814293302,-0.01601669126749559,0.053072787324020675,0.04473385310386964,-0.02553500837205448,-0.04001681403225497,0.03911857131230788,-0.012860533946431385,0.0,-0.050784158052100056,0.04430929837555035
194,0,-0.16374689611148377,0.10942794915425372,-0.09116766455496786,-0.23821106391646657,0.03677806488541685,-0.3474094952569889,0.11416395723343523,-0.3007292311501785,0.1191489408987229,-0.23963619577953232,0.9331107939006931,-1.704921453128653,-0.7959526695802562,-0.46817179364173794,0.08348856390149843,-0.07048480650512262,0.06531741643838948,-0.24438997894851128,-0.011272008917798287,-0.18828860396872854,0.0659890385061991,-0.3494778834968216,0.08713548967350122,-0.11997600046928418,0.3567088071627933,-0.04483690962077833,-0.2500229705201603,-0.11800133530120235,-0.04599729488614738,0.0800794106693326,0.009845087877066058,-0.018900210686287795,-0.008008345633565707,-0.03552806424169708,0.0516159843506173,-0.01276750418602724,0.008003362806305415,0.006682995982661516,0.06948260701612663,-0.17786620109012943,-0.12272838195924404,-0.05623329746069041
195,0,-0.06791919843210087,-1.1244331791853905,0.463266231679769,-0.32907746144667965,0.11686152122107392,-0.23531820889774605,-0.40199588627273786,-0.22335041790152058,-0.3610528274905204,-0.3225975252194557,-0.18146881478987895,0.07374055777264124,-0.07651043050881622,0.02219384920869054,0.12181964297327338,-0.05331407898020105,0.13475119409769226,-0.26510751758540174,-0.02728870018529388,-0.1964274060652504,0.021255185402329457,-0.32858560391968566,0.07112876406052646,-0.16998324627058167,0.2981219302957251,-0.10412564331748812,-0.22463089149410878,-0.1588533795041386,0.03833107907177495,0.017170727524921568,0.06943377765930278,-0.020717538636890402,-0.01601669126749559,-0.008138802096521866,-0.04473385310386964,0.020892279577135884,-0.016006725612974775,-0.05000724580129749,-0.058586876867068205,-0.059288733696709804,0.025392079026051534,-0.040852044202936255
196,0,-0.08708473796797746,-0.9496868371175725,0.3824328785838649,-0.30726952603940705,-0.283555760464495,-0.2860029644688519,0.14857461346719802,-0.1769231299523346,-0.12095194329407902,-0.5801233186893042,0.2615051322537912,-0.5191467791944568,0.00812983291133551,-0.05682910330820673,0.15440106018428537,-0.13005051614910568,0.19713796148709717,-0.29091357448398353,-0.051313737086355185,-0.18960445819989594,0.048783710389327474,-0.3100146887400113,0.007101861608627333,-0.2182621310418845,0.3058025269581741,-0.16341437701419795,-0.21193485198108605,-0.16520343818853306,0.03258141721101198,-0.07673643716890463,0.06238676738940491,-0.02580605689858184,-0.024025036901061298,0.006822947865354467,0.027528524986998017,0.018570915179674387,-0.0640269024518991,-0.04827888477130281,0.007680596662448991,-0.059288733696709804,0.01269603951302276,-0.00635005868439447
197,0,0.9095233178984764,0.19300228666493577,-0.1388386163807629,-0.21640312850919394,0.2770284338960298,-0.15831636870311494,-0.02347866770154264,-0.4129285103606929,0.1191489408987229,-0.37041551371613973,0.14004453387087396,0.07374055777264124,-0.4573916158995892,-0.010967568365366132,0.24831220391016778,-0.19402287268001542,0.1664627403122398,-0.28836931535313576,0.020761373617192897,-0.1886297513619945,0.05566584163607515,-0.3026637014813883,-0.008904864004347444,-0.24654963989953732,0.2588258543483008,-0.22270311071090773,-0.29234310223024823,-0.1328181388981228,0.09391114372588241,-0.06397235653090974,-0.03067522117485737,0.002544259130847784,0.07207511070354808,0.0009747068379014484,0.006882131246747671,0.007350987258622943,-0.016006725612974775,-0.02828750885765281,-0.04697667260987329,-0.059288733696709804,-0.08040825024916218,0.0323852992904103
198,0,1.6378138202624402,-0.030369124500000712,-0.055932613205478446,-0.22003778441039915,0.2770284338960298,-0.49848905513255565,0.3894492071034154,-0.2078746552518066,0.3592498250951643,-0.03741795526965025,1.0902950976903711,1.2595152317068374,-0.880592933000408,-0.46464398326152717,0.33072402391450245,-0.2467506819822142,0.14397448695094187,-0.27673841646926667,0.06881144741967968,-0.2070029752565392,0.14169248222043812,-0.3038243836801169,0.015105224415296695,-0.24954546568486596,0.34902821050034116,-0.22270311071090773,-0.35159128662436645,-0.10897014072784268,0.08241182000433467,-0.052727809302198725,-0.02248825336129794,0.011630898883869093,0.04805007380248677,-0.0183732238945447,0.086026640584363,-0.0011606821987285494,0.024010088419644138,-0.0029958257853286755,0.09020235615204034,0.0,-0.05924818439411823,0.023847998170280122
199,0,-0.470395528685727,0.18996321984636805,0.4383944307271813,-0.21276847260798873,0.19694497756037277,-0.18804492725921107,-0.22994260510402165,-0.2156125365766636,-0.040918315231024883,-0.3312393303694816,0.3436696546893127,0.6666278947397393,-1.0921935915508474,-0.4364215002197656,0.1888990313489068,-0.1905279458386591,0.1319531164905241,-0.29055010889385885,0.10084482995467085,-0.18346380512109112,0.11072289161006629,-0.2945389260902797,0.031111950028271468,-0.26389086223385544,0.34599169554076503,-0.16341437701419795,-0.45739161589957716,-0.10875847210503002,-0.14182499256559566,0.05622273614355509,-0.012021370460417768,-0.013811692424592226,0.03203338253499118,0.02353917013544809,-0.03096959061037185,0.00928545758983719,0.016006725612974778,-0.014345396548989486,-0.003036514959576103,0.059288733696709804,-0.1058003292752107,0.0002116686228126441
200,0,-0.3937333705422207,0.7582687149190545,0.4808837573545255,-0.22367244031160438,0.03677806488541685,-0.21728613239643185,-0.12671063640278216,-0.4129285103606929,0.519317081224912,-0.3035855538894722,0.3258078019859481,-0.5191467791944568,-0.33043122076933157,0.18870649915504112,0.17931626158096853,-0.1130317419651125,0.16262833766538148,-0.2745576229285394,0.10084482995467085,-0.19160260721761296,0.09007649786981839,-0.29686029048773677,0.11114557809314536,-0.26106787255152,0.4292279291384897,-0.10412564331748815,-0.43623155004453623,-0.10332564411949288,-0.009582769767938292,0.07749620387354658,0.03067522117485737,0.015992485965319485,0.0,-0.00813880209652187,-0.020646393740247904,-0.0023213643974570987,0.08003362806487388,0.0028229896823354916,0.08323623359772465,0.0592887336967098,0.02116006585504094,0.005432827985537156
201,0,-0.872871858939571,-0.6199480873026614,0.46430255671945914,-0.0419396452511782,-0.043305391453882,-0.0910615968874983,-0.1611212926365205,-0.11502007935343468,0.039115312835668756,-0.203916734492895,0.35795913685204245,0.07374055777264124,0.26205062317185085,-1.3120240365901403,0.0068264057579267455,-0.19690998615765826,0.28242751225367374,-0.24584384130898926,0.09283648432074097,-0.21889439867899538,0.04878371038932503,-0.2813845278380096,0.10314221528683994,-0.275009984860178,0.36367492971710585,-0.04483690962077834,-0.427767523702521,-0.18213692801358752,-0.17248985582304174,-0.08387824419254575,0.11979917458829228,0.028713781619550145,-0.008008345633929884,-0.027291791461382407,-0.04129278748049335,0.015475762649727188,-0.008003362806305415,-0.013942112308658088,-0.06555299942138389,0.059288733696709804,0.008464026342015174,-0.07881128389409466
202,0,-0.31707121239871433,-0.024290990862865226,-0.15127451685704496,-0.41267454717444096,-0.043305391453882,-0.287952378144708,-0.29876391757149834,-0.4593557983098789,0.039115312835668756,-0.15552262565291786,0.45441314145026196,0.07374055777264124,0.3466908865920326,0.09133893266099759,-0.02000534959232226,-0.22198228741086634,0.1537159423240389,-0.2545670154718859,0.06080310178574979,-0.2111454793176359,-0.016596536454790062,-0.29647339642149395,0.07112876406089039,-0.26049175220818493,0.3549226218924537,-0.04483690962077834,-0.3854473919924361,-0.19229702190861717,-0.026831755350249002,-0.025072301253208074,-0.12871156992963484,-0.008723174162896651,-0.03203338253499118,0.0077489193613595134,-0.0653802468441151,-0.015088868583484339,-0.03201345122594955,0.014518232651993146,-0.008752307824652134,0.0,0.042320131710084884,-0.01016009389502965
203,0,0.14290173646275942,0.21731482121351228,-0.07873176407868579,-0.1764219135958952,0.03677806488541685,-0.2908764986584035,0.49268117580463044,-0.23882618055127855,0.1191489408987229,-0.08811654548295715,0.4776335499646264,0.07374055777264124,-0.7536325378701804,-0.7722690484166104,0.03174160715458809,-0.12807512271703664,0.17133346799878596,-0.23784759832632538,0.06080310178574979,-0.26007576258055104,-0.009714405208042398,-0.27635490497684817,0.0791321268671958,-0.2632571298561806,0.42029700278680426,-0.04483690962077834,-0.376983365650421,-0.32190877527786255,0.05174695674691034,0.09390716469382968,0.017617525674747062,0.016719417145560533,0.0,-0.04893028326291514,0.006882131246747669,0.020118491444645784,0.008003362806305415,-0.0027653776479957004,0.06537438089435055,0.0,0.008464026342015174,-0.1296117533692454
204,0,-0.22124351471911352,0.2097171541670929,-0.2082723940400751,-0.4708290415938071,0.19694497756037277,-0.2933132657532236,-0.29876391757149834,-0.327811815787178,0.1191489408987229,-0.40152601225611756,-0.009995028837502789,0.6666278947397393,-0.6266721427399228,-0.38914884112484066,0.025991945293825112,-0.11804620221575272,0.15962299505027527,-0.2611093960940595,0.07681979305324538,-0.2546661396301745,-0.05100719268853575,-0.2790631634405481,0.0791321268671958,-0.27944611150383913,0.32598642051298465,0.19231802516606086,-0.36005531296638765,-0.3140064800261729,-0.005749661860762975,0.010028920501283919,-0.011710472948510724,-0.023261797767734054,0.01601669126749559,0.00540962295037653,-0.04129278748049335,-0.002708258463699947,0.0,-0.016188981647658522,-0.09431058227381958,0.23715493478683922,0.016928052684033346,0.007902295251689728
205,0,0.1812328155345126,0.30696729236132986,-0.8269584427356498,-0.514444912408311,0.43719534657098574,-0.03599066054580492,-0.09229998016901934,-0.1923988926020926,-0.040918315231024883,-0.19700329037290576,-0.015353584648502646,0.6666278947397393,-0.542031879319741,-0.30800920237979185,0.05090714669048646,0.025093844938919307,0.030600527608733365,-0.2796461411902226,0.10885317558823657,-0.23473338479498035,-0.0200376020781639,-0.2759680109106053,0.11114557809314536,-0.26688668801918414,0.3425979435271223,0.2516067588627707,-0.4066074578474801,-0.3470267851850211,0.024915201396661348,0.14314004715467205,-0.1290224674415419,-0.018536745096163137,0.03203338253499118,0.019932754835194112,0.03096959061037185,0.003095152529942796,0.03201345122594955,0.012559423484654997,0.01661152301413763,0.059288733696709804,-0.04655214488109247,-0.03302030515884824
206,0,-0.872871858939571,0.4558815664712875,-0.011370636498753925,-0.2309417521140148,0.03677806488541685,-0.0930110105633544,-0.3675852300389995,-0.06859279140424872,-0.040918315231024883,-0.28572582324617973,0.2632913175241562,0.07374055777264124,-0.33043122076933157,0.5287874198081639,-0.027671565406672892,0.1656506852978053,-0.008779823899528506,-0.27201336379768337,0.14088655812322776,-0.21543418940443063,-0.07165358642878365,-0.26513497705579675,0.11914894089945076,-0.2374469384748717,0.3427765620541588,0.3108954925594805,-0.4404635632155468,-0.288465132873384,-0.07857871209715936,0.140556840358886,-0.03938035150826188,0.007632777392539225,0.03203338253499118,0.019299195390549747,-0.05161598435061976,0.010833033854808589,0.008003362806305415,0.02943974954431245,0.0001786185270365004,0.059288733696709804,-0.033856105368066707,0.058561652311637055
207,0,0.6987023830036161,-0.4026548097748949,0.7783090437458876,-0.503540944704654,-0.043305391453882,-0.42343662861369197,-0.05788932393528099,-0.3394186377745075,0.1191489408987229,-0.31510796075617337,0.2472156500910932,0.07374055777264124,0.21973049146177498,-0.2713199744255244,-0.04875365889615892,0.10608497565382224,0.08293494211313654,-0.3007271454172294,0.10885317558823655,-0.24194621539548833,-0.0750946520521575,-0.2577839897971782,0.11914894089945076,-0.23191618317887505,0.35349367367618073,0.3108954925594805,-0.37275135247941044,-0.31450037347939985,-0.02108209348948603,-0.05956570964398307,0.09171476601266505,-0.02871378161954601,-0.03203338253499118,-0.026512025991057703,-0.0034410656233738344,0.007350987258618541,0.0,0.005530755295996637,0.010717111622021925,0.0,0.06771221073613642,-0.02603524060601583
208,0,-0.6620509240447107,0.9299759901682702,-0.487043829716967,-0.40540523537203055,0.5172788029102846,-0.2913638520773675,0.802377081908349,-0.6025066028198652,0.1191489408987229,-0.29091090633618477,0.8420153451134733,0.6666278947397393,0.13509022804159318,-0.06035691368841752,-0.27874013332687403,0.20211948712064937,0.039823820461987694,-0.3192638905133925,0.13287821248966206,-0.2212336950899695,-0.033801864571664134,-0.297247184553984,0.09513885247980663,-0.2572654782855285,0.3286656984184909,0.2516067588627707,-0.2711830363752103,-0.2740716665220889,-0.2299864744307151,0.0960345114668271,-0.04311112165114886,-0.01853674509616314,0.02402503690142548,0.020712520305518817,0.04129278748049336,-0.03946319475680586,-0.024010088419644138,-0.02534929510665345,-0.02482797525768978,-0.05928873369670982,0.10156831610420011,0.04042870695731097
209,0,0.43038482950112605,-0.6260262209397968,-0.15852879213489973,-0.18369122539830565,0.11686152122107392,0.03711235229720267,0.49268117580463044,-0.4284042730104069,-0.040918315231024883,-0.3542841441027791,0.5830184809145441,0.07374055777264124,-0.6689922744499986,-0.44841605551250735,-0.1886620975081887,0.12052054304203286,-0.019868501824220418,-0.3163561657924242,0.12486986685573216,-0.19871796713432816,0.03846051351920108,-0.3185263581973584,0.09513885247980662,-0.25956995965885826,0.3526005810410141,0.19231802516606086,-0.22886290466512543,-0.27527112205136306,0.0900780358186853,-0.08159894407861648,-0.05969232228620811,0.0029077247209683076,-0.008008345633929884,0.022515727955641374,0.0722623780908652,-0.02127917364337433,0.0,-0.0023044813733297475,0.023934882622523142,-0.059288733696709804,0.04232013171008488,-0.0011994555292741738
210,0,-1.1603549519779377,0.5348973037541179,0.5865889114030173,-0.5798687186300463,-0.2034723041288379,-0.46729843631956747,0.11416395723343523,-0.3084671124750355,-0.040918315231024883,-0.1376628950096254,0.05073527035398757,1.2595152317068374,-0.03419029879874035,-0.36445416846328993,-0.26532425565176043,0.09818340192553919,-0.00929798641937124,-0.35197579362426834,0.10084482995430669,-0.2237191975266417,0.06254797288282281,-0.3080802184087926,0.039115312834212934,-0.24297769377087355,0.325093327877818,0.3701842262561903,-0.1992388124680663,-0.3305871888131962,-0.0766621581435717,-0.022337141116493653,0.01057051540484918,-0.03561962783184419,-0.024025036901425476,-0.025001230392313563,0.02408745936362174,0.010446139788565739,-0.05602353964559369,0.016592265887984684,-0.027507253163196056,0.17786620109012943,0.02962409219705912,-0.05531606676183311
211,0,-0.43206444961397383,-0.4786314802391576,0.5399542846169124,-0.32907746144667965,0.11686152122107392,-0.2284952610323384,0.2862172384021759,-0.25043300253856404,-0.040918315231024883,-0.3295109693394974,0.05073527035398757,0.07374055777264124,-0.20347082563907387,-0.7108851478008171,-0.22124351471920073,0.11231506263188958,-0.0017328136296259067,-0.3806895752438185,0.1168615212218023,-0.23746256394112572,0.10728182598669248,-0.3216215107273056,0.031111950027543567,-0.2555371172555338,0.29437094122801255,0.3701842262561903,-0.24579095734915873,-0.27047329993426383,0.04408074093255972,0.01413166070635038,0.007565172789745328,-0.028713781619550145,0.01601669126749559,-0.01374336641448401,0.04473385310386964,-0.013541292318512938,-0.008003362806669365,-0.012559423484660243,-0.030722386649805488,0.0,-0.04655214488109247,0.06011388887893232
212,0,-0.010422579824471123,0.2735375573570501,0.06842639155746001,-0.28909624653338095,0.2770284338960298,-0.294287972591063,0.32062789463591423,-0.35102545976179295,-0.5211200836202682,-0.13881513569626405,0.7044790792974931,-0.5191467791944568,-0.33043122076933157,-1.185022862902251,-0.19057865146177638,0.1420979174538811,0.020237277211824584,-0.3683317451797125,0.14889490375679346,-0.23809612338576117,0.16922100720743374,-0.310788476872497,-0.024911589618050123,-0.2538663682598684,0.31937753501273564,0.3108954925594805,-0.3135031680852952,-0.3981094794905887,0.03066486325742432,0.029782854821991535,0.021970090841450497,0.012357830064106002,0.03203338253499118,-0.0006335594446355008,0.061939181220741255,0.010833033854808594,-0.05602353964559369,0.0016707489956653803,0.025006593784723113,-0.059288733696709804,-0.06771221073613642,-0.12763617955632486
213,0,0.10457065739100625,0.5652879719398299,0.7223474916025476,-0.34725074095270575,-0.12338884778953907,-0.12030280202471907,0.010931988532195711,-0.15757842664019214,0.039115312835668756,-0.27766013843949944,-0.1421727388424515,-0.5191467791944568,-0.7536325378701804,-0.21628613249411066,-0.19441175936895166,0.17689523252651287,0.10034520277994793,-0.3854146279153936,0.13287821248929788,-0.22103875372239273,0.12104608848019024,-0.3026637014813883,-0.032914952424355534,-0.27282072755552267,0.25739690613202787,0.2516067588627707,-0.3135031680852952,-0.34251118789833873,-0.0038331079071753163,0.034797315072631764,0.08010792556812334,-0.017082882735681055,-0.01601669126749559,0.01705736966336844,-0.04817491872724347,0.008124775391108641,-0.008003362806305415,-0.018954359295654227,-0.06198062888070779,-0.059288733696709804,0.0,0.05559829159224997
214,0,0.2770605132141134,1.167023202016796,0.383469203623555,-0.25638434342249267,0.19694497756037277,-0.23190673496508654,-0.33317457380523674,-0.2852534685004645,0.1191489408987229,-0.05873440797296354,0.12575505170814422,-0.5191467791944568,-0.542031879319741,-1.2689847499514684,-0.14458135657562898,0.2726258373114832,0.15951936254631094,-0.3639701580982621,0.13287821248929785,-0.21489810064357906,0.1176050228568164,-0.298407866752717,-0.032914952424355534,-0.23854156712720725,0.27097191418659256,0.13302929146935108,-0.305039141743277,-0.4304947787810015,0.049830402793322695,0.09573060478497032,0.05917415976636301,0.021444469817131447,0.0,0.006140653078813704,-0.00344106562337384,0.004255834728671348,0.0,0.0342791604283154,0.0135750080545647,-0.11857746739341961,0.008464026342018182,-0.08798359088266276
215,0,1.6186482807265636,0.4300494985134271,0.016610139572904283,0.008945537365736172,0.03677806488541685,0.11606360616768989,0.14857461346719802,-0.4438800356601649,0.8394515934844077,0.04323889279694341,0.29544265239021883,0.6666278947397393,0.09277009633151731,-0.6085786467744534,-0.0008398100564238842,0.2849340579266929,0.24387622077716636,-0.3116311131208574,0.09283648432074099,-0.1996926739722296,0.14169248222043812,-0.3235559810585242,0.05512203844718773,-0.21451734881022239,0.3020515378904647,0.13302929146935108,-0.2415589441781512,-0.46055172322046767,0.1437415465192051,0.012308220615209725,0.0843568582308554,0.05233904497740473,-0.04004172816855689,0.01520542667134948,0.02408745936362174,-0.025148114305807222,0.08803699087154325,0.024024218316984917,0.03107962370387215,0.0,0.06348019756512582,-0.030056944439466153
216,0,0.8903577783625998,-0.45431894569058107,0.6290782380303614,-0.29636555833579137,-0.36363921680379385,0.011282621092641412,-0.22994260510402165,-0.2156125365766636,0.1191489408987229,-0.3179885624727962,0.4008275833401365,0.6666278947397393,-0.4997117476096651,0.23597915824996604,0.1754831536737932,0.19391400671050607,0.3079211082300779,-0.31817349374303505,0.05279475615181992,-0.18926331080663,0.15545674471393592,-0.3382579555757657,0.07112876406016248,-0.217743622732884,0.31580516447206275,0.19231802516606086,-0.2584869968621845,-0.4898325493762874,0.17632296373021708,-0.09102005121618686,0.06404488745291154,-0.006542380622177657,-0.04004172816892107,0.010429363165599581,0.013764262493497787,-0.014701974517241489,0.016006725612974778,-0.003226273922661649,0.013753626581598033,0.059288733696709804,-0.01692805268403335,-0.029280826155819784
217,0,0.7370334620755872,-0.25222100225565336,-0.39377457614478084,0.019849505069351826,0.2770284338960298,0.029802051012919644,0.7335557694408478,-0.5251277895712073,0.27921619702847067,-0.5011948316526947,0.32044924617494824,1.2595152317068374,-0.11883056221889209,-0.1817135907679446,0.1793162615809903,0.2089573874624302,0.19071274624101106,-0.26583444876563445,0.08482813868681109,-0.14393944284396884,0.23460125405154883,-0.3568288707554357,0.08713548967313726,-0.2363523098225361,0.32312852408044823,0.3108954925594805,-0.29234310223025123,-0.48087191101052945,0.0038331079071971088,0.015043380751924152,-0.11720836198906684,0.052339044977400585,0.03203338253499118,0.04532386796266116,0.07914450933761288,-0.018570915179669984,0.016006725612974775,-0.01860868708965214,0.007323359608385505,0.11857746739341961,-0.033856105368066707,0.008960638365757981
218,0,0.16206727599863602,0.9558080581261306,-0.24972539562770554,-0.19096053720075742,-0.043305391453882,-0.3503336157706844,0.32062789463591423,-0.4438800356601649,0.1191489408987229,-0.404982734316086,0.047162899813320995,0.07374055777264124,-0.4573916158995892,0.45611452597564606,0.26172808158532496,0.21154059425821625,0.21444458964993718,-0.24438997894850717,0.028769719250394427,-0.14983641921330051,0.18642633532430536,-0.34096621403946564,0.08713548967313726,-0.24775949262052627,0.243643279550433,0.2516067588627707,-0.35159128662436945,-0.4292247670441231,0.08241182000433467,0.0025832067957860414,0.02373184340892615,0.02144446981712731,-0.056058419436416665,-0.005896976369331691,-0.04817491872724348,0.015862656715970036,0.0,-0.011407182797990124,-0.07948524453001524,-0.059288733696709804,-0.05924818439411824,0.051647143966406364
219,0,-0.2595745937910846,0.1458967509771012,-0.30672327281071216,-0.40177057947082534,0.03677806488541685,-0.31524416960607266,0.21739592593467472,-0.24269512121370707,0.1191489408987229,-0.2206242244495488,-0.015353584648502646,0.07374055777264124,-0.33043122076933157,-0.6360955677401728,0.19273213925610388,0.28873289144990605,0.19962514158235595,-0.2661979143557591,0.02076137361682872,-0.18507207140362808,0.15889781033730976,-0.3223952988597957,0.10314221528611205,-0.2343935006552032,0.18380607299412835,0.2516067588627707,-0.31773518125630273,-0.4479927182668897,-0.06899594232922106,0.0771922971916898,-0.014819448067581242,-0.02180793540725197,-0.008008345633565707,-0.03523565219032753,-0.027528524986995574,0.018570915179669984,0.016006725612974778,0.013365991965323029,-0.05983720655630468,0.0,0.033856105368066707,-0.01876795122276655
220,0,0.21956389460626574,0.6746943774083723,-0.06836851368176051,-0.4671943856926019,0.19694497756037277,-0.5067740632547667,0.3550385508696526,-0.24269512121370707,0.27921619702847067,-0.20449285483624055,0.11682412535647778,-0.5191467791944568,-0.6266721427399228,-0.6290399469797262,0.33072402391452427,0.3027125988153315,0.13412939907387816,-0.2549304810620147,0.06080310178574979,-0.18901963409714798,0.18298526970093149,-0.3158180997336628,0.1351556665120616,-0.24107649663786473,0.19041495849437737,0.07374055777264124,-0.376983365650421,-0.4744512961185333,0.13799188465842033,0.013979707365425443,-0.06549574250847778,0.011267433293744439,0.04004172816892106,-0.003947562693519924,0.024087459363621735,0.0065771991261328435,0.032013451225949556,-0.006682995982661516,0.00660888550024902,-0.17786620109012943,-0.05924818439411824,-0.026458577851643628
221,0,-0.12541581703973062,1.3584844115867367,0.7420376673566844,-0.12190207507777563,0.3571118902353287,-0.166114023406362,-0.05788932393528099,-0.4245353323479784,0.039115312835668756,-0.4124722987794208,0.332952543067313,0.07374055777264124,-0.41507148418948325,0.1548395195049423,0.36138888717194856,0.4864241879979209,0.15433773734785536,-0.2342129424251243,0.08482813868717527,-0.18278151033455034,0.1485746134671858,-0.3332283327146042,0.14315902931873098,-0.24937262958185707,0.2186366857657099,0.07374055777264124,-0.39814343150546194,-0.38787882938795737,0.030664863257424325,0.18371158918258942,0.0202083382739772,0.020717538636890402,0.02402503690142548,0.006238123762597639,-0.03441065623374569,-0.017410232980941437,0.008003362806669365,-0.00829613294399234,0.028221727271332542,0.0,-0.02116006585504094,0.08657246673057595
222,0,-0.2787401333269612,-0.4224087440955852,-0.7357618392428439,-0.5507914714204045,0.5973622592459417,0.0531950151226608,0.010931988532195711,-0.2272193585639491,0.1191489408987229,-0.3035855538894722,0.14897546022254038,0.07374055777264124,-0.37275135247940744,-0.0377789272550183,0.3345571318216996,0.4168295578526574,0.07391891426782496,-0.26038246491382666,0.11686152122216645,-0.14803321156317797,0.11760502285681396,-0.3208477225948199,0.20718593177063008,-0.2658496714011779,0.16308632385821462,0.13302929146935105,-0.4023754446764696,-0.27315443582323407,-0.026831755350249002,-0.06959463014526353,-0.08041882308003039,-0.026169522488702357,0.03203338253499118,0.03474829877137238,-0.03096959061037185,0.012380610119784386,0.0640269024518991,-0.016477041819320817,-0.05555036190749527,0.059288733696709804,-0.004232013171007587,0.11472439356472326
223,0,1.8486347551573004,-0.18232246542852612,-0.3958472262241612,-0.5507914714204045,0.43719534657098574,-0.20022876273304568,0.2862172384021759,-0.6334581281193372,0.1191489408987229,-0.5910696052126598,0.2668636880648228,0.07374055777264124,-0.07651043050881622,-0.5210889493450251,0.508963541598329,0.34206851411582173,-0.0379005575148459,-0.2807365379605965,0.17291994065821892,-0.15602580763401064,0.145133547843812,-0.36843569274273436,0.2151892945769355,-0.2971906180784939,0.20398996654894205,0.19231802516606084,-0.33466323394033315,-0.3036347175083255,0.1744064097766294,-0.0747610437368356,-0.11181947178267089,-0.020354073046769876,0.05605841943605248,-0.00799259607083266,0.027528524986998017,-0.04758797014791451,0.008003362806305415,-0.03134094667731604,0.040903642690727424,0.059288733696709804,0.06771221073613641,-0.030480281685091447
224,0,0.2770605132141134,0.12918188347494405,-0.8518302436882375,-0.36178936455752664,-0.043305391453882,-0.1631899028926665,-0.12671063640278216,-0.4554868576474504,0.1191489408987229,-0.17741519869957667,0.1775544245479364,0.07374055777264124,0.1774103597516991,0.022899411284757767,0.508963541598329,0.2382843822616366,-0.16143050224602515,-0.29127704007409994,0.14889490375679343,-0.14915412442676862,0.16577994158405746,-0.385459031657433,0.21518929457693545,-0.30905869715115525,0.20916990383292128,0.2516067588627707,-0.26271901003318915,-0.1744463013847029,0.0,-0.1037841318541852,-0.12352994473117924,-0.010540502113503398,-0.02402503690142548,0.006871683207242005,0.020646393740245458,-0.017023338914698587,0.0,-0.011868079072661315,0.005179937283979219,0.059288733696709804,0.07194422390714401,0.1291884161236226
225,0,0.3537226713576197,0.013697344369266127,0.30263585052765096,-0.31453883784181746,0.19694497756037277,-0.27528118925190936,0.14857461346719802,-0.4361421543353079,0.1191489408987229,-0.4268753073627448,0.2579327617131246,-0.5191467791944568,0.939172730533215,-0.35528186147474183,0.3824709806614346,0.19664916684722047,-0.1328279311505505,-0.3236254775948553,0.16491159502428904,-0.18828860396872854,0.16577994158405743,-0.38468524352494726,0.143159029318367,-0.35607011716712406,0.20541891476521185,0.13302929146935105,-0.17807874661301934,-0.14911662285473176,-0.1264925609368944,-0.0416352154144161,0.028602571095474667,-0.03234843752075536,0.01601669126749559,-0.03913447954195993,0.0,0.0007737881324856976,-0.07203026525856848,-0.04701142001596882,-0.0037509890677094202,-0.11857746739341961,0.08464026342016977,0.025329678529971155
226,0,0.4687159085728792,-0.030369124500000712,-0.28392412193750477,-0.514444912408311,0.2770284338960298,-0.36690363201510656,0.25180658216841306,-0.14210266399047813,0.19918256896541653,0.10545988987689907,0.4597716972612618,-0.5191467791944568,-0.542031879319741,-0.06317916199258616,0.3403067936824625,0.2390441489662785,-0.2241281671473371,-0.3454334130021072,0.22897836009427142,-0.22610722927950336,0.2139548603113009,-0.3773342562663287,0.15116239212503638,-0.31372527193215455,0.2113133261573244,0.01445182407593144,-0.18231075978402694,-0.17903245487898697,-0.042164186978972056,0.04239498211905803,-0.09130023599678663,-0.021807935407251965,0.06406676506998236,-0.037818625310774796,0.04817491872724347,0.0073509872586185465,0.008003362806669363,0.04234484523496953,0.00589441139211253,-0.11857746739341961,-0.004232013171007587,-0.02991583202425522
227,0,-0.5662232263653277,-0.6397020216233862,0.18242214592349673,-0.45992507389019144,-0.12338884778953907,-0.09739719133394194,0.32062789463591423,-0.37037016307393544,0.27921619702847067,-0.1457285798162533,0.08288660522005016,-0.5191467791944568,0.6006116768525179,-0.5620115497555707,0.20998112483837103,0.2002960470295052,-0.16650849494050934,-0.3934108708980616,0.18893663192571453,-0.23882715351418954,0.17266207283080756,-0.36185849361660155,0.15116239212503638,-0.27817864674851045,0.18755706206183456,-0.16341437701419798,-0.11036653587688594,-0.2170622507777496,-0.1303256688440915,-0.038748101936773284,0.05761967220682775,-0.047977457895954326,-0.04004172816855689,-0.012719924234686158,-0.04129278748049335,0.015475762649727188,0.0,0.03554662518364414,-0.02375626409548981,-0.17786620109012943,0.071944223907141,-0.03802979589876261
228,0,-0.6620509240447107,-0.38442040886345386,0.5026465831880427,-0.20186450490437308,0.03677806488541685,-0.3167062298629647,-0.1611212926365205,-0.6141134248071507,-0.12095194329407902,-0.3698393933727942,0.1632649423852384,0.6666278947397393,0.05044996462144145,0.23809584447811757,0.12756930483403636,0.06627320033054677,-0.09127129705893453,-0.3945012676684232,0.1969449775596444,-0.23546441492341752,0.12448715410356408,-0.3788818325313001,0.12715230370575617,-0.27466431265418123,0.19916726631902631,-0.10412564331748819,-0.05958237782478286,-0.23886411892750242,-0.08241182000433467,-0.13402284669895845,0.07523719788157482,-0.0010903967703615653,0.008008345633929884,0.0033627385907719688,-0.04817491872724348,-0.017023338914698583,-0.02401008841928019,0.00351433409432918,0.011610204257191739,0.059288733696709804,0.05078415805210307,-0.021801868149752848
229,0,-0.16374689611148377,0.4817136344291479,0.7979992195000009,-0.4671943856926019,0.19694497756037277,-0.1154292678351675,0.4582705195708921,-0.1923988926020926,0.3592498250951643,-0.18720924453624121,0.7062652645678263,0.07374055777264124,-0.4573916158995892,0.15131170912470643,0.13715207460199647,0.09985488867575146,0.019200952172136777,-0.4010436482906008,0.21296166882714,-0.21548292474632702,0.14857461346718584,-0.37385220967013866,0.1511623921254003,-0.27132281466285046,0.2713291512406592,-0.10412564331748816,-0.07227841733780863,-0.16012339124101452,0.009582769767960084,0.03358168834520467,0.11047224923107131,-0.006542380622177657,0.01601669126749559,0.019981490177090517,0.02408745936362174,0.005029622861161445,0.024010088419644138,0.003341497991330758,0.0721618849216329,0.0,-0.012696039513025763,0.07874072768648792
230,0,-0.010422579824471123,0.29329149167777496,-0.2714882214612227,-0.36905867635997835,0.03677806488541685,-0.1631899028926665,0.04534264476595851,-0.04537914742967773,-0.2810191994238268,-0.5432516167160282,0.5562257018594814,-0.5191467791944568,-0.542031879319741,0.024310535436842085,0.11415342715892277,0.06171460010269171,-0.001111018605809444,-0.39123007735733845,0.1969449775596444,-0.18112450871011698,0.11760502285681643,-0.35412061229173575,0.09513885248017057,-0.30519869085082924,0.31526930889095955,-0.10412564331748819,-0.06381439099579043,-0.09478834299935769,-0.022998647443073686,-0.03814028857305974,-0.02031197077794622,0.009813570933262355,-0.01601669126749559,0.034358416036210024,-0.030969590610369406,0.01973159737840293,-0.05602353964522975,-0.03387587618797876,0.04394015765030036,0.0,0.008464026342018182,0.06533504824165684
231,0,0.5837091457883566,0.8646360535690292,1.033245003509882,-0.34725074095270575,0.03677806488541685,-0.3249912379851758,0.59591314450587,-0.4361421543353079,-0.040918315231024883,-0.5674486711359644,0.4865644763163246,0.07374055777264124,-1.5153949086516962,-0.4131379517103242,0.1850659234417315,0.012329764300920953,0.028009715009510307,-0.4137649439448315,0.16491159502465322,-0.19701223016799835,0.18298526970093149,-0.3552812944904687,0.08713548967350121,-0.3206963280864836,0.33063050221586077,-0.10412564331748819,-0.17384673344201174,-0.15158609012088434,0.07091249628280873,-0.049384835801770756,0.02912073361531975,-0.022534866587493013,-0.03203338253499118,-0.015887721457881383,0.0653802468441151,-0.0011606821987329486,-0.008003362806669365,-0.01549763723565436,0.015361193324901162,0.0,-0.11003234244622129,-0.05679774712152665
232,0,0.6795368434677395,0.09575214847069886,-0.3357403739220605,-0.24184571981767178,0.2770284338960298,-0.21972289949125196,0.21739592593467472,-0.289122409162893,0.19918256896541653,-0.48506346203938655,0.32223543144528155,-0.5191467791944568,-0.6266721427399228,-0.3771542858320989,0.28089362112120153,0.06414585355754936,0.06801186154158863,-0.38287036878455816,0.13287821248966206,-0.22430402162938967,0.2036316634411794,-0.3614715995503631,0.09513885248017057,-0.33884411890147503,0.3479564993381349,-0.16341437701419798,-0.19923881246806324,-0.1855236259785924,0.09582769767947005,0.05181608925662841,0.040002146532078335,0.030894575160273274,-0.03203338253499118,-0.027291791461391275,0.0206463937402479,-0.006190305059894391,0.008003362806669363,-0.018147790814991432,0.017325997122274117,-0.059288733696709804,-0.025392079026051534,-0.03393753585770806
233,0,0.02790849924749993,-0.09266999428067402,0.7772727187061739,-0.245480375718877,0.3571118902353287,-0.12127750886264711,0.49268117580463044,-0.4361421543353079,0.19918256896541653,-0.27362729603618546,-0.1403865535721182,-0.5191467791944568,-0.5843520110298168,-0.3997322722654981,0.09882099553022153,0.07311110067233458,0.18532385603462215,-0.35233925921440545,0.12486986685609633,-0.21640889624234982,0.22427805718142485,-0.34174000217196016,0.10314221528683994,-0.3070998879838276,0.30723147517444077,-0.22270311071090781,-0.2500229705201633,-0.17338795827063969,-0.18207262559098006,0.00896524711478521,0.1173119944930335,0.030531109570152752,-0.008008345633565705,0.007895125387039858,0.020646393740245454,0.01973159737840293,0.008003362806669363,0.031744230917647435,-0.0407250241636941,-0.059288733696709804,-0.050784158052100056,0.012135667707952703
234,0,-1.1220238729061844,0.05472474641996522,1.1482770829156088,-0.44538645028532925,0.2770284338960298,-0.27186971531924986,0.6303238007396083,-0.1769231299523346,0.1191489408987229,-0.21889586341956457,0.39368284225877165,0.07374055777264124,-0.6689922744499986,0.006671483535737976,-0.04108744308180826,0.06566538696683669,0.38533458869500675,-0.3606989677871857,0.15690324939108752,-0.22727687748500816,0.2999815008956639,-0.3138836294024486,0.10314221528683994,-0.31124795445582637,0.3288443169455243,-0.22270311071090781,-0.3346632339403331,-0.17501075104554167,-0.13990843861202978,-0.007445713705497884,0.2000107326603846,-0.008359708572780261,0.03203338253499118,-0.010867981242658337,0.07570344371423904,0.027856372769511577,0.0,-0.0041480664719987905,0.021612841771083524,0.0,-0.08464026342016977,-0.001622792774901979
235,0,0.43038482950112605,0.8919876549361389,0.5358089844581517,-0.21276847260798873,0.43719534657098574,-0.20510229692259724,-0.22994260510402165,-0.26203982452584956,0.039115312835668756,-0.4631708889927277,0.6651830033500656,0.07374055777264124,-1.0921935915508474,-1.893407187250233,-0.03342122726745762,0.15349441802352395,0.40865190208805685,-0.3505219312638028,0.1809282862921488,-0.2202589882520769,0.26212977903854195,-0.2964733964215028,0.09513885248053451,-0.31487751261882463,0.36956934110921835,-0.16341437701419798,-0.5377998661487393,-0.32882328362309077,0.007666215814350635,0.08782903105668727,0.023317313393050078,0.010177036523382874,0.024025036901061298,0.007017889232931213,-0.03785172185712197,0.017410232980945833,-0.008003362806305415,-0.0036295581629982865,0.0407250241636941,0.059288733696709804,-0.20313663220840622,-0.1538125325775491
236,0,0.9478543969702296,0.20667808734849064,0.40419570441738206,-0.2672883111261083,0.2770284338960298,-0.4278228093842795,-0.29876391757149834,-0.3935838070485504,0.27921619702847067,-0.17856743938621536,0.29008409657921896,-0.5191467791944568,-0.37275135247940744,0.31076873831061036,0.014492621572277408,0.1771991392083731,0.47746388472354545,-0.3258062711355826,0.1809282862921488,-0.22635090598899418,0.2070727290645508,-0.32162151072731,0.10314221528683994,-0.3432802455451361,0.3526005810410141,-0.163414377014198,-0.520871813464706,-0.29142849359277107,0.04791384883973503,0.023704721184849134,0.06881198263548868,0.024715660128220275,0.0,-0.006091917736917296,-0.05505704997399115,-0.025148114305807222,0.008003362806305415,-0.02840273292631144,-0.016968760068204285,0.0,0.01692805268403335,0.037394790030319654
237,0,-0.41289891007809726,-0.5804402186612461,0.915103948985108,-0.45992507389019144,0.19694497756037277,-0.09593513107704987,0.7335557694408478,-0.36263228174907847,-0.040918315231024883,-0.5939502069292827,0.23113998265806188,-1.1120341161615548,-0.41507148418948325,-0.12950199714072458,0.029825053201000457,0.1831253195045871,0.5507320650297067,-0.3258062711355826,0.21296166882714002,-0.226204699963305,0.24836551654504416,-0.32084772259482425,0.07112876406089037,-0.388102408256439,0.36742591878481523,-0.22270311071090781,-0.6224401295689062,-0.24817753833128653,0.015332431628723048,0.005926180296214012,0.07326818030616114,0.0,0.03203338253499118,0.00014620602568920642,0.04129278748049335,0.0007737881324856976,-0.032013451225949556,-0.04482216271130294,0.014825337743801171,-0.0592887336967098,-0.10156831610420011,0.043250955261484605
238,0,-0.6428853845088341,0.063841946875703,0.13164221897863118,-0.32544280554547445,0.11686152122107392,-0.10665690629399241,0.21739592593467472,-0.35489440042422143,0.19918256896541653,-0.31222735903949805,0.057880011435320705,-0.5191467791944568,-0.03419029879874035,0.144961650440327,0.031741607154588104,0.22795155507850282,0.5136316286087654,-0.33816410119969265,0.2209700144607057,-0.20519976760640776,0.2862172384021636,-0.29492582015653135,0.10314221528683994,-0.3823412048231094,0.3568874256898235,-0.34128057810432744,-0.6309041559109243,-0.2574909577350656,0.0019165539535876519,0.044826235573915685,-0.03710043642094115,-0.012357830064110138,0.008008345633565707,0.02100493235689723,0.037851721857119526,0.025921902438292926,0.03201345122594955,0.005761203433329615,-0.010538493094991769,-0.11857746739341961,-0.00846402634201818,-0.009313419403779059
239,0,1.1778408714009665,-1.2201637839703436,0.019719114691974796,-0.5253488801119267,0.19694497756037277,-0.022832118234042277,0.3894492071034154,-0.4013216883734074,0.039115312835668756,-0.3007049521728493,0.9384693497116929,-1.1120341161615548,-0.5843520110298168,-0.343287306181975,0.16590038390583314,0.05776381323855364,0.43580361812796287,-0.3439795506416251,0.22097001446070572,-0.19594005264629527,0.27933510715541604,-0.3158180997336628,0.07112876406089039,-0.39369077558677024,0.3801078342042102,-0.459858045497747,-0.6436001954239471,-0.3069508592657337,0.13415877675124505,-0.17018774183994917,-0.0778280104808026,-0.00581544944193248,0.0,0.009259714960112523,-0.006882131246747669,-0.02089227957713148,-0.03201345122594955,-0.01134957076366081,0.02322040851438666,-0.11857746739341961,-0.01269603951302276,-0.04945990153066814
240,0,0.7945300806832168,0.4589206332898552,0.8363432459685843,-0.514444912408311,0.43719534657098574,-0.11055573364570458,0.8367877381420873,-0.11502007935343468,0.1191489408987229,-0.1779913190429222,1.3385748502673007,0.07374055777264124,-0.6266721427399228,-0.6925405338236709,0.24639564995660193,0.07432672739976168,0.5465867648709436,-0.35851817424645843,0.2610117426292626,-0.19067663572159904,0.3584796164930289,-0.3227821929260385,0.11114557809314536,-0.3571647458194596,0.4583427490449921,-0.4005693118010372,-0.6520642217659652,-0.378635966191785,0.0804952660507688,0.016562914161208024,0.1107831467429807,-0.014538623604833267,0.04004172816855689,0.005263416924696192,0.07914450933761288,-0.0069640931923756946,0.040016814032254974,0.0365260297673106,0.07823491484078193,0.059288733696709804,-0.008464026342018182,-0.0716851069260513
241,0,0.8711922388267233,0.7476319810540674,0.16480462024874026,-0.42357851487809794,0.19694497756037277,-0.17098755759591355,0.6991451132071095,-0.2852534685004645,0.3592498250951643,-0.3848185222994638,0.76878174902965,-0.5191467791944568,0.00812983291133551,-0.5239111976491938,0.2751439592604386,0.0626263201482655,0.4597427265448294,-0.3661509516389977,0.2770284338967582,-0.17527626768267285,0.36880281336315285,-0.30769332434255414,0.15116239212576427,-0.33890173093580955,0.4865644763163246,-0.459858045497747,-0.499711747609662,-0.38971329078567196,0.02874830930383666,-0.011700407251496181,-0.08684403832611416,-0.007632777392539219,0.01601669126749559,0.015400368038926226,0.010323196870123952,0.015088868583484339,0.04001681403261892,0.018263014883650064,0.028221727271332542,-0.059288733696709804,0.15235247415630318,-0.011077324593886962
242,0,0.3345571318217431,0.06840054710355462,0.4622299066400788,-0.36178936455752664,0.19694497756037277,-0.4897166935913806,0.32062789463591423,-0.35876334108665,0.519317081224912,-0.297824350456174,0.8223673071397755,0.07374055777264124,-1.261474118391181,-0.0963405795666679,0.24064598809583898,0.05989116001155106,0.5395397546010433,-0.3781453161129832,0.26902008826319246,-0.2022756470926857,0.3791260102332768,-0.3146574175349299,0.18317584335171383,-0.3201778197774883,0.536577663885774,-0.4005693118010372,-0.5631919451747879,-0.3616319201591289,-0.034497971164599635,-0.002735160136714425,0.07979702805621394,-0.011994364473985487,-0.008008345633565705,-0.026999379410012864,0.010323196870123952,-0.006964093192375698,0.03201345122594955,0.018723911158321255,0.05001318756944939,0.059288733696709804,-0.06348019756512582,0.0280813706265431
243,0,-0.48956106822182144,-0.12458019587566987,0.21869352231267633,-0.3399814291502953,-0.043305391453882,-0.16708873024429002,0.04534264476595851,-0.4438800356601649,0.27921619702847067,-0.2361794737195115,0.6812586707830969,-0.5191467791944568,-0.5843520110298168,-1.488414555601081,0.18889903134890684,0.05670013985205148,0.48368183496169365,-0.38759542145612497,0.22897836009427142,-0.20685676923085,0.3343921571294096,-0.31543120566741556,0.19117920615801923,-0.3164330375458209,0.6187421863212955,-0.4005693118010372,-0.5631919451747879,-0.4705001484926871,-0.05174695674693214,-0.0031910201594995856,-0.05585791963934975,-0.00945010534314183,-0.04004172816892107,-0.004581122138164291,-0.0447338531038672,-0.0007737881324856976,0.008003362806305415,0.0037447822316673957,0.0821645224355215,0.0,0.0,-0.10886822833355829
244,0,1.0436820946498304,-0.25222100225565336,0.4933196578308311,-0.41994385897689274,0.5172788029102846,-0.30208562729431,0.07975330099969687,-0.23495723988880607,-0.20098557136077266,-0.22120034479289433,0.09717608738274817,-0.5191467791944568,-0.8382728012903321,-0.23956968100355203,0.4054696281045083,0.026005564984489627,0.41818609245321586,-0.38505116232528136,0.25300339699569685,-0.209878360428356,0.2793351071554184,-0.32123461666106273,0.15916575493206966,-0.3166634856831539,0.5890915108336932,-0.459858045497747,-0.5801199978588212,-0.4951242649466162,0.21657059675560147,-0.030694574867561858,-0.06549574250847777,0.002544259130843651,0.02402503690142548,-0.003021591197506013,-0.055057049973991135,-0.005803410993647146,-0.032013451225949556,-0.0002304481373329753,-0.029650675487602345,-0.059288733696709804,-0.016928052684033346,-0.024624116453929
245,0,-0.43206444961397383,-0.6716122232183821,0.1876037711219476,-0.29636555833579137,0.19694497756037277,-0.3201177037956242,0.25180658216841306,-0.3897148663861219,0.19918256896541653,-0.6348547513059251,0.6419625948356694,0.6666278947397393,-0.33043122076933157,-1.0227435854121782,0.3192247001929983,-0.13035442283096246,0.38336557111959546,-0.3934108708980616,0.22897836009463557,-0.2213799011156587,0.3275100258826619,-0.33400212084708997,0.17517248054504445,-0.3338318719144736,0.5867694699822535,-0.4005693118010372,-0.5039437607806696,-0.4080579047628108,-0.08624492791150999,-0.1563599878154521,-0.034820521333620416,-0.008359708572780265,-0.024025036901061298,-0.011501540687302697,0.04817491872724347,-0.012767504186027234,0.016006725612974775,-0.01716838623131974,-0.002322040851439622,0.059288733696709804,0.07617623707815158,0.08706636018380547
246,0,1.1011787132574602,0.5592098383026944,0.6311508881097417,-0.638023213049371,0.6774457155852405,-0.025756238747737758,0.11416395723343523,-0.13049584200314868,0.519317081224912,-0.21947198376285773,0.8652357536278695,1.2595152317068374,-0.41507148418948325,-0.4223102586988973,0.3345571318217214,-0.09510124773554209,0.4060610894888314,-0.43048436109038785,0.2690200882635566,-0.18117324405200452,0.3688028133631553,-0.30769332434254976,0.1991825689646886,-0.33792232635213787,0.6442846356871186,-0.2227031107109078,-0.5081757739516772,-0.4813658044637615,0.015332431628723064,0.03525317509542038,0.022695518369235966,-0.037073490192326274,0.04004172816892106,0.04020665706365418,0.04129278748049335,0.026308796504540172,0.024010088419644138,-0.004090454437664237,0.057515165704865055,0.17786620109012943,-0.004232013171007581,-0.07330789970095078
247,0,0.08540511785512968,0.4361276321505626,0.25392857366216576,-0.36542402045873185,0.19694497756037277,-0.593522971828501,0.2862172384021759,-0.46709367963473586,0.3592498250951643,-0.6515622412625789,0.2650775027944895,0.6666278947397393,-1.0075533281306657,-0.5874117844931386,0.3843875346150441,0.006555537345638784,0.33994355195653714,-0.4210342557472419,0.26902008826355667,-0.23093202812714964,0.3240689602592881,-0.31813946413111555,0.2391993829973075,-0.3436835297854675,0.6476783877007614,-0.044836909620778374,-0.5674239583457955,-0.5271567831990029,0.049830402793322695,0.10165678508118088,-0.06611753753229424,0.00945010534314596,0.0,-0.04975878407514511,-0.04473385310386719,-0.010446139788565739,0.04001681403261892,-0.00576120343332962,0.0033937520136427617,0.1778662010901294,-0.05924818439411824,-0.0457909787352414
248,0,0.31539159228586655,0.37534629577917317,0.974174476247495,-0.2600189993236979,0.19694497756037277,-0.2767432495088014,0.5270918320383933,-0.3394186377745075,0.039115312835668756,-0.052397084196319825,0.35617295158167744,0.07374055777264124,-0.16115069392899803,-0.15137442149808164,0.4802152322945141,0.037705972235985805,0.42419677768342356,-0.41449187512506425,0.27702843389748655,-0.24794066244863053,0.35503855086965996,-0.3165918878661441,0.22319265738433272,-0.31770050230114966,0.6775076817153971,0.014451824075931433,-0.5801199978588212,-0.5567903903928437,0.09582769767947007,0.031150434890347016,0.08425322572688639,0.006542380622177657,0.008008345633929884,-0.0170086343214809,0.030969590610371855,0.0015475762649713952,-0.016006725612974775,0.02598302748431782,0.029829294014635677,0.059288733696709804,-0.012696039513025767,-0.02963360719384086
249,0,-0.18291243564736037,1.0363433288182449,0.6207876377128165,-0.24184571981767178,-0.043305391453882,-0.1451578263913523,0.25180658216841306,-0.6063755434822937,0.1191489408987229,-0.3508274220428107,-0.11002140397638889,-0.5191467791944568,-0.2881110890592256,-0.15419666980225027,0.34413990158968144,0.26335668351484465,0.48430362998550774,-0.3861415590956388,0.2530033969960611,-0.26017323326436154,0.34127428837615975,-0.3370972733770327,0.23119602019063815,-0.3227127492881458,0.5726586063465888,0.07374055777264124,-0.5504959056617621,-0.5378813267548712,-0.1360753307048327,0.22565071127885883,0.060106852302084166,0.028350316029425494,-0.02402503690142548,-0.012232570815731003,-0.013764262493500235,-0.02050538551088863,0.008003362806305415,-0.005012246986996138,-0.10484907536880819,0.0592887336967098,0.02962409219705912,0.018909063637972474
250,0,-0.08708473796797746,0.09727168187998274,0.3782875784251042,-0.1509793222874587,0.2770284338960298,-0.25383763881793564,0.802377081908349,-0.4013216883734074,-0.040918315231024883,-0.20506897517953368,0.2293537973877286,0.07374055777264124,-0.9652331964205898,-0.6988905925080754,0.255978419724562,0.2271917883738574,0.43849806323115975,-0.3497950000835535,0.23698670572856545,-0.2745014237815847,0.3378332227527859,-0.36572743427903004,0.2151892945776634,-0.32542051490180696,0.46173650105863173,0.07374055777264124,-0.5843520110298288,-0.5385163326233118,-0.08816148186511943,-0.036164895140987245,-0.045805566754348014,0.036346559012085236,-0.01601669126749559,-0.014328190517223106,-0.003441065623373829,-0.028630160901997277,-0.016006725612974778,-0.002707765613661148,-0.1109221052879572,0.0,-0.0338561053680667,-0.0006350058684404525
251,0,-0.4512299891498504,0.4254908982855755,0.3741422782663435,-0.33271211734788486,0.03677806488541685,-0.23531820889774605,-0.4364065425064762,-0.6528028314314797,0.1191489408987229,-0.44531115834938284,1.3778709262146964,-0.5191467791944568,0.21973049146177498,-1.2393511427576225,0.12373619692690467,0.1949776800970082,0.45943182903292,-0.3407083603305322,0.22097001446106987,-0.2809344889117679,0.22427805718142735,-0.40248237057213154,0.19117920615801923,-0.3314697785067989,0.5226454187771363,0.07374055777264124,-0.5631919451747849,-0.6100603271341546,-0.13224222279765735,-0.03221410827684919,0.020933765801760325,0.009086639753021309,-0.01601669126749559,-0.0064330651301832496,-0.11355516557135856,-0.03675493629310152,-0.024010088419644138,-0.006049263604991906,0.06090891771850464,0.0,0.021160065855043948,-0.07154399451084287
252,0,1.1778408714009665,0.782581249467631,0.02075543973166497,-0.28546159063217574,-0.2034723041288379,-0.38396100167849273,0.18298526970093637,-0.6992301193806657,0.43928345315821843,-0.3554363847894702,0.42583417712486593,0.6666278947397393,-1.2191539866811052,-0.7772079829489305,0.20806457088482694,0.26639575033341584,0.41528438234207865,-0.3330755829379971,0.1809282862921488,-0.2703589197204791,0.21051379468792955,-0.43652904840153306,0.18317584335134987,-0.33723098194012846,0.48299210577564533,0.13302929146935102,-0.5589599320037772,-0.6781470674723808,0.08432837395792234,0.07141807023640764,-0.04414744669084138,0.00763277739253509,-0.04004172816892106,0.010575569191288787,-0.013764262493497787,-0.03404667782940157,-0.008003362806669361,-0.00576120343332962,-0.039653313001490956,0.059288733696709804,0.004232013171007587,-0.06808674033822626
253,0,1.062847634185707,0.44372529919701653,0.44564870600503603,-0.47809835339621753,0.5172788029102846,-0.28259149053619237,0.3550385508696526,-0.4438800356601649,0.19918256896541653,-0.31222735903949805,1.1224464325564656,1.2595152317068374,-0.2881110890592256,-0.5232056355731517,0.36330544112557983,0.32322629984068446,0.4379799007113146,-0.34688727536258934,0.23698670572856545,-0.28190919574966933,0.24148338529829894,-0.43652904840153306,0.17517248054504445,-0.3448357704721271,0.5271108819529823,0.3108954925594805,-0.5293358398067182,-0.581626175469588,0.15524087024075284,0.056830549507268645,0.02269551836923597,-0.013811692424592226,0.056058419436416665,-0.011550276029190235,0.030969590610369406,0.0,-0.008003362806305415,-0.007604788531998655,0.04411877617733687,0.17786620109012943,0.02962409219705912,0.09652089200279293
254,0,0.7370334620755872,0.37534629577917317,0.9897193518428712,-0.5398875037167475,0.2770284338960298,-0.014547110111831204,0.07975330099969687,-0.5251277895712073,0.3592498250951643,-0.21255853964286847,0.4008275833401365,0.6666278947397393,-0.5843520110298168,-0.5316723804856827,0.3326405778681555,0.38598302964416714,0.48761987011251867,-0.35888163983657484,0.21296166882714,-0.2531553440314215,0.24148338529829894,-0.46554610336977326,0.23119602019063815,-0.34397158995712457,0.557476031548721,0.4294729599529001,-0.5039437607806667,-0.610836445417801,-0.030664863257424325,0.06275672980348265,0.04963996940120401,-0.01199436447398548,-0.02402503690142548,0.02875385171824788,0.0,-0.029017054968240124,0.0560235396455937,0.0008641805150025855,0.030365149595738834,0.11857746739341961,0.025392079026051527,-0.029210269948213064
255,0,-0.37456783100634405,-0.2127131336142381,1.42290321843374,-0.5326181919143371,-0.12338884778953907,-0.015034463530795225,0.25180658216841306,-0.28138452783799206,-0.20098557136077266,-0.6918906652959281,1.4528907075688848,1.2595152317068374,-0.542031879319741,-0.18241915284401183,0.33839023972891846,0.43187293860458154,0.6111498148436978,-0.38250690319442937,0.1809282862921488,-0.22264702000493858,0.241483385298299,-0.45471306951496027,0.19117920615801923,-0.34967518135612485,0.6385688428220425,0.48876169364960986,-0.5251038266357076,-0.5268040021609843,0.005749661860762978,0.0458899089604144,0.12352994473117924,-0.023625263357854576,-0.03203338253499118,0.030508324026482896,0.0,0.010833033854812985,-0.04001681403261892,-0.005703591399000308,0.08109281127332155,0.05928873369670982,-0.02116006585504094,0.08403244325681665
256,0,0.2578949736782368,0.009138744141414511,0.8435975212464155,-0.32907746144667965,0.19694497756037277,-0.13443605117440977,1.1808943004795442,-0.24656406187613555,0.3592498250951643,-0.23329887200288862,0.6401764095653362,0.6666278947397393,-0.6266721427399228,-0.37927097206022536,0.25406186577099615,0.37686582918845357,0.6323944781573653,-0.3516123280341602,0.13287821248966203,-0.23351500124760577,0.34815641962290983,-0.46631989150225894,0.17517248054504447,-0.35105787018012796,0.6160629084157894,0.4294729599529001,-0.5462638924907515,-0.5225000734971171,-0.08432837395792234,-0.055007109416128,0.021244663313667377,0.03089457516026914,-0.04805007380248677,-0.010867981242667201,0.10667303432461091,-0.011606821987298687,-0.016006725612974775,-0.0013826888240030893,-0.022505934406253335,-0.05928873369670982,-0.02116006585504395,0.004303928663867196
257,0,1.331165187688197,0.08207634778710947,0.5938431866808485,-0.6234845894445502,0.5973622592459417,-0.5043372961600353,0.59591314450587,-0.4013216883734074,0.19918256896541653,-0.591645725555953,0.9724068698481205,0.07374055777264124,-0.5843520110298168,-0.8682254907585696,0.37863787275430283,0.3414607007521082,0.6663859394592335,-0.3774183849327421,0.17291994065821892,-0.22459643368075924,0.37912601023327924,-0.4597426923761262,0.1591657549320697,-0.3450662186094654,0.6867958451211523,0.3701842262561903,-0.5039437607806667,-0.5505814441236602,0.12457600698330673,-0.035405128436345315,0.03399146130186827,-0.025806056898581835,0.04004172816855689,0.008918567566846568,0.030969590610369406,0.0065771991261328435,-0.016006725612974775,0.0059916515706625924,0.0707329367053631,-0.059288733696709804,0.042320131710084884,-0.0280813706265431
258,0,0.29622605274999,0.019775478006436167,1.2985442136708252,-0.1146327632753652,0.3571118902353287,-0.16026578237888237,0.42385986333715375,-0.4245353323479784,0.519317081224912,-0.14918530187627413,0.9581173876854224,0.6666278947397393,-0.33043122076933157,-0.7158240823331122,0.3767213188007152,0.3059036189748345,0.6988229132015665,-0.36287976132790883,0.1889366319257145,-0.2129486869677673,0.36880281336315524,-0.4682543618334732,0.207185931770994,-0.3547450403774608,0.7469902887315268,0.4294729599529001,-0.5208718134647,-0.6070264102071633,-0.0019165539535876575,-0.0355570817772737,0.03243697374233302,0.014538623604833267,0.01601669126749559,0.011647746712991906,-0.010323196870123952,-0.008511669457347094,0.04802017683892433,-0.00967882176799543,0.060194443610374494,0.059288733696709804,-0.016928052684033353,-0.05644496608350306
259,0,-0.4512299891498504,0.1747678857535293,1.1845484593047884,-0.6271192453457555,0.2770284338960298,-0.5072614166737308,0.3894492071034154,-0.7688710513044665,0.5993507092879662,-0.41304841912276635,0.8866699768719006,0.6666278947397393,-0.542031879319741,-0.8809256081273534,0.3498895634504662,0.219746074668363,0.7551989953607637,-0.40140711388071715,0.22097001446070572,-0.24915904599600514,0.38256707585665556,-0.4845039126156904,0.2552061086099183,-0.36096714008545633,0.8466594268163558,0.5480504273463197,-0.5462638924907516,-0.6796993040396736,-0.026831755350249002,-0.08615754430647156,0.056376082159197184,-0.03852735255280837,0.03203338253499118,-0.03621035902823785,0.013764262493500235,-0.016249550782217282,0.04802017683892433,-0.006222099707995565,0.09966913808482895,0.11857746739341961,-0.025392079026051534,-0.07267289383251033
260,0,-0.470395528685727,-0.13825599655925927,0.69747569064996,-0.3399814291502953,0.03677806488541685,-0.3327888926884228,0.7335557694408478,-0.47483156095959284,0.43928345315821843,-0.4170812615260803,0.38475191590707347,0.6666278947397393,-1.4307546452315145,0.31711879699501483,0.31155848437869127,0.19619330682443875,0.7871178065832494,-0.4203073245670009,0.1969449775596444,-0.25705417138305386,0.3756849446099054,-0.491854899874309,0.30322628544884267,-0.382168368720111,0.8621992386682903,0.6073391610430294,-0.592816037371844,-0.5780983650893645,-0.03833107907177495,-0.0235527678439242,0.03191881122248558,-0.01890021068628366,-0.024025036901061298,-0.007895125387048719,-0.006882131246750123,-0.007350987258618541,0.04802017683892433,-0.021201228634654665,0.015539811851934487,0.059288733696709804,-0.04655214488109247,0.10160093895030901
261,0,-0.029588119360347706,-0.1929591992935132,0.26636447413847136,-0.31453883784181746,0.2770284338960298,0.193065446362321,-0.12671063640278216,-0.2156125365766636,0.759417965417714,-0.5818516797192884,0.4490545856392304,0.07374055777264124,-1.261474118391181,-1.0382659510851309,0.3537226713576415,0.1343482970665299,0.776340026170462,-0.41848999661639413,0.22097001446070572,-0.21421580585704714,0.40665453522027484,-0.4481358703888274,0.3672531879007418,-0.3958224208571016,0.7693176046107437,0.6666278947397394,-0.7409364983571397,-0.5579898459221154,0.04216418697895027,-0.061845009757908874,-0.010777780412787213,0.0018173279506067397,0.024025036901061298,0.04283836552600671,0.030969590610369403,0.043719029485481606,0.06402690245189911,-0.013654052136990558,-0.0928816340575466,0.059288733696709804,-0.1481204609852956,0.02010851916724916
262,0,-0.16374689611148377,-0.007576123360708082,1.0322086784701918,-0.5180795683095163,0.5172788029102846,-0.12810045672796613,0.11416395723343523,-0.3007292311501785,0.519317081224912,-0.04548364007633057,0.30794594928258356,0.6666278947397393,-0.880592933000408,-0.5803561637327169,0.21956389460639647,0.055332559783696,0.8774853500443147,-0.44175179438412815,0.29304512516461795,-0.1886297513619945,0.3997724039735247,-0.4082857815657787,0.37525655070741115,-0.3648271463857876,0.7575287818265155,0.6666278947397394,-0.7070803929890699,-0.538304664000494,-0.13415877675124505,-0.07901573728283391,0.1011453238738527,-0.023261797767734054,0.07207511070391225,0.025586054495052656,-0.006882131246750115,0.03985008882304872,0.008003362806669361,0.03099527447131396,-0.011788822784228237,0.0,0.033856105368069725,0.01968518192162135
263,0,0.2578949736782368,0.24314688917133812,-0.06629586360238017,-0.514444912408311,0.43719534657098574,-0.3503336157706844,0.7335557694408478,-0.3007292311501785,0.5993507092879662,-0.39173196641945307,1.0099167605251829,0.6666278947397393,0.05044996462144145,-1.0065156576631586,0.13906862855564944,0.03527471878112816,0.8262908930835732,-0.4453864502853375,0.28503677953068807,-0.19540396388544368,0.43762412583064425,-0.39397070111478005,0.41527336473966614,-0.3727776071237831,0.7462758146233872,0.6073391610430294,-0.6732242876210032,-0.5866356662094947,-0.08049526605074701,-0.02005784100256784,-0.05119445696074162,-0.0036346559012093494,-0.008008345633929886,-0.006774212523449202,0.03785172185711952,0.014315080450998635,0.04001681403225497,-0.007950460737995501,-0.011252967203128272,-0.05928873369670982,0.033856105368066707,-0.0483310022090007
264,0,0.7945300806832168,0.4148541644205884,0.7710547684680328,-0.20549916080557828,0.6774457155852405,-0.10616955287511703,1.0432516755445664,-0.6141134248071507,0.27921619702847067,-0.19412268865623047,0.7330580436228891,-0.5191467791944568,-0.7113124061600745,-0.7673301138843152,0.14481829041641242,0.039225505645269686,0.8044244347460893,-0.4119476159942206,0.3250785076996091,-0.2045662081617723,0.5339739632851312,-0.4028692646383744,0.4072700019329968,-0.37093402202511927,0.7794988606516624,0.4887616936496098,-0.685920327134029,-0.610201439549358,0.005749661860762967,0.003950786864141525,-0.02186645833748384,0.03343883429111692,0.04004172816892106,-0.009162244276328583,0.09634983745448696,-0.008898563523594338,-0.008003362806669361,0.0018435850986637998,0.033223046028275256,-0.11857746739341961,-0.01269603951302577,-0.02356577333986325
265,0,0.6987023830036161,0.12310374983780857,0.7803816938252679,-0.6707351161602594,0.2770284338960298,0.02395380998544003,0.8711983943758257,-0.4090595696982644,0.43928345315821843,-0.395764808822767,0.23292616792839518,0.07374055777264124,-0.7113124061600745,-0.1944137081367536,0.25214531181740846,0.07280719399047436,0.740172282285242,-0.4257593084188128,0.36512023586816605,-0.20066738081014876,0.5959131445058724,-0.4156367688244016,0.47129690438489585,-0.34132143637780316,0.6575024066876135,0.37018422625619024,-0.7028483798180624,-0.6114008950786322,0.10732702140099601,0.03358168834520467,-0.06425215246084721,-0.013811692424592226,0.04004172816855689,0.003898827351623525,0.06193918122074127,-0.012767504186027234,0.0640269024518991,0.029612585647316114,-0.12199645396404897,-0.11857746739341961,-0.016928052684033357,-0.0011994555292741764
266,0,1.3119996481523204,0.4102955641927368,0.34512517715499513,-0.39450126766841487,0.03677806488541685,-0.17050020417694953,1.1808943004795442,-0.23882618055127855,0.519317081224912,-0.3848185222994638,0.5812322956442109,0.07374055777264124,-0.11883056221889209,-0.06670697237282203,0.3575557792648168,0.11292287599560658,0.6903250478761,-0.4323016890409864,0.34910354460067045,-0.20427379611040272,0.5959131445058724,-0.41486298069191585,0.4873036299978707,-0.3564734014074607,0.651607995295501,0.3108954925594805,-0.6520642217659594,-0.5801444951098919,0.10541046744740837,0.04011568200513223,-0.04984723440914204,-0.0065423806221735215,-0.01601669126749559,-0.003606415300253976,0.0,0.0007737881324857004,0.016006725612974775,-0.015151965029657516,-0.00589441139211253,-0.059288733696709804,0.05078415805210307,0.031256399968740335
267,0,0.7370334620755872,0.762827315146906,0.9244308743423196,-0.5362528478155424,0.9176960845958535,-0.45170312691307335,0.7335557694408478,-0.44774897632259336,0.6793843373546599,-0.5864606424660004,0.7741403048406499,0.07374055777264124,-0.5843520110298168,-0.7207630168654324,0.29814260670355586,0.18099797273158624,0.7233838166422473,-0.4235785148780856,0.3811369271356616,-0.19901037918570655,0.6096774069993702,-0.4195057094868345,0.5353238068367949,-0.35595489309846545,0.6317813387947538,0.31089549255948046,-0.6520642217659592,-0.5653982477205781,-0.059413172561260975,0.06807509673597965,0.03305876876614712,0.008723174162900782,0.03203338253499118,0.005263416924696196,0.01376426249349778,-0.004642728794918593,0.04802017683892433,0.000518508308995258,-0.019826656500747063,0.0,0.0,0.014746247389313715
268,0,1.0436820946498304,0.4133346310113045,-0.24972539562770554,-0.4671943856926019,0.11686152122107392,0.138481863439503,0.49268117580463044,-0.5328656708961083,0.43928345315821843,-0.34449009826611454,1.0027720194438499,0.07374055777264124,-0.880592933000408,-0.0899905208822634,0.3728882108935399,0.22035388803207306,0.5685568557123941,-0.45883467711980924,0.3571118902342362,-0.169135614603868,0.6165595382461179,-0.4303387433416475,0.5273204440301256,-0.3754853727374495,0.6362468019705967,0.2516067588627707,-0.7070803929890669,-0.5028148915754932,0.07474560418998404,0.039355915300486835,-0.15482696092985307,-0.03525616224172367,-0.02402503690142548,0.029874764581838537,0.006882131246747669,-0.010833033854812985,-0.008003362806669361,-0.019530479638984043,0.004465463175842743,-0.059288733696709804,-0.055016171223107646,0.06258335614508488
269,0,0.5453780667166034,0.050166146192113605,0.3876145037823157,-0.32544280554547445,0.43719534657098574,0.09413270231475214,0.42385986333715375,-0.38197698506126493,0.43928345315821843,-0.0443313993896395,0.47048880888329325,0.07374055777264124,-1.3884345135214387,-0.6036397122421583,0.47254901648018527,0.20789371407593152,0.48886346016014687,-0.42866703313978116,0.3731285815017317,-0.10899620270501972,0.6200006038694916,-0.3916493367173274,0.5113137184171508,-0.3386136707641368,0.5946286851717358,0.19231802516606086,-0.7917206564092366,-0.47508630198697377,0.09966080558664539,-0.01246017395614157,-0.07969339555224726,0.0301676439800281,0.01601669126749559,0.06013941189884829,0.0034410656233738344,0.03868940662432016,-0.016006725612974775,0.03687170197331269,-0.04161811679886074,-0.059288733696709804,-0.08464026342016977,0.027728589588519516
270,0,0.3345571318217431,1.125995799966097,0.6819308150546073,-0.888814470232779,0.43719534657098574,-0.41466426707260556,0.11416395723343523,-0.5328656708961083,0.27921619702847067,-0.6025920120793086,0.8080778249770775,1.2595152317068374,-1.0498734598407715,-1.3854024924986752,0.5530442825309322,0.33431889372846707,0.48730897260061157,-0.4835503372480295,0.41317030967028867,-0.11718374014343798,0.5580614226487505,-0.3974527477109789,0.4953069928041761,-0.3571647458194597,0.6369612760787362,0.25160675886277073,-0.7536325378701623,-0.6453384309363427,0.08049526605074701,0.12642517965253564,-0.0015544875595352669,-0.054883304108248376,0.04004172816855689,-0.008187537438418274,-0.061939181220741255,-0.005803410993651542,-0.016006725612974775,-0.018551075055322823,0.0423325909070004,0.05928873369670982,0.0380881185390743,-0.170252128949369
271,0,0.3537226713576197,1.584894889570241,0.3181807261230271,-0.6162152776421398,0.2770284338960298,-0.4814316854691695,0.18298526970093637,-0.5560793148706793,0.6793843373546599,-0.7362519317325389,0.602666518888242,-0.5191467791944568,-1.303794250101257,-0.4477104934364652,0.591375361602729,0.5121043026148426,0.4924905977990671,-0.5137179812280617,0.41317030967028867,-0.18463345332658704,0.5890310132591223,-0.4314994255403805,0.4873036299978707,-0.3726047710207847,0.6523224694036375,0.19231802516606086,-0.7578645510411699,-0.5862828851714762,0.03833107907179674,0.17778540888637542,0.005181625198455575,-0.030167643980032233,0.0,-0.06744971318314905,0.030969590610371855,-0.03404667782940157,-0.008003362806305415,-0.015440025201325046,0.015361193324901157,-0.059288733696709804,-0.004232013171007587,0.05905554576486657
272,0,0.8711922388267233,0.4604401666991391,1.4415570691481867,-0.5289835360131319,0.7575291719208976,-0.009186222503315612,1.2497156129470453,-0.5406035522209653,0.6793843373546599,-0.301857192859488,0.26864987333515605,0.07374055777264124,-0.880592933000408,0.03559952865354169,0.6948692750965497,0.5589059316208272,0.5334254368668667,-0.5148083779984233,0.43719534657134995,-0.17274202990412196,0.7025861788304832,-0.45548685764745916,0.5033103556108454,-0.3982421262991004,0.6483928618088947,0.13302929146935108,-0.7578645510411699,-0.5246873159328503,0.10349391349382071,0.04680162900598472,0.04093483906779949,-0.0010903967703615569,0.0240250369010613,0.011891423422465052,0.113555165571361,-0.023987432107078682,0.01600672561297478,-0.025637355278315743,-0.0039296075947427515,-0.059288733696709804,0.0,0.06159556923862586
273,0,0.20039835507038917,1.010511260860419,0.5948795117205387,-0.27819227882976527,-0.043305391453882,-0.1631899028926665,0.2862172384021759,-0.4903073236093508,0.43928345315821843,-0.35658862547610887,1.3010649595902066,0.07374055777264124,-0.9652331964205898,-0.5083888319762413,0.6891196132357649,0.6356423687897353,0.5995429743991585,-0.4911831146405687,0.3891452727688631,-0.1540276586163202,0.6578523257266162,-0.47444466689337633,0.4873036299978707,-0.39472779220476595,0.6775076817153971,0.07374055777264125,-0.859432867145373,-0.4748746333641586,-0.005749661860784766,0.07673643716890809,0.06611753753229188,0.023625263357854576,-0.04805007380248678,0.01871437128780179,-0.04473385310386719,-0.01895780924591723,-0.016006725612974775,0.0035143340943344205,0.029114819906502377,-0.059288733696709804,-0.10156831610420311,0.04981268256869174
274,0,-0.08708473796797746,1.7003794286759188,0.4850290575132862,-0.7434282341844464,0.5973622592459417,-0.6178906427761702,0.59591314450587,-0.6992301193806657,0.759417965417714,-0.4072872156894158,-0.1725378884381808,0.6666278947397393,0.09277009633151731,-0.05259573085192871,0.6009581313706456,0.7641948952152684,0.5709404033036838,-0.5449760219784555,0.38113692713493325,-0.20519976760642553,0.6131184726227465,-0.4829563363507279,0.5353238068367949,-0.4160442449080845,0.58694808850929,0.19231802516606086,-0.7790246168962139,-0.40340119506092,-0.08816148186511943,0.12855252642553303,-0.02860257109547466,-0.05379290733788681,-0.00800834563392988,-0.05117210899010531,-0.044733853103869646,-0.0085116694573515,0.04802017683892433,-0.02131645270331853,-0.09055959320610699,0.11857746739341961,0.08040825024915918,0.07147343830323864
275,0,1.8294692156214238,-0.21727173384208973,0.14822341961367394,-0.6452925248518229,0.3571118902353287,-0.26650882771073425,1.1808943004795442,-0.4245353323479784,0.43928345315821843,-0.3738722357761082,0.9098903853862969,0.07374055777264124,-1.1345137232609233,-0.4173713241665772,0.7140348146324262,0.7301573468472786,0.5077245758825245,-0.5424317628476119,0.3891452727688631,-0.23424603137604297,0.6440880632331183,-0.4845039126156993,0.5353238068367949,-0.41385498760341866,0.6546445102550802,0.19231802516606086,-0.8213447486062988,-0.4256969566639023,0.11307668326178077,-0.03403754836798983,-0.0632158274211594,0.002544259130843651,0.008008345633929886,-0.02904626376961743,0.030969590610371855,-0.0015475762649714009,0.0,0.0021892573046658815,0.06769642174579017,0.0,-0.04232013171008488,-0.02229576160298236
276,0,-0.12541581703973062,0.8114523842440245,0.7264927917613319,-0.34725074095270575,0.5973622592459417,-0.45170312691307335,1.008841019310828,-0.6682785940811937,0.6793843373546599,-0.11231359990294573,0.19005772144030114,1.2595152317068374,-1.8962760940424392,-0.48087191101052185,0.5702932681132211,0.7702730288524073,0.545861337343158,-0.537706710176041,0.44520369220491557,-0.2623663236496553,0.6268827351162468,-0.5274491539686907,0.5513305324497698,-0.3866044953637668,0.6155270528346892,0.3108954925594805,-0.9990893017886535,-0.4671134505276722,-0.1437415465192051,0.04011568200512878,0.038136761460633675,0.004725052671570912,0.05605841943605248,-0.02812029227361238,-0.017205328116871633,-0.04294524135299151,0.01600672561297478,0.027250492239651803,-0.03911745742039097,0.11857746739341961,-0.17774455318235471,-0.041416493863769985
277,0,1.1586753318650898,1.3311328102195925,1.2177108605748974,-0.29273090243458616,0.43719534657098574,-0.22167231316701938,1.525000862817001,-0.6063755434822937,0.19918256896541653,-0.22465706685286277,0.5937355925365756,1.2595152317068374,-0.9229130647105139,-0.21981394287432146,0.6124574550921714,0.8271035783596761,0.5751893359664159,-0.5133545156379453,0.39715361840242885,-0.23936324227504988,0.706027244453862,-0.5433118106846608,0.5033103556108455,-0.3504241378024531,0.5974865816042818,0.4294729599529001,-1.032945407156723,-0.4170185431285612,0.04216418697895026,0.056830549507268645,0.02932799862325778,0.024352194538095624,-0.04805007380248678,0.023003081374605397,0.07914450933761533,-0.015862656715970036,-0.04802017683892433,0.036180357561313756,-0.018040471230407428,0.11857746739341961,-0.03385610536806971,0.0500949073991111
278,0,-0.18291243564736037,-0.25526006907422105,0.590734211561778,-0.736158922382036,0.5973622592459417,-0.4015057247608429,0.59591314450587,-0.5715550775203933,0.3592498250951643,-0.37617671714943796,0.6080250746992736,1.2595152317068374,-0.542031879319741,-0.3164759472923228,0.4897980020624524,0.7602441083511234,0.6592352966853643,-0.5402509693068887,0.4452036922049157,-0.2933620010950845,0.716350441323986,-0.5471807513470893,0.49530699280454,-0.35359279969078544,0.5580118871298242,0.5480504273463197,-0.9990893017886565,-0.43966708576956715,-0.12265945302971908,-0.06685947000855255,0.08404596071894835,-0.026896453668943405,0.04805007380248678,-0.05399875882003459,0.010323196870123952,-0.0038689406624284996,-0.008003362806305415,-0.0031686618883323414,-0.03947469447445763,0.11857746739341961,0.0338561053680667,-0.022648542641005943
279,0,1.1778408714009665,0.7886593831047665,1.7016746541106555,-0.4671943856926019,0.11686152122107392,-0.5481991038658222,0.8711983943758257,-0.5289967302336798,0.519317081224912,-0.4643231296793664,1.1224464325564656,0.6666278947397393,-0.41507148418948325,-0.343287306181975,0.5530442825308887,0.8340934320423887,0.7906413117181982,-0.5544261273216016,0.4131703096699244,-0.3575951817131419,0.7610842944278532,-0.5618827258643309,0.5033103556112094,-0.3955919727197581,0.6232076494971415,0.6073391610430295,-0.9017529988554609,-0.41363184516354873,0.0632462804684363,0.07384932369126529,0.13140601503283397,-0.014175158014712747,-0.03203338253499118,-0.06423318061805743,0.0447338531038672,-0.014701974517241484,0.008003362806669361,-0.04199917302897269,0.06519576236731724,0.059288733696709804,0.09733630293319553,0.026035240606018327
280,0,0.56454360625248,1.084968397915398,0.8674329971593131,-0.5180795683095163,0.5172788029102846,-0.45608930768357225,0.9744303630770652,-0.37423910373636393,0.27921619702847067,-0.7996251694991856,0.7366304141635557,0.07374055777264124,0.1774103597516991,-0.6445623126527038,0.5760429299739623,0.8299906918373188,0.8091915299286688,-0.5173526371292753,0.4211786553038543,-0.3617376857742386,0.8471109350122162,-0.5460200691483563,0.5033103556112094,-0.41529528846174585,0.6160629084157893,0.48876169364960986,-0.7790246168962138,-0.3395478271789517,0.02299864744307369,-0.00410274020506991,0.018550218210470582,0.037073490192326274,0.008008345633929886,-0.004142504061096669,0.086026640584363,0.015862656715974432,0.0,-0.019703315741987703,-0.00714474108135218,-0.11857746739341961,0.12272838195924707,0.07408401798459714
281,0,0.43038482950112605,0.19452182007421964,0.37621492834572384,-0.5398875037167475,0.2770284338960298,-0.46486166922474736,0.7679664256746106,-0.5599482555331078,0.43928345315821843,-0.33354381174281134,0.574087554562846,0.6666278947397393,-0.5843520110298168,-0.9472484432754918,0.583709145788313,0.6909533848877166,0.8149949501509385,-0.5097198597367361,0.4211786553038543,-0.36008068414979644,0.9056090506095836,-0.5464069632145991,0.47930026719156527,-0.37502447646277304,0.6132050119832497,0.6073391610430294,-0.7070803929890699,-0.38950162216285433,0.007666215814350635,-0.13903730694960215,0.005803420222269673,0.007632777392539225,0.0,0.0016570016244422114,0.058498115597367416,-0.0003868940662428488,-0.024010088419644145,0.040270811998972755,-0.0028578964325395974,0.11857746739341961,0.07194422390714401,-0.049953794983902663
282,0,0.8520266992908466,-0.03492772472785233,0.7378923671979237,-0.36905867635997835,0.6774457155852405,-0.11835338834895164,1.2841262691807838,-0.5251277895712073,0.27921619702847067,-0.93731793155573,0.1132517548158112,1.2595152317068374,-0.41507148418948325,-0.30518695407562324,0.5817925918347253,0.6414165957450175,0.7446284799559122,-0.4937273737714206,0.41317030967028856,-0.37099740073436005,0.9090501162329574,-0.5448593869496234,0.4392834531589463,-0.4385705503323972,0.5976652001313152,0.7259166284364491,-0.6605282481079774,-0.42358027043577084,-0.001916553953587663,-0.04953678914269914,-0.0703664701950263,0.01599248596531535,-0.008008345633565717,-0.010916716584563602,0.0034410656233738513,0.001547576264975803,-0.04001681403261892,-0.0635460738696242,-0.015539811851934485,0.11857746739341961,0.04655214488109247,-0.0340786482729165
283,0,0.43038482950112605,-0.09570906109927631,1.3306702899012441,-0.46355972979139665,0.5172788029102846,-0.4741213841848865,0.18298526970093637,-0.4438800356601649,0.6793843373546599,-0.38654688332944803,1.0849365418793713,0.6666278947397393,-1.0498734598407715,-0.4695829177938223,0.6047912392777991,0.530794563549048,0.8182075577739827,-0.5122641188675838,0.46922872910670527,-0.402090548863582,0.8987269193628336,-0.5402166581547048,0.4632935415785905,-0.4415663761177312,0.5760523583602317,0.7852053621331588,-0.6689922744499956,-0.4196996790175289,0.02299864744307369,-0.11062203219596953,0.07357907781807055,-0.018536745096163137,0.056058419436416665,-0.031093148129222,-0.010323196870123952,0.004642728794918593,0.024010088419644145,-0.0029958257853339165,-0.021612841771083535,0.059288733696709804,-0.008464026342018172,0.003880591418241902
284,0,1.2928341086164439,0.35711189486773215,1.6426041268482685,-0.547156815519158,0.03677806488541685,-0.35423244312239655,0.6647344569733711,-0.4206663916855499,0.6793843373546599,-0.4372454735427549,1.1921076580996224,0.07374055777264124,-0.41507148418948325,-0.7468688136790425,0.7427831239362412,0.3964678101682293,0.9339650647074809,-0.4926369770010549,0.4131703096706528,-0.3757247288982047,0.9056090506095836,-0.5123602853851932,0.45529017877228506,-0.4445622019030651,0.712516913014012,0.7259166284364491,-0.7197764325020957,-0.4891269873002403,0.13799188465844214,-0.13432675338081868,0.11575750693349822,0.019627141866528842,-0.05605841943605248,0.026365819965377367,0.006882131246750111,0.027856372769511577,-0.008003362806305415,-0.002995825785333911,0.13646455465378032,-0.059288733696709804,-0.050784158052100056,-0.06942730828271138
285,0,0.7753645411473403,1.0302651951811095,1.3379245651790752,-0.6561964925554385,0.7575291719208976,-0.36739098543407056,0.802377081908349,-0.6025066028198652,0.9194852215474617,-0.6025920120793086,0.5347914786154502,0.07374055777264124,-0.9652331964205898,-0.2579142949806983,0.6373726564888328,0.5212215030705492,1.0529351792640211,-0.49372737377141646,0.4532120378392097,-0.3858129446705382,0.8677573287524641,-0.5301574124323819,0.5033103556112094,-0.4674341795333851,0.6750070223369273,0.7259166284364491,-0.7028483798180624,-0.4731812843816524,-0.10541046744740834,0.12475369290231993,0.11897011455654012,-0.001090396770361568,0.040041728168556896,-0.01008821577233363,-0.037851721857119526,-0.017797127047188683,0.04802017683892433,-0.02287197763032004,-0.03750989067708467,0.0,0.016928052684033346,0.01594570291858789
286,0,0.7370334620755872,1.5149963527431136,1.090242880692912,-0.41630920307568753,0.5172788029102846,-0.06182039175036618,0.6303238007396083,-0.7224437633552806,0.759417965417714,-0.6129621782593186,1.1849629170182574,0.6666278947397393,-0.542031879319741,-0.37150978922373656,0.7236175844003646,0.5915758999204581,1.0893101881571792,-0.5006332199837147,0.445203692205644,-0.34682467115426757,0.8299056068953421,-0.5355739293597905,0.5113137184175148,-0.5174990373690225,0.774497541894723,0.6666278947397393,-0.5674239583457925,-0.4622450722029739,0.08624492791153178,0.0703543968499089,0.03637500889315802,-0.0069058462122981775,-0.008008345633565705,0.03898827351627072,-0.03785172185712197,-0.005416516927408688,0.008003362806305415,-0.050064857835637286,0.09949051955779561,-0.05928873369670982,0.13542442147226982,0.010936212178678528
287,0,0.5837091457883566,1.366082078633156,0.8850505228340696,-0.35088539685391096,0.5172788029102846,-0.5306543807834719,1.5594115190507394,-0.9004150338271235,0.43928345315821843,-0.554774023582677,0.4169032507731678,0.6666278947397393,-0.2881110890592256,-0.5387280012461293,0.6661209657926913,0.5950708267618146,1.0560441543830963,-0.5064486694256471,0.45321203783957387,-0.37772287791591286,0.833346672518716,-0.5649778783942736,0.5353238068367949,-0.5505107330420038,0.7568143077183821,0.6073391610430294,-0.5039437607806636,-0.4941364780401547,-0.057496618607673314,0.0034949268413563494,-0.033266033774082784,-0.00581544944193248,0.008008345633929886,-0.03089820676164525,0.003441065623373829,-0.029403949034482978,0.02401008841928019,-0.03301169567298142,-0.017683234176340778,-0.05928873369670982,0.06348019756512883,-0.03189140583718079
288,0,1.3886618062958267,0.7932179833326181,0.905777023627873,-0.6234845894445502,0.43719534657098574,0.04539736041941375,1.008841019310828,-0.49804520493420784,0.8394515934844077,-0.6371592326792549,1.8315619848804299,1.2595152317068374,-1.3884345135214387,-0.8287140145001335,0.82327838998701,0.6999186320024984,1.0875484355897058,-0.49518123613189857,0.4371953465720783,-0.33303256939788717,0.8746394599992119,-0.557626891135655,0.5833439836757194,-0.5766089845949856,0.8791679987364978,0.6073391610430295,-0.5885840242008334,-0.5453602847609357,0.15715742419431872,0.1048478052406839,0.03150428120660951,0.011267433293748574,-0.01601669126749559,0.04469030851802567,0.04129278748049579,0.007350987258618541,0.04802017683892434,-0.026098251552981695,0.12235369101811563,0.0,-0.08464026342016977,-0.051223806720781064
289,0,-0.16374689611148377,0.34039702736560956,1.0011189272794632,-0.3763279881623888,0.19694497756037277,-0.3254785914041398,0.21739592593467472,-0.6141134248071507,0.519317081224912,-0.7523833013458472,1.1367359147191636,0.07374055777264124,-0.9652331964205898,-0.7440465653748738,0.689119613235765,0.6550923964285827,1.0174928629065867,-0.48609459637887725,0.4452036922060082,-0.3107605181517189,0.8092592131550967,-0.5661385605930022,0.5833439836757194,-0.6054150017616335,0.8805969469527677,0.5480504273463197,-0.6436001954239441,-0.5854362106802256,-0.13415877675124505,-0.04482623557391569,-0.07005557268311924,0.009086639753021309,0.008008345633929884,0.022272051246168233,-0.0653802468441151,-0.008511669457347094,0.0,-0.02880601716664808,0.0014289482162697987,-0.059288733696709804,-0.05501617122311066,-0.04007592591928988
290,0,0.9861854760422006,0.3145649594077492,0.8083624698969262,-0.5253488801119267,0.3571118902353287,-0.40589190553143045,0.32062789463591423,-0.5792929588452943,0.5993507092879662,-0.25115860264618106,0.1293274222488425,1.2595152317068374,-1.0075533281306657,-1.0566105650622772,0.731283800214737,0.5780520525778179,1.0115858101803479,-0.4868215275591183,0.4291870009385126,-0.3057407779365047,0.7438789663109816,-0.5866439461038951,0.6153574349016689,-0.5505683450763331,0.8198666477612964,0.6666278947397394,-0.7620965642121805,-0.6266410359211829,0.04216418697897206,-0.07704034385076487,-0.005907052726238693,-0.0007269311802410416,-0.01601669126749559,0.00501974021521418,-0.0653802468441151,-0.020505385510893037,0.03201345122594955,0.054846656685300456,-0.06073029919147131,0.11857746739341961,-0.11849636878823648,-0.041204825240957345
291,0,1.503655043511304,-0.21119360020495423,0.42492220521120905,-0.6998123633699425,0.2770284338960298,0.12727273480359644,1.6970541439857172,-0.44774897632259336,0.5993507092879662,-0.3911558460761075,1.5404137858154061,1.2595152317068374,-0.6689922744499986,-1.1264612105906013,0.8386108216157548,0.5374805105499004,1.0164565378668964,-0.5028140135244378,0.4291870009385126,-0.24652733753367037,0.8367877381420922,-0.5754240181828438,0.6313641605146436,-0.5563295485096627,0.9164992708865523,0.7259166284364491,-0.7705605905541988,-0.6445623126526939,0.1073270214010178,-0.040571542027917386,0.00487072768654852,-0.015992485965319492,0.0,0.05921344040283438,0.09290877183111065,0.011219927921051443,0.016006725612974775,-0.005761203433329615,0.09663262312525601,0.05928873369670982,-0.008464026342018182,-0.01792127673151095
292,0,0.6028746853242332,0.3373579605470418,0.7783090437458876,-0.5398875037167475,0.7575291719208976,-0.1875575738403357,1.5938221752844777,-0.6528028314314797,0.5993507092879662,-0.5904934848693143,1.354650517700332,-0.5191467791944568,-1.1345137232609233,-0.6918349717476288,0.8136956202190936,0.57470907907739,1.0204982055216927,-0.5198968962601148,0.4371953465720783,-0.25344775608280873,0.8677573287524616,-0.588191522368871,0.6633776117405932,-0.5216471038410212,1.0406391471750043,0.5480504273463198,-0.8425048144613427,-0.6832271144198944,-0.024915201396661348,0.03722856852748942,0.004041667654796388,-0.01708288273567692,0.008008345633565717,-0.006920418549138406,0.030969590610369392,-0.012767504186027234,0.03201345122594955,0.034682444668641565,0.12413987628845209,-0.17786620109012943,-0.071944223907144,-0.03866480176720055
293,0,1.2161719504729374,1.0409019290460966,1.3679779913301138,-0.6525618366542333,0.8376126282601964,-0.09349836398231841,1.112072988012043,-0.29686029048775003,0.19918256896541653,-0.3001288318295038,0.8134363807880773,1.2595152317068374,-0.9229130647105139,-0.6015230260140318,0.8922743323162745,0.6883701780919271,1.0242289756645797,-0.5387971069463984,0.4692287291070695,-0.21538545406255194,0.9606661005835722,-0.5734895478516295,0.6153574349016688,-0.5130052986910268,1.013489131065875,0.6073391610430295,-0.829808774948317,-0.6964211252419154,0.07857871209718112,0.11366109901453729,0.003730770142886963,-0.018900210686283662,0.03203338253499118,0.0380623020202568,0.09290877183111065,0.014701974517241484,-0.04802017683892433,0.008641805149994426,-0.027150016109129392,0.05928873369670982,0.012696039513025758,-0.013194010822020957
294,0,0.5070469876448502,0.1215842164285247,1.5555528235142235,-0.9360649969484882,0.7575291719208976,-0.41515162049156956,1.1808943004795442,-0.5831618995077228,0.9194852215474617,-0.4683559720827327,0.8956009032235989,0.6666278947397393,-1.8539559623323634,-1.189961797434546,0.8136956202191152,0.6648174102480064,1.0155238453311752,-0.5776879250893314,0.5413038398106176,-0.22147737179946922,1.0122820849341896,-0.5897390986338469,0.639367523320949,-0.5161163485450245,0.9838384555782727,0.6666278947397394,-0.973697222762605,-0.7407304236174657,-0.07857871209715936,-0.023552767843920748,-0.008705130333404499,-0.03889081814293303,0.07207511070354808,-0.006091917736917302,0.05161598435061732,-0.016249550782217285,0.024010088419280186,-0.0031110498539977825,-0.029650675487602352,0.059288733696709804,-0.14388844781428803,-0.04430929837555035
295,0,0.8136956202190935,0.7962570501511858,1.2239288108130622,-0.7725054813940881,0.19694497756037277,-0.04866184943860354,1.008841019310828,-0.5715550775203933,0.5993507092879662,-0.29667210976948294,0.5723013692925126,0.6666278947397393,0.1774103597516991,-1.401630420247695,0.8175287281262905,0.641416595745014,1.004124269894574,-0.5893188239731965,0.48524542037456514,-0.18960445819992253,1.0329284786744375,-0.5866439461038996,0.6073540720949995,-0.485524358314042,0.9875894446459789,0.7259166284364491,-0.8594328671453761,-0.8551020361441655,0.003833107907175315,-0.023400814502992372,-0.011399575436601306,-0.01163089888386496,-0.056058419436052484,0.03187291359954671,0.020646393740247893,0.0030951525299471984,-0.03201345122594955,0.030591990230982562,0.0037509890677062453,0.059288733696709804,0.11426435561722889,-0.11437161252669967
296,0,0.02790849924749993,0.9831596594932748,0.9814287515253263,-0.8851798143315738,0.5973622592459417,0.02346645656647601,0.42385986333715375,-0.7379195260049947,0.9194852215474617,-0.4262991870193993,0.8705943094388694,1.2595152317068374,-0.9229130647105139,-0.7376965066904694,0.7466162318434819,0.5882329264200301,0.9932428569778153,-0.6362058850987851,0.49325376600813076,-0.18107577336823832,1.012282084934192,-0.588191522368871,0.6233607977079743,-0.4668580591900501,0.9561525838880401,0.785205362133159,-0.8975209856844535,-0.8917207078908387,-0.07091249628280873,-0.05318366932498388,-0.010881412916758582,-0.046887061125588624,0.008008345633565705,0.00852868483168422,-0.02064639374024545,-0.0015475762649714065,0.01600672561297477,0.018666299123991936,-0.0314368607579388,0.05928873369670982,-0.0380881185390773,-0.036618671746673284
297,0,1.2161719504729374,1.6304808918487916,0.5482448849344573,-0.576234062728841,0.5973622592459417,-0.22605849393760694,0.8367877381420873,-0.6876232973933801,0.9194852215474617,-0.34103337620614615,0.347242025230011,0.6666278947397393,-0.9229130647105139,-0.5443724978544666,0.80986251231194,0.6146728077415937,0.9595622931878542,-0.658740751686278,0.5012621116416965,-0.15061618468365184,0.9400197068433268,-0.5669123487254967,0.6713809745468986,-0.445483994452397,0.9491864613337244,0.785205362133159,-0.9610011832495822,-0.8922851575516724,0.06324628046845807,0.026439881321563562,-0.033680563789961225,-0.022534866587493006,0.008008345633565705,0.0304595886845865,-0.0722623780908652,0.02127917364337434,0.04802017683892433,0.021374064737653086,-0.006966122554315679,0.0,-0.06348019756512883,-0.0005644496608337324
298,0,0.83286115975497,0.7977765835604697,0.552390185093218,-0.692543051567532,0.9176960845958535,0.16333688780613623,1.146483644245806,-0.8191672799160811,0.519317081224912,-0.755840023405868,0.9599035729557558,0.6666278947397393,-0.5843520110298168,-0.770857924264526,0.7542824476578542,0.6151286677643789,0.9242236093343887,-0.6656465978985763,0.5493121854441833,-0.13882223194497956,0.9537839693368246,-0.599024556223684,0.639367523320949,-0.45735207352505824,0.862020620141257,0.7259166284364491,-0.8805929330004201,-0.8864995485281115,-0.05558006465408567,0.0004558600227851595,-0.0353386838534655,-0.006905846212298184,0.04805007380248678,0.011793952738672248,0.013764262493497803,-0.03211220749818732,-0.03201345122594956,-0.011868079072661308,-0.08716584119246741,-0.05928873369670982,0.08040825024916218,0.005785609023560745
299,0,0.2578949736782368,1.305300742261732,0.5534265101329082,-0.7470628900856516,0.8376126282601964,-0.25091351830424014,1.008841019310828,-0.6025066028198652,0.5993507092879662,-0.3393050151761619,1.4832558571646142,0.07374055777264124,-1.68467543549203,-1.8411955936229878,0.7964466346368263,0.7116190392539912,0.8794543676197332,-0.7027200880909025,0.6133789505141657,-0.1313657246349896,1.03292847867444,-0.5978638740249554,0.6473708861272545,-0.4160442449080898,0.896672614385802,0.7259166284364491,-0.952537156907564,-0.996214451352923,0.04216418697897206,0.09649037148961223,-0.044769241714655496,-0.03707349019232628,0.06406676506998236,0.007456507309989968,0.07914450933761533,0.0011606821987285465,0.008003362806305415,0.04130782861696853,0.034651994244545056,0.0,-0.07194422390714401,-0.1097149028248114
300,0,1.1970064109370608,0.16565068529779153,1.766963131611207,-0.576234062728841,0.8376126282601964,-0.35179567602757644,0.59591314450587,-0.6760164754060947,0.43928345315821843,-0.37963343920945875,0.8205811218694422,1.2595152317068374,-1.0075533281306657,-0.990993291990206,0.8175287281263124,0.6967276118429954,0.9753144337911612,-0.7078086063525939,0.6614290243166525,-0.1259561016846042,1.0604570036614356,-0.6075362256810355,0.6313641605142797,-0.4288917285644175,0.9657979843478619,0.7259166284364491,-0.9525371569075641,-0.9896527240457159,0.02108209348948602,-0.014891427410995767,0.09586006617142809,-0.005088518261691433,0.04805007380248678,0.005409622950385401,0.027528524986995574,-0.009672351656080037,-0.016006725612974775,-0.012847483656327768,0.06912536996205997,0.0,0.0,0.0065617273072071216
301,0,0.6220402248601098,0.5288191701169824,0.6808944900149172,-0.7397935782832411,0.8376126282601964,-0.37080245936673006,1.0776623317783047,-0.4593557983098789,0.6793843373546599,-0.22350482616622408,1.0670746891760068,0.07374055777264124,-1.0498734598407715,-0.6290399469797262,0.7293672462611929,0.770728888875189,1.0009116622715322,-0.7118067278439237,0.717487443753069,-0.17576362110163685,0.9985178224406944,-0.608696907879764,0.639367523320949,-0.4121266265734292,0.9184640746839221,0.6073391610430294,-0.9906252754466415,-0.9399105976846285,-0.08816148186511943,0.07400127703219367,0.025597228480370816,-0.003998121491329864,0.056058419436416665,-0.04980751941703265,-0.06193918122074125,-0.001160682198728552,0.008003362806669367,0.01676510199098834,-0.04733390966393993,-0.11857746739341961,-0.03808811853907729,0.04974212636108751
302,0,0.6795368434677395,1.9769345091658255,0.878832572595905,-0.7470628900856516,1.0778629972708094,-0.4229492751948166,1.662643487751979,-0.5289967302336798,0.43928345315821843,-0.802505771215861,0.618742186321305,0.6666278947397393,-1.3461143818113328,-0.8675199286825274,0.7370334620755435,0.9346865437370674,1.0109640151565338,-0.7325242664808141,0.7495208262880603,-0.19930279123708497,1.0053999536874445,-0.5963162977599841,0.6233607977079743,-0.43332785520808387,0.8448732415460194,0.7259166284364491,-1.0117853413016824,-0.9574790933781184,0.00766621581435063,0.16395765486187835,0.010052352885001736,-0.02071753863689041,0.032033382534991175,-0.023539170135448092,0.006882131246750123,0.012380610119779988,-0.016006725612974775,-0.021201228634654668,-0.07359083313790271,0.11857746739341961,-0.021160065855040953,-0.01756849569348986
303,0,1.6186482807265636,1.364562545223872,0.914067623945418,-0.7179856428759686,0.5973622592459417,-0.31134534225444915,0.9056090506095885,-0.6179823654695792,0.9995188496141554,-0.4464633990360739,1.1849629170182574,1.8524025686739354,-1.0498734598407715,-0.5316723804856827,0.7772810951009061,0.9670526053548449,0.9655729784180643,-0.7390666471029876,0.7254957893866347,-0.22108748906429804,0.9847535599471989,-0.628428505258167,0.7033944257728482,-0.4479613119287409,0.8820258951690374,0.7852053621331588,-1.024481380814708,-0.9504940288252834,0.04024763302536263,0.03236606161777755,-0.04539103673846958,-0.006542380622173527,-0.02402503690142548,-0.021784697827213075,-0.02064639374024545,-0.032112207498182915,0.08003362806487388,-0.014633456720657013,0.037152653623018006,0.0592887336967098,-0.012696039513025758,0.0069850645528349185
304,0,0.7945300806832168,0.7856203162861987,1.395958767401772,-0.8561025671218908,0.6774457155852405,-0.3854230619353848,0.802377081908349,-0.4903073236093508,0.6793843373546599,-0.3617737085661139,1.2010385844512887,1.2595152317068374,-0.880592933000408,-1.4940590522094184,0.8060294044047428,1.0334562153406124,0.9496135728068189,-0.731070404120328,0.717487443753069,-0.21811463320867955,0.9469018380900796,-0.6191430476683297,0.679384337353568,-0.4373030855770789,0.9125696632918064,0.8444940958298688,-0.9271450778815126,-0.9809037543027707,0.02874830930383666,0.0664036099857674,-0.015959405611245158,0.00799624298265974,-0.008008345633565717,0.002972855855618478,-0.037851721857119526,0.009285457589837199,-0.024010088419280186,0.010658226351661882,0.03054376812276899,0.05928873369670982,0.09733630293319553,-0.030409725477487236
305,0,0.29622605274999,0.8585579199318937,0.7482556175948255,-0.5362528478155424,0.9176960845958535,-0.39127130296277574,0.6303238007396083,-0.7843468139541806,0.519317081224912,-0.2937915080528077,0.9491864613337243,0.6666278947397393,-0.03419029879874035,-1.10811659661348,0.7542824476578325,1.039686302318683,0.9020462534849953,-0.7074451407624733,0.789562554456617,-0.25237557856109677,0.9090501162329574,-0.6404222213117085,0.6713809745472625,-0.43701502540541143,0.9502581724959276,0.8444940958298688,-0.9483051437365564,-0.9515523719393493,-0.05174695674691034,0.006230086978070792,-0.04756731932182366,0.023625263357854576,0.07207511070354808,-0.03426094535241722,-0.03785172185712197,-0.021279173643378734,-0.008003362806305415,0.0002880601716675257,0.037688509204121166,0.0,-0.021160065855043948,0.029351382363421497
306,0,0.4687159085728792,0.9542885247168467,1.6021874503003048,-0.8306599758134542,0.7575291719208976,-0.02429417849093434,1.0432516755445664,-0.7030990600430942,0.8394515934844077,-0.377328957836129,0.6937619676754616,1.2595152317068374,-0.6266721427399228,-1.4608976346353617,0.7983631885903704,1.0367991888410404,0.9641221233624933,-0.7019931569106614,0.8055792457241127,-0.2571516420668378,0.9709892974536988,-0.6369401747155184,0.6633776117409572,-0.43211800248708443,0.9325749383195868,0.8444940958298688,-0.9186810515394974,-1.0238724847338383,0.04408074093253793,-0.002887113477642811,0.06207586987749786,0.005451983851811959,0.016016691267495598,-0.004776063505741035,0.06193918122074127,0.003482046596190047,-0.008003362806305403,0.004897022918327026,-0.017683234176340778,0.0,0.029624092197059117,-0.07232011279448923
307,0,-0.31707121239871433,0.6397451089948087,0.6529137139432589,-0.5180795683095163,0.7575291719208976,-0.021370057977150213,1.0432516755445664,-0.4593557983098789,0.9995188496141554,-0.27074669431951015,0.4937092173976577,0.6666278947397393,-1.1768338549709991,-1.1052943483092865,0.6450388723032052,0.9377256105556422,0.9745890062633734,-0.696177707468729,0.8215959369916084,-0.23668279847079213,0.9916356911939467,-0.6141134248071684,0.6713809745476265,-0.4250893342984209,0.9472216575363515,0.8444940958298688,-0.944073130565546,-1.0799646697793204,-0.15332431628716517,-0.09907357828539828,0.010466882900880159,0.0058154494419324744,0.016016691267495598,0.02046884359604567,0.020646393740247914,0.022826749908350125,0.008003362806669367,0.0070286681886636004,0.01464671921676467,0.0,-0.02539207902604852,-0.05609218504548199
308,0,1.0053510155780772,1.0393823956368127,1.8042708330400767,-0.576234062728841,1.0778629972708094,-0.0876501229548388,0.9400197068433268,-0.5754240181828657,0.43928345315821843,-0.34564233895280566,0.28472554076818735,0.6666278947397393,-1.1768338549709991,-1.246406763518044,0.6622878578855159,0.9618861917632764,1.0997770710580592,-0.6845468085848598,0.837612628259104,-0.2617814995468896,0.9709892974536988,-0.5897390986338469,0.6633776117409571,-0.38406956585311464,0.8797038543175946,0.8444940958298688,-1.003321314959664,-1.1275195537046723,0.017248985582310715,0.024160581207634303,0.12518806479468586,0.0116308988838691,0.016016691267495588,-0.0250987010760975,-0.020646393740247914,0.024374326173321536,-0.008003362806669361,0.041019768445306234,-0.06751780321875685,0.0,-0.05924818439411823,-0.0475548839253518
309,0,1.2736685690805671,0.5728856389862493,1.8623050352627735,-0.797948072702566,0.6774457155852405,-0.29623738626691903,1.112072988012043,-0.7340505853425661,0.43928345315821843,-0.4597141669327069,1.0367095395802457,0.6666278947397393,-1.261474118391181,-1.034032578628878,0.763865217425749,0.8886446814357282,1.2306649235710458,-0.6896353268465514,0.8215959369916084,-0.2663138863431575,0.9813124943238203,-0.6028934968861168,0.6473708861279823,-0.3961104810287691,0.8350492225591578,0.9037828295265786,-0.9610011832495793,-1.0468032522052613,0.10157735954023303,-0.07324151032754826,0.13088785251298654,-0.005088518261691433,-0.016016691267495598,-0.0045323867962678895,0.01032319687012151,-0.013154398252270083,-0.016006725612974775,-0.012040915175654499,-0.04465463175843685,0.059288733696709804,0.042320131710084884,0.08071630149941098
310,0,1.2161719504729374,-0.09266999428067402,0.7461829675154451,-0.5835033745312515,0.3571118902353287,-0.01795858404449071,1.1808943004795442,-0.5870308401701513,1.1595861057439032,-0.42860366839272906,1.426097928513822,0.07374055777264124,-0.8382728012903321,-1.6662161987641062,0.7657817713793367,0.8628126134778815,1.1285869071614696,-0.6903622580267924,0.7735458631891214,-0.23293017714484895,1.0398106099211877,-0.5939949333625225,0.7194011513865508,-0.4010075039470961,0.8956009032235958,0.785205362133159,-0.944073130565546,-1.1143255428826513,0.0019165539535876519,-0.025832067957846556,-0.10207801640957621,-0.0007269311802410416,-0.04805007380248678,0.033383709198308575,0.05849811559736743,0.008898563523594338,0.07203026525856848,-0.004897022918327032,0.06055168066443798,-0.11857746739341961,0.016928052684033357,-0.06752229067739002
311,0,0.9861854760422006,2.0620283800857915,1.1182236567645703,-0.619849933543345,0.7575291719208976,-0.39322071663863184,1.2841262691807838,-0.8307741019033665,0.9995188496141554,-0.4971619892493808,0.6651830033500656,0.6666278947397393,-0.9229130647105139,-0.6226898882953217,0.8021962964975456,1.0161335344747624,1.172319823836435,-0.6783678935528027,0.7655375175551916,-0.23517200287203913,1.0604570036614356,-0.6311367637218713,0.7514146026125005,-0.4283732202554118,0.8554117346410017,0.8444940958298688,-0.93137709105252,-1.1136905370142107,0.036414525118209085,0.1533209209968809,0.0437329166749653,0.011994364473989605,-0.00800834563392988,-0.0022418257271901777,0.020646393740247904,-0.03714183035934877,0.03201345122594955,-0.027365716308315673,-0.040189168582594116,0.059288733696709804,0.012696039513025758,0.0006350058684404525
312,0,2.366104322626404,1.180699002700351,1.2197835106543014,-0.8561025671218908,0.8376126282601964,-0.31524416960607266,1.5938221752844777,-0.865594567865267,0.759417965417714,-0.6452249174859351,1.433242669595187,1.2595152317068374,-1.980916357462621,-1.4947646142854856,0.9708530444134122,0.936509983828215,1.2064149176422745,-0.6892718612564267,0.7415124806541303,-0.2244014923131647,1.0535748724146854,-0.6647965474850299,0.7834280538384499,-0.4126451348824192,0.9368617829683898,0.9037828295265786,-0.9948572886176489,-1.1764150055745066,0.16865674791586643,-0.07962355064654744,0.03409509380583964,-0.010903967703623918,-0.02402503690106129,0.010770510558874397,-0.006882131246750123,-0.03365978376315872,0.032013451225949556,0.015728085372992584,0.0814500483273882,0.05928873369670982,-0.06348019756512882,-0.06272446856029582
313,0,0.967019936506324,1.9617391750729867,0.9068133486675631,-0.7434282341844464,0.5973622592459417,-0.3527703828655045,1.4217688941157616,-0.5715550775203933,0.8394515934844077,-0.5438277370593214,1.5725651206815006,2.4452899056410335,-0.7113124061600745,-1.7452391512810286,0.9056902099913883,0.9962276468131265,1.205689490114489,-0.6918161203872744,0.7415124806541303,-0.22854399637427028,1.1051908567653028,-0.6601538186901114,0.7674213282254752,-0.42238156868474397,0.975622003334714,0.9630715632232884,-0.9610011832495792,-1.2977716826540413,-0.06516283442202396,0.059717662984911456,-0.0007254275277854827,-0.0025442591308477815,0.0,-0.004142504061105534,0.0516159843506173,0.004642728794918593,-0.01600672561297477,-0.009736433802324751,0.038760220366324316,0.05928873369670982,0.0338561053680697,-0.1213566770795346
314,0,0.9286888574343529,0.9056634556197283,0.6922940654515091,-0.827025319912249,0.5973622592459417,-0.42246192177585257,1.318536925414522,-0.6025066028198652,0.8394515934844077,-0.6417681954259667,0.6062388894289402,1.8524025686739354,-2.1925170160130305,-1.5949544290836979,0.9191060876665018,1.0082319607464794,1.1353230199194626,-0.6889083956663102,0.7335041350202005,-0.23224788235831703,1.15680684111592,-0.6713737466111629,0.7834280538384499,-0.4503810173707293,0.9161420338324792,1.022360296919998,-1.0921935915508416,-1.307861220341469,0.013415877675113607,0.012004313933352962,-0.07036647019502629,0.0029077247209641777,-0.00800834563392988,-0.0037038859840467786,0.0516159843506173,-0.011219927921051443,0.01600672561297478,-0.027999448685985286,-0.05947996950223485,0.0592887336967098,-0.13119240830126225,-0.010089537687427952
315,0,1.599482741190687,0.0015410770949951507,1.8965037615725964,-0.9178917174424621,0.9977795409351523,-0.23190673496508654,1.9035180813881962,-0.7650021106419941,0.9995188496141554,-0.5253918860726834,1.025992427958246,1.8524025686739354,-1.1768338549709991,-0.9839376712297594,1.0494317565105715,0.9225302764627896,1.2501478343172399,-0.7270722826290023,0.7415124806541303,-0.2163114255585481,1.2841262691807789,-0.6694392762799442,0.8314482306773743,-0.4735410551727169,0.9238226304949315,1.1409377643134178,-1.2064579471680674,-1.295443327803097,0.13032566884406968,-0.08570168428368985,0.11482481439777707,-0.038163886962691976,0.00800834563392988,0.01593645679976892,0.1273194280648588,0.0019344703312186517,0.04802017683892433,-0.02316003780198757,0.007680596662452166,0.11857746739341961,-0.11426435561722588,0.012417892538372065
316,0,1.062847634185707,0.2522640896270759,2.2074012734799306,-0.4526557620877397,0.6774457155852405,-0.051098616533335,1.318536925414522,-0.7766089326293236,1.0795524776772096,-0.5634158287326504,0.6258869274026382,0.6666278947397393,-1.1345137232609233,-1.6633939504599375,1.1088449290718543,0.8523278329538126,1.3106692166352025,-0.6892718612564308,0.7335041350205647,-0.2189918693627882,1.3116547941677745,-0.6767902635385672,0.8554583190966545,-0.492149742262369,0.9170351264676491,1.081649030616708,-1.2572421052201674,-1.3156929593855546,0.05941317256128278,-0.07020244350897707,0.06052138231796258,0.03780042137257145,-0.008008345633565717,-0.002680443804240066,0.02752852498699556,-0.007350987258622943,0.024010088419280196,-0.01860868708965214,-0.006787504027282343,-0.05928873369670982,-0.05078415805210005,-0.020249631582457583
317,0,0.23872943414236023,1.2171678045231984,0.7814180188649581,-0.6561964925554385,1.0778629972708094,-0.2655341208728062,1.008841019310828,-0.7766089326293236,0.5993507092879662,-0.6083532155126068,1.6583020136576887,1.2595152317068374,-0.37275135247940744,-1.0932997930165447,1.1644249937259619,0.9100701025066515,1.3235196471273725,-0.7030835536810229,0.7655375175555558,-0.24340827565235376,1.3082137285444007,-0.7085155769705116,0.8154415050640356,-0.5259103943816786,1.0334944060936522,1.1409377643134178,-1.1768338549710082,-1.3144935038562804,0.055580064654107454,0.05774226955283897,0.012850430492169917,-0.013811692424592226,0.032033382534991175,-0.0244164062895656,-0.0034410656233738513,-0.03172531343194447,-0.04001681403261892,-0.03376065211930966,0.11645927962600311,0.05928873369670982,0.08040825024915917,0.001199455529274185
318,0,1.3119996481523204,0.9998745269953974,1.7265464550632432,-0.797948072702566,0.8376126282601964,-0.35374508970343255,1.112072988012043,-0.7495263479922801,0.5993507092879662,-0.6388875937092915,1.0831503566090381,1.2595152317068374,-0.8382728012903321,-0.9042091566368199,1.195089856983386,0.90611931564251,1.315747209329689,-0.7252549546783955,0.7415124806544946,-0.27001777232721313,1.3254190566612722,-0.7259258099514531,0.8314482306770105,-0.5552349198573272,1.1133368876777374,1.2002264980101276,-1.1429777496029414,-1.2802737431681581,0.030664863257424325,-0.003950786864141531,-0.007772437797683352,-0.02217140099737249,-0.02402503690106129,-0.026609496674859373,0.017205328116871622,-0.017410232980941444,0.016006725612974775,-0.029324525475648584,0.07984248158408508,0.05928873369670982,0.0338561053680667,0.034219760688122415
319,0,0.7561990016114637,0.09879121528926661,1.550371198315749,-0.9724115559605817,0.8376126282601964,-0.5350405615540594,1.0432516755445664,-0.8152983392536085,1.1595861057439032,-0.657899565039275,1.2742721805351438,0.6666278947397393,-1.4730747769415904,-1.301440605449483,1.1433429002364757,0.8587098732728118,1.2845538256349864,-0.742701303004197,0.7575291719219901,-0.2938980898559272,1.3185369254145245,-0.7340505853425573,0.9034784959355788,-0.575053459667984,1.1370931517732272,1.2002264980101276,-1.1641378154579824,-1.3070145458502185,-0.05174695674691034,-0.047409442369698275,-0.031193383694702436,-0.017446348325801574,0.016016691267495598,-0.02388031752871404,-0.006882131246747658,-0.008124775391104243,0.07203026525856848,-0.019818539810656816,0.02375626409548981,0.0,-0.021160065855040933,-0.026740802682060492
320,0,0.6028746853242332,0.17780695257209705,1.8757772607787693,-0.8197560081097972,1.3181133662850641,-0.2762558960898374,1.112072988012043,-0.5599482555331078,1.1595861057439032,-0.7109026366259117,1.426097928513822,1.8524025686739354,-1.3461143818113328,-1.5279260318595422,1.0820131737216054,0.8857575679580888,1.397513254961319,-0.7663265663620515,0.8536293195269637,-0.3197278210604618,1.3116547941677745,-0.7313423268788529,0.9034784959355788,-0.6032833564913023,1.137093151773227,1.378092699100257,-1.2149219735100825,-1.293185529159762,-0.06132972651487042,0.027047694685277106,0.11295942932633243,-0.023625263357854576,0.09610014760497354,-0.025829731204534672,-0.006882131246750123,0.0027082584637043495,0.0,-0.02822989682331826,0.0,0.1778662010901294,-0.05078415805210007,0.013829016690456396
321,0,1.1203442527933367,1.1548669347424905,1.0860975805341277,-0.932430341047283,0.9176960845958535,-0.2650467674538422,1.6282328315182406,-0.7533952886547086,0.759417965417714,-0.41765738186942586,1.0206338721472143,1.2595152317068374,-2.3194774111432883,-1.2830959914723366,1.0954290513967189,0.7950414234237587,1.3943006473382746,-0.7975846071124455,0.8696460107944592,-0.30691042614198294,1.3460654504015201,-0.7236044455539872,0.8794684075159347,-0.5953328957533068,1.172638238652942,1.437381432796967,-1.35457840815336,-1.3592261394774634,0.013415877675113607,-0.0907161445343301,-0.00321260762304425,-0.03125804075039379,0.016016691267495588,0.012817394918478964,0.03441065623374569,0.007737881324865792,-0.024010088419644138,0.007950460737995496,0.035545086879714874,0.05928873369670982,-0.13965643464327743,-0.06604061031770149
322,0,0.44955036903700263,0.8190500512904784,1.241546336487795,-0.8633718789243012,0.7575291719208976,-0.8050343556542767,2.350856612426868,-0.7688710513044665,0.9194852215474617,-0.6325502699325953,1.7083152012271474,1.2595152317068374,-1.0075533281306657,-1.1793783662938886,0.9037736560377787,0.7588765282827714,1.3964769299216242,-0.7983115382926864,0.8616376651605293,-0.3558894447468033,1.421768894115759,-0.7139320938979071,0.8954751331289096,-0.5940654309979728,1.200145491816138,1.4373814327969667,-1.2572421052201643,-1.327687514678304,-0.1916553953589401,-0.036164895140987266,0.0021762825833493648,-0.0007269311802410416,-0.00800834563392988,-0.04897901860482041,0.07570344371423905,0.009672351656080047,0.01600672561297477,0.00126746475533398,0.027507253163196042,0.0,0.09733630293319553,0.0315386247991597
323,0,2.0211246109804075,0.8676751203875969,1.8032345080003866,-0.8742758466279582,1.398196822624363,-0.45121577349410935,1.6282328315182406,-0.6179823654695792,0.6793843373546599,-0.5179023216093486,1.6207921229805944,1.2595152317068374,-1.0498734598407715,-1.6337603432660917,1.009184123485187,0.6494701228142323,1.4861190458549065,-0.8113962995370377,0.9417211214983716,-0.3657339838096638,1.442415287856007,-0.7185748226928257,0.8794684075159347,-0.5914728894529755,1.2049681920460473,1.318803965403547,-1.2910982105882343,-1.3165396338768103,0.10541046744740834,-0.109406405468539,0.08964211593328235,-0.013084761244351184,0.08008345633784214,-0.009844539062860485,0.020646393740247904,-0.004642728794918593,-0.01600672561297478,0.0025925415449972846,0.004822700229909382,-0.11857746739341961,-0.0338561053680697,0.011147880801493693
324,0,1.8486347551573004,1.8963992384737112,1.2125292353764467,-0.8779105025291634,1.1579464536101083,-0.32791535849887127,1.8002861126869567,-0.8152983392536085,1.319653361873651,-0.672302573622599,1.1278049883674655,1.2595152317068374,-1.6423553037819238,-1.065077309974808,1.101178713257482,0.7485437010996308,1.5381425628474001,-0.8164848177987292,0.9977795409347883,-0.35627932748196567,1.4905902065832506,-0.7398539963362001,0.927488584354859,-0.5945263272726388,1.2571248019399,1.2595152317068374,-1.2360820393651235,-1.2635519219659213,0.09199458977229474,0.09907357828539828,0.05202351699249377,-0.005088518261691433,0.056058419436416665,0.00945465632769813,0.048174918727243464,-0.021279173643374328,0.04802017683892433,-0.0030534378196632296,0.052156609893852526,-0.0592887336967098,0.055016171223110664,0.05298771191088898
325,0,1.2545030295446906,0.1975608868927874,1.143095457717158,-0.8052173845049764,0.5973622592459417,-0.11981544860575505,1.2497156129470453,-0.7108369413679512,0.8394515934844077,-0.4556813245293929,1.588640788114532,1.8524025686739354,-1.1768338549709991,-0.6438567505766366,1.066680742092882,0.7681456820794099,1.4628017324618563,-0.8052173845049806,0.9577378127658671,-0.3450701988460325,1.4252099597391354,-0.7344374794087958,0.9114818587418843,-0.5875552711183097,1.3133896379555285,1.2595152317068374,-1.2360820393651235,-1.2295438299006087,-0.03449797116459963,0.019601980979779225,-0.07534083038554384,0.011267433293748574,-0.04004172816892106,0.011209128635933149,-0.0653802468441151,0.005416516927404291,-0.01600672561297477,0.006971056154329048,0.056264836015628594,0.0,0.0,0.03400809206531228
326,0,1.503655043511304,0.6123935076276645,1.5721340241492663,-0.9033530938375999,1.3181133662850641,-0.30306033413223804,1.4561795503494999,-0.6798854160685232,1.319653361873651,-0.5104127571460138,1.7333217950118769,2.4452899056410335,-1.4307546452315145,-1.5900154945513776,1.110761483025442,0.8041586238794688,1.3992750075287899,-0.8502871176799666,1.0218045778358493,-0.3702663706059228,1.4389742222326334,-0.7247651277527157,0.9354919471615284,-0.582254963959646,1.4241331247164521,1.437381432796967,-1.2657061315621825,-1.222205984309753,0.04408074093255972,0.03601294180005886,-0.06352672493306644,-0.04506973317498601,0.06406676506998236,-0.025196171759890307,0.01376426249349778,0.009672351656080047,0.024010088419644138,0.005300307158663664,0.11074348676092387,0.17786620109012943,-0.029624092197059127,0.007337845590855996
327,0,0.8520266992908466,1.7018989620852027,1.8270699839132842,-0.736158922382036,0.9176960845958535,-0.04914920285756756,1.3529475816482603,-0.8385119832282235,0.9995188496141554,-0.7904072440058666,1.3046373301308731,0.6666278947397393,-1.7269955672021058,-1.4771255623843815,1.1720912095402904,0.8526317396356692,1.5038402040336225,-0.8582833606626263,1.0057878865683538,-0.34862787880439894,1.4733848784663763,-0.7309554328126058,0.9755087611941473,-0.600460366808972,1.3887666563637708,1.378092699100257,-1.4011305530344524,-1.2605885612465366,0.06132972651484864,0.04847311575620043,0.1045651965048326,-0.00799624298265974,-0.016016691267495588,0.021638491801523864,0.034410656233743245,-0.006190305059889989,0.04001681403261892,-0.01820540284932598,-0.035366468352681556,-0.05928873369670982,-0.13542442147226982,-0.03838257693678369
328,0,1.5611516621189339,1.233882672025321,1.9649012141921949,-0.6780044279626698,0.7575291719208976,-0.18901963409713912,1.2497156129470453,-0.8926771525022664,0.5993507092879662,-0.4798783789493815,0.7134100056491912,1.2595152317068374,-1.2191539866811052,-1.7501780858133238,1.197006410936952,0.8760325541386615,1.5276756799465177,-0.8462889961886366,0.9977795409344239,-0.3321553332437696,1.4871491409598767,-0.7452705132636043,0.9755087611941473,-0.584559445332981,1.351792621267786,1.378092699100257,-1.4392186715735298,-1.345185454164187,0.024915201396661348,0.023400814502992372,0.023835475912895164,0.011994364473989615,-0.00800834563392988,0.016472545560629343,0.013764262493500223,-0.01431508045099863,0.0,0.015900921475991,-0.036974035095984695,0.0,-0.03808811853907731,-0.0845968929176504
329,0,1.0245165551139537,1.452695482962406,2.10791406966958,-0.9215263733436673,0.7575291719208976,-0.3834736482595287,1.9379287376219347,-0.6953611787182371,0.9194852215474617,-0.4602902872760524,1.5493447121671045,0.07374055777264124,-1.600035172071848,-1.0283880820205156,1.2238381662872009,1.0114229809059756,1.583429967081901,-0.8412004779269452,0.9897711953004942,-0.3169986419143166,1.5766168471676134,-0.7332767972100671,0.9514986727745031,-0.5647985175566588,1.3792998744309821,1.3188039654035473,-1.4519147110865556,-1.3178802018212903,0.026831755350249,0.13539042676731392,0.055754287135383086,0.005088518261691444,-0.00800834563392988,0.015156691329453076,0.08946770620773684,0.01199371605353714,-0.024010088419644148,0.01976092777632226,0.027507253163196067,-0.059288733696709804,-0.012696039513025758,0.027305252342896734
330,0,1.4844895039754276,1.4922033516038211,2.227091449234044,-0.8960837820351895,1.1579464536101083,-0.004312688313852692,1.146483644245806,-0.8578566865403661,1.2396197338069572,-0.3398811355194551,1.490400598245979,1.8524025686739354,-1.6423553037819238,-0.5641282359836972,1.3119996481523202,1.142862620809148,1.6185613859274284,-0.8488332553194844,0.9737545040329986,-0.2898043211367181,1.58005791279099,-0.763067640310793,0.9595020355808085,-0.5276963674460131,1.3857301414041978,1.318803965403547,-1.4815388032836148,-1.2215004222337058,0.08816148186511943,0.1314396399031724,0.035131418845527465,-0.007632777392539225,-0.016016691267495588,0.027194320777598473,0.003441065623376294,-0.029790843100725828,0.008003362806305403,0.03710215011064566,0.0064302669732156925,0.0,-0.029624092197059103,0.09637977958758451
331,0,1.3694962667599502,0.4102955641927368,2.579441962729032,-0.7906787609001555,0.9176960845958535,0.029802051012919644,1.4217688941157616,-0.6450649501066227,1.0795524776772096,-0.5697531525093465,1.3135682564825713,0.07374055777264124,-1.2191539866811052,-1.5321594043157953,1.3369148495489818,1.0684054837541725,1.7678958241469185,-0.8346580973047718,0.9737545040329986,-0.26031943929004187,1.559411519050742,-0.7522346064559844,0.9915154868067582,-0.5429059445100052,1.4150235798377335,1.2002264980101276,-1.3715064608373964,-1.2464067635180516,0.024915201396661348,-0.07445713705497536,0.14933443821949044,0.014175158014712742,0.0,0.029484881846676185,-0.020646393740247904,0.010833033854808594,0.03201345122594956,-0.015209577063992069,0.02929343843353569,-0.11857746739341961,0.11003234244621832,-0.02490634128434588
332,0,1.3119996481523204,1.9845321762122448,1.9493563385968422,-1.1396057274161457,1.0778629972708094,-0.5813391363546664,1.7314648002194557,-0.8230362205785096,0.759417965417714,-0.5887651238393301,1.2206866224250184,1.2595152317068374,-1.557715040361772,-2.273705146237834,1.4231597774605136,1.1849536962463492,1.8386768243578235,-0.8622814821539562,1.00578788656799,-0.23794991736008084,1.4974723378300008,-0.7576511233833887,0.9755087611937832,-0.5385274299006786,1.3662607219575205,1.2002264980101276,-1.426522632060507,-1.3558394415124462,0.08624492791153178,0.11654821249217664,0.07078100021090472,-0.027623384849184453,0.032033382534991175,0.022369521929961035,-0.06193918122074125,-0.005416516927404302,-0.01600672561297477,0.004378514609326522,-0.04876285788021291,0.0,-0.055016171223110644,-0.10943267799439453
333,1,0.5262125271807269,0.5272996367076986,1.7866533073653204,-0.9542382764545143,1.0778629972708094,-0.16270254947370247,2.006750050089436,-0.834643042565795,0.9995188496141554,-0.423418585302724,1.2867754774275084,1.8524025686739354,-1.4730747769415904,-1.8101508622770577,1.2736685690805456,1.1509161478783594,1.837018704294317,-0.8702777251366118,0.9737545040326344,-0.20909859495804017,1.53532405968712,-0.7793171910930103,1.007522212419733,-0.5290790562700163,1.332859057402212,1.2595152317068374,-1.4688427637705888,-1.373478493413543,-0.14949120837996807,-0.03403754836798982,-0.0016581200635066295,-0.00799624298265561,-0.03203338253535537,0.02885132240204069,0.03785172185711953,-0.021666067709621584,0.03201345122594955,0.009448373630662454,-0.033401664555308595,0.0592887336967098,-0.042320131710081886,-0.017639051901096603
334,1,3.0560637459186144,2.0817823144065164,1.7255101300235531,-0.8088520404061816,0.9176960845958535,-0.9278474172304622,2.006750050089436,-0.9661870250884959,1.319653361873651,-0.6636607684725732,1.233189919317383,1.2595152317068374,-1.6423553037819238,-1.609065670604566,1.3944114681566768,1.16945445547164,1.8883167937590275,-0.8633718789243137,0.9497294671312089,-0.26909180083119927,1.5559704534273682,-0.794406059676499,1.0075222124197327,-0.5282148757550136,1.3433975504972038,1.2595152317068374,-1.4688427637705888,-1.4278773294765186,0.12074289907613141,0.018538307593280522,0.051298089464710636,0.006905846212298172,-0.02402503690142548,-0.05999320587315908,0.020646393740247924,-0.015088868583488735,0.0,0.0008641805150025883,0.010538493094991752,0.0,0.0,-0.0543988360629758
335,1,1.1586753318650898,0.4665183003362746,1.5576254735936037,-0.9687769000593764,1.1579464536101083,-0.07059275329145263,1.5938221752844777,-0.7069680007055227,1.0795524776772096,-0.45164848212607894,0.9438279055227244,1.8524025686739354,-1.1345137232609233,-1.0220380233361361,1.3848286983887168,1.1963501968159886,1.929769795346672,-0.8797278304797537,1.0057878865676257,-0.264169531299769,1.5903811096611116,-0.7940191656102561,1.0315323008390131,-0.5278115915146822,1.278916262238023,1.2595152317068374,-1.4646107505995811,-1.4656954567524685,-0.009582769767960086,0.026895741344348724,0.041453001587644575,-0.016355951555440007,0.056058419436416665,0.004922269531430242,0.034410656233743245,0.0003868940662428488,0.024010088419280196,0.0004032842403313974,-0.06448128825918074,0.0,0.004232013171007587,-0.03781812727594995
336,1,3.113560364526462,2.33554439375713,2.1421127959793793,-0.9542382764545143,1.398196822624363,-0.6135044620055826,1.6970541439857172,-0.6411960094441942,0.9995188496141554,-0.8220938628891377,1.5064762656790103,1.2595152317068374,-0.9652331964205898,-1.4235028446050522,1.5458192304902325,1.3686652854289352,1.9867676725296834,-0.884816348741445,1.0137962322015555,-0.29521394408710344,1.6144685690247331,-0.7901502249478234,0.9995188496130634,-0.5589797020889946,1.2562317093047364,1.1409377643134178,-1.4180586057184887,-1.449044191757836,0.1609905321015158,0.17231508861294656,0.0569978771830113,-0.005088518261691444,0.008008345633929891,-0.03104441278733446,0.024087459363621732,0.003868940662432896,-0.03201345122594956,-0.03116811057431239,-0.02268455293328666,-0.11857746739341961,0.04655214488109247,0.016651264994632542
337,1,2.461932020306005,1.3159374761267537,1.6198049759750612,-0.797948072702566,1.47828027896002,-0.2933132657532236,1.4561795503494999,-0.81142939859118,1.0795524776772096,-0.5864606424660004,0.9402555349820262,0.6666278947397393,-1.980916357462621,-0.8463530664012124,1.7068097625917484,1.3300691368330901,1.966041171735861,-0.8909952637734981,1.069854651637972,-0.3196303503766691,1.624791765894857,-0.787441966484119,1.007522212419369,-0.538585041935008,1.2197935297898517,1.1409377643134178,-1.4434506847445403,-1.385966942159519,0.16099053210151584,-0.038596148595844905,-0.0207265007938223,-0.006178915032053001,0.05605841943641665,-0.024416406289565602,0.010323196870123952,0.0027082584637043495,0.008003362806305425,0.02039466015398662,-0.03643817951488469,0.0,-0.025392079026051517,0.06307724959831691
338,1,1.9636279923727777,1.5286721534266685,1.7006383290709655,-0.6125806217409345,1.3181133662850641,-0.2606605866833433,2.0755713625569125,-1.0629105416492963,1.0795524776772096,-0.7771564761091813,1.4511045222985515,1.2595152317068374,-2.0655566208827727,-1.812267548505184,1.747057395617133,1.359548084973225,1.9396148832237383,-0.8844528831513244,1.1259130710743888,-0.3267944456352895,1.7073773408558437,-0.8044653053988219,1.0555423892582934,-0.5683128516509879,1.2935629814547878,1.1409377643134178,-1.528090948164707,-1.3921758884287052,0.04024763302538439,0.029478948140134742,-0.02642628851212294,0.006542380622173527,0.05605841943641665,-0.007164095258620417,0.08258557496098673,-0.01702333891470299,0.048020176838924344,-0.029727809715979974,0.07376945166493602,0.0,-0.08464026342016676,-0.006208946269186022
339,1,2.3086077040187742,0.10790841574496984,1.3576147409332122,-0.7179856428759686,1.47828027896002,-0.5623323530154242,1.869107425154458,-0.7185748226928081,1.2396197338069572,-0.39806929019609677,1.1510253968818616,1.2595152317068374,-2.40411767456344,-1.5321594043157953,1.8754665105076147,1.2250693782514814,1.864584950350101,-0.8640988101045546,1.197988181778301,-0.344680316110879,1.700495209609096,-0.806786669796279,1.087555840484243,-0.5620907519429924,1.2537310499262635,1.2595152317068374,-1.6084991984138661,-1.442553020658233,0.12840911489048207,-0.1344787067217436,-0.07502993287363677,0.020354073046769873,0.07207511070391223,-0.01788587047558955,-0.00688213124674768,-0.002321364397457104,0.03201345122594955,0.006222099707995565,-0.03983193152852429,0.11857746739341961,-0.08040825024915921,-0.05037713222952798
340,1,1.6953104388702878,0.06688101369427076,1.6374225016498178,-1.2050295336379222,1.398196822624363,-0.25237557856113224,2.350856612426868,-0.9391044404514525,1.959922386392642,-0.8612700462357957,1.331430109185936,2.4452899056410335,-1.7693156989121817,-1.9103406770752698,1.896548603997101,1.0825371444605263,1.805618055591679,-0.8949933852648279,1.2220132186797263,-0.369486605135607,1.8209325064272022,-0.8149114451873878,1.1595861057428114,-0.6142296430146265,1.237834001020259,1.318803965403547,-1.621195237926892,-1.5771742647673903,0.02108209348948602,-0.14253223379095503,-0.05896689475842261,-0.030894575160273274,0.02402503690142548,-0.024806289024727955,0.12043729681810622,-0.008124775391108641,0.07203026525856848,-0.052138891071634066,-0.015897048906004296,0.05928873369670982,-0.01269603951302578,-0.13462124410915727
341,1,1.0436820946498304,1.5757776891145032,1.0135548277557687,-0.8815451584303686,1.0778629972708094,-0.4536525405888408,2.729373830998088,-0.8926771525022664,1.4797206180033988,-0.4510723617827334,1.9440916569116806,1.2595152317068374,-1.8539559623323634,-1.798861869060358,1.8639671867860887,1.1990853569527031,1.6490293420943523,-0.9040800250178492,1.238029909947222,-0.417832064295783,1.951693000115435,-0.839672665426952,1.19960291977543,-0.602361563941965,1.3008863410631701,1.437381432796967,-1.684675435492018,-1.6038445112418465,-0.03258141721101197,0.11654821249217664,-0.15658871349732634,-0.009086639753021309,0.016016691267495588,-0.048345459160176046,0.13076049368823264,-0.024761220239564376,0.04001681403261892,0.011868079072661315,0.06305234004291094,0.11857746739341961,-0.06348019756512582,-0.02667024647445626
342,1,0.21956389460626574,1.2597147399831814,1.7814716821668695,-1.1904909100331014,1.0778629972708094,0.0254158702423321,2.5917312060630855,-1.0010074910503524,1.0795524776772096,-0.7598728658091819,1.5511308974374376,1.2595152317068374,-1.8962760940424392,-1.2555790705066172,1.7547236114314835,1.1266036133297967,1.632240876451355,-0.9091685432795448,1.238029909947222,-0.3571565636360832,2.037719640699798,-0.8574697924741363,1.2316163710013797,-0.6194723381389503,1.3339307685644122,1.4373814327969667,-1.7185315408600847,-1.5020319036687249,-0.10924357535460547,-0.07248174362290634,-0.016788465642997276,-0.005088518261695563,0.0,0.060675500659699844,0.08602664058436298,-0.01779712704718428,0.03201345122594956,-0.01711077419698518,0.033044427501241924,0.0,-0.03385610536806671,0.10181260757312167
343,1,2.960236048239232,2.2747630573857407,1.8726682856596988,-0.9469689646521039,1.2380299099457652,-0.19584258196254678,1.4217688941157616,-0.9197597371393099,0.9995188496141554,-0.672302573622599,1.460035448650218,1.8524025686739354,-1.0498734598407715,-1.9519688395618575,1.998125963537334,1.301349955397601,1.640842374280793,-0.9084416120993037,1.2540466012147176,-0.3604705668849676,1.9792215251024305,-0.8659814619314877,1.2316163710013799,-0.6443607369709378,1.351256765686683,1.437381432796967,-1.6762114091500027,-1.516213701397205,0.2434023521058505,0.1747463420678042,0.008601497829437843,0.0007269311802410416,0.016016691267495588,-0.003314003248884431,-0.05849811559736744,-0.00851166945735149,0.0,-0.024888398831987502,0.017325997122270963,0.0,0.042320131710081886,-0.014181797728479984
344,1,1.8294692156214238,1.0986441985989528,1.6457131019673392,-0.8851798143315738,0.9176960845958535,-0.614479168843422,2.1099820187906753,-0.881070330514981,1.4797206180033988,-0.8290073070091792,2.188799038947912,1.8524025686739354,-1.557715040361772,-2.2638272771732186,1.875466510507615,1.2030361438168446,1.6328626714751713,-0.9160743894918429,1.2540466012147176,-0.32913374204626356,1.9895447219725544,-0.8574697924741363,1.2476230966143547,-0.6608953908245985,1.446817677649736,1.4966701664936768,-1.6677473828079876,-1.5816898620540703,-0.12265945302971906,-0.09831381158075636,-0.00797970280562139,-0.007632777392539214,0.0,0.031336824838704015,0.01032319687012393,0.00851166945735149,0.01600672561297478,-0.016534653853660607,0.0955609119630529,0.0592887336967098,0.008464026342015174,-0.06547616065686526
345,1,2.6919184947367416,2.844588085867711,2.030189691692746,-1.0814512329968209,1.558363735299319,-0.23239408838405057,2.0755713625569125,-1.0938620669487242,0.9194852215474617,-0.8923805447757736,1.6618743841983552,2.4452899056410335,-1.3461143818113328,-1.6669217608401734,2.02879082679478,1.4408431223699882,1.6801190932850858,-0.9273418227855874,1.2940883293836385,-0.3453138755555234,2.0377196406997977,-0.8961591990984565,1.2316163710013797,-0.7049685970895678,1.5186223255172988,1.5559589001903864,-1.6889074486630284,-1.646178235804474,0.1533243162871652,0.23780697855314364,0.047256421809914254,-0.011267433293744444,0.04004172816892106,-0.016180133509259793,0.048174918727243485,-0.038689406624320154,-0.016006725612974792,-0.04407320626496946,0.07180464786756308,0.05928873369670982,-0.021160065855040953,-0.06448837375040373
346,1,2.5769252575212644,1.4678908170552791,2.114132019907721,-0.950603620553309,1.0778629972708094,-0.607168867559139,1.4905902065832384,-0.9197597371393099,1.0795524776772096,-0.7448937368825648,2.2155918180029746,1.8524025686739354,-2.023236489172697,-1.4340862757457096,1.9751273160942602,1.354077764699803,1.67732101567792,-0.9269783571954668,1.2620549468482833,-0.344680316110879,2.01707324695955,-0.9240155718679681,1.2396197338076853,-0.6972485844889106,1.5895338807496953,1.6152476338870962,-1.794707777938239,-1.6472365789185397,-0.05366351070051976,-0.08676535767018509,-0.002798077607165839,0.0003634655901205264,-0.03203338253535537,0.0006335594446443604,-0.020646393740247883,-0.027856372769511573,0.008003362806305425,0.007720012600657289,0.07091155523239642,0.0592887336967098,-0.1058003292752107,-0.0010583431140657406
347,1,2.1936144668035147,2.010364244170105,2.5680423872924405,-0.9287956851460778,1.0778629972708094,-0.10275807894236888,2.178803331258152,-0.8307741019033665,1.0795524776772096,-0.8059624932758294,1.8404929112320962,0.6666278947397393,-1.0921935915508474,-1.8609513317522184,1.9482955607440111,1.4235204415041383,1.772144756809658,-0.940063118439818,1.2220132186793622,-0.32562479742979356,2.089335625050415,-0.9259500421991869,1.2396197338076853,-0.7191987695698935,1.6795576183747023,1.6152476338870962,-1.7058355013470616,-1.74869640545364,-0.02683175535024902,0.06944267680433514,0.09482374113173793,-0.013084761244351184,-0.04004172816892106,0.01905551868108547,0.07226237809086519,-0.0019344703312186517,0.0,-0.021950185080982898,0.09002373762500701,0.0,0.08887227659117736,-0.10145982653510059
348,1,1.6953104388702878,1.5560237547938127,2.1255315953443366,-1.1432403833173923,1.638447191634976,-0.9336956582579418,2.5917312060630855,-0.8462498645530805,1.2396197338069572,-0.6227562240959308,2.0977035901606924,1.2595152317068374,-1.9385962257525151,-1.6676273229162157,1.921463805393762,1.4262556016408527,1.8146340834369952,-0.9931290945974638,1.2540466012143534,-0.3929283045872534,2.140951609401033,-0.9042839744895652,1.2556264594206599,-0.7037587443685684,1.7442175251609164,1.6152476338870962,-1.6931394618340359,-1.7342323828947435,-0.026831755350249,0.0027351601367144205,0.04248932662733711,-0.05306597615764578,0.032033382534991196,-0.06730350715745985,0.051615984350617296,0.021666067709621584,0.01600672561297476,0.015440025201325046,0.0646599067862141,0.0,0.012696039513025758,0.014464022558896828
349,1,1.4844895039754276,0.8068937840161728,2.2426363248294203,-0.9760462118617869,1.3181133662850641,-0.15929107554104296,1.6282328315182406,-0.881070330514981,1.1595861057439032,-0.66308464812928,1.7154599423084806,1.8524025686739354,-2.023236489172697,-1.241467828985749,1.8390519853894276,1.4961541384679728,1.903136241826616,-1.0189351514960456,1.238029909946858,-0.3526241768398153,2.1168641500374106,-0.9205335252717826,1.2476230966143544,-0.7302602801618867,1.8006609797035782,1.674536367583806,-1.6550513432949614,-1.7051632253617388,-0.08241182000433467,0.0698985368271203,0.0885021583896208,-0.02580605689858183,-0.016016691267495588,0.04030412774743812,-0.024087459363621732,-0.016249550782217282,-0.008003362806305403,-0.026501535793318327,0.056443454542661906,0.0592887336967098,0.038088118539074324,0.02906915753300463
350,1,2.0594556900521606,1.8720867039251345,1.5959695000621636,-1.1904909100331014,1.47828027896002,-0.42343662861369197,2.1443926750244136,-0.9081529151519805,1.3996869899403446,-0.6048964934526383,1.4868282277052807,1.2595152317068374,-2.40411767456344,-2.2151434939262096,1.875466510507615,1.6766747074910593,1.8989909416678503,-1.0174812891355636,1.2460382555804235,-0.3697302818450713,2.0962177562971656,-0.9174383727418352,1.191599556969125,-0.704622924883571,1.816200791555513,1.5559589001903864,-1.7185315408600874,-1.735643507046833,0.03641452511818728,0.18052056902308639,-0.004145300158765419,0.0014538623604820832,0.008008345633565695,-0.017106105005255973,-0.02064639374024546,0.0030951525299471984,-0.05602353964522975,0.025637355278315743,0.015539811851934471,-0.11857746739341961,-0.06348019756512584,-0.03048028168509398
351,1,1.1778408714009665,0.8843899878897195,2.769089444992499,-1.1650483187246234,1.398196822624363,-0.5959597389232325,2.660552518530587,-0.9855317284006384,1.3996869899403446,-0.5530456625526403,1.8119139469067003,1.8524025686739354,-2.0655566208827727,-1.4093916030841838,1.8888823881827286,1.607535937368581,2.0745444033915232,-1.045831605164989,1.278071638115779,-0.38396100167851044,2.089335625050415,-0.9267238303316724,1.1835961941628192,-0.7148202549605618,1.8029830205550148,1.6152476338870962,-1.7396916067151285,-1.6966964804492153,0.013415877675113607,-0.06913877012247838,0.17555346172367303,-0.028350316029425483,0.03203338253535537,-0.014230719833439171,-0.006882131246750101,-0.009285457589837199,-0.008003362806305425,-0.01019733007699069,-0.013217771000498035,0.0592887336967098,-0.021160065855040933,0.03894702659761742
352,1,1.9636279923727777,0.7066045790033683,1.671621227959617,-0.8524679112206855,1.638447191634976,-0.2640720606160028,1.9379287376219347,-1.1983234648343817,1.3996869899403446,-1.0254643440857107,1.4975453393273122,1.8524025686739354,-1.303794250101257,-1.5596763252815147,2.0632887979593795,1.5522249212705996,2.0635593579707985,-1.0120293052837475,1.3341300575521955,-0.4129097947643439,2.0239553782063,-0.9464554277100754,1.2156096453891327,-0.7413794027882146,1.7976244647440023,1.674536367583806,-1.68044342232101,-1.7271062059267053,0.1744064097766512,-0.055311016097981315,-0.010985045420725249,0.03380229988124158,0.05605841943641667,-0.02894879308583349,-0.06538024684411507,-0.01973159737840293,0.032013451226313494,-0.026559147827652885,-0.0053585558110125445,0.0592887336967098,0.05924818439411823,-0.030409725477489748
353,1,2.2319455458752677,1.4633322168274274,1.9421020633189876,-0.8561025671218908,1.3181133662850641,-0.38396100167849273,1.5594115190507394,-0.9894006690630669,1.4797206180033988,-0.4597141669327069,2.145930592459818,1.8524025686739354,-1.980916357462621,-1.475008876156255,1.990459747722983,1.4710818372147683,2.070502735736727,-1.002942665530726,1.3421384031861254,-0.43172163673593855,2.037719640699798,-0.953419520902451,1.2636298222280573,-0.7201205621192254,1.8662139791249621,1.674536367583806,-1.7735477120831953,-1.6794102095861452,-0.07282905023639641,-0.08114308405583133,0.006943377765928882,0.009086639753021309,0.008008345633929891,-0.018811841971594596,0.01376426249349778,-0.006964093192375698,0.048020176838924344,0.021258840668989216,0.06858951438095999,0.0,-0.09310428976218495,0.04769599634056025
354,1,2.097786769123914,2.587786939698495,2.4385017573310512,-1.4485514790188785,1.3181133662850641,-0.33522565978315433,2.350856612426868,-0.9507112624387379,0.9995188496141554,-0.5415232556859916,1.8119139469067003,0.6666278947397393,-2.5733982014038035,-2.122714861964461,2.017291503073232,1.6199961113247228,2.1497816012730984,-1.0592798319994567,1.3821801313550464,-0.4037962858299117,2.061807100063417,-0.9603836140948268,1.215609645389133,-0.6913721569869067,1.8285254699208409,1.5559589001903864,-1.8751160281873982,-1.6652989680652692,0.02683175535024902,0.14891427410995423,0.0792788655363712,-0.05633716646873047,0.04004172816892106,0.02792535090602677,0.02408745936361929,-0.006964093192375698,-0.048020176838924344,0.028748405132318765,-0.037688509204121166,-0.11857746739341961,-0.10156831610420314,0.014111241520875773
355,1,1.4844895039754276,0.5774442392141009,1.932775137961776,-0.9833155236641974,1.2380299099457652,-0.41515162049156956,2.626141862296848,-0.8926771525022664,1.319653361873651,-0.6625085277859345,1.9655258801557436,1.2595152317068374,-1.7269955672021058,-2.692809019407854,1.896548603997101,1.3932817266593616,2.1400401459000014,-1.0494662610661945,1.3501467488196912,-0.4220720390406637,2.1168641500374106,-0.940265122650181,1.2556264594217517,-0.6683849552879227,1.8588906195165797,1.4373814327969667,-1.9132041467264755,-1.7678876939220374,-0.12074289907613141,-0.22671438466536104,-0.00974145537309703,0.00981357093326235,-0.03203338253535537,-0.0182757532107519,0.05505704997399356,0.02011849144464578,0.04001681403261893,0.022987201698983904,0.030365149595738838,-0.11857746739341961,-0.0380881185390773,-0.10258872585676806
356,1,1.1970064109370608,2.410001530812109,2.2602538505041765,-1.201394877736717,1.3181133662850641,-0.3976068974092194,2.2132139874918906,-0.9468423217763094,1.4797206180033988,-0.5801233186893042,1.8387067259617629,1.8524025686739354,-2.023236489172697,-1.893407187250233,1.7585567193386804,1.4874927980350445,2.1546523289596466,-1.0745453867845352,1.3741717857211166,-0.40111584202567174,2.189126528128276,-0.942973381113881,1.2956432734543708,-0.6519079134685967,1.8212021103124587,1.437381432796967,-1.9132041467264755,-1.8138197850724898,-0.13799188465842036,0.094211071375683,0.014612183059645557,-0.02507912571834079,0.02402503690142548,0.020956197014991962,0.07226237809086522,-0.002708258463699953,0.04001681403261892,0.016477041819326056,-0.037688509204121166,0.0,0.0,-0.04593209115045234
357,1,2.4810975598418814,1.9070359723386983,2.2343457245118987,-1.379493016895938,1.3181133662850641,-0.10811896655088447,2.832605799699303,-1.0513037196619668,1.3996869899403446,-0.8964133871790876,2.488878164364602,1.8524025686739354,-1.4730747769415904,-1.565320821889852,1.7873050286425172,1.4771599708519036,2.1212826626815926,-1.1196151199595212,1.398196822622542,-0.4016519307865233,2.2545067749723913,-0.9650263428897409,1.327656724680684,-0.6609530028589224,1.8860406356257093,1.5559589001903862,-1.9512922652655498,-1.784256734086253,0.02874830930383667,-0.01033282718314068,-0.033369666278054176,-0.045069733174986026,0.02402503690142548,-0.0005360887608515594,0.0653802468441151,-0.022052961775860025,0.032013451226313494,-0.009045089390325823,0.06483852531325059,0.11857746739341961,-0.0380881185390743,0.029563050986236638
358,1,2.2511110854111442,3.0816352977162023,2.2426363248294203,-0.9905848354666078,0.9176960845958535,-0.5106728906063903,2.7637844872318262,-0.7688710513044665,1.3996869899403446,-0.8082669746491591,2.288825414086798,2.4452899056410335,-1.600035172071848,-2.0479252819038165,1.8428850932966028,1.6297211251441428,2.132993135630101,-1.1043495651744428,1.32612171191863,-0.3593496540213681,2.271712103089265,-0.9572884615648796,1.343663450294023,-0.6795040779142453,1.9051528180183197,1.674536367583806,-1.917436159897483,-1.8222865299850128,0.055580064654085645,0.15256115429223896,0.011710472948508377,0.01526555478507845,-0.07207511070391226,0.04230227676515515,0.017205328116874075,0.007737881324861395,0.016006725613338733,-0.01855107505532283,0.019112182392610543,0.11857746739341961,0.03385610536806671,-0.03802979589876008
359,1,1.7144759784061643,2.2155012544236006,2.4043030310212283,-0.9833155236641974,1.558363735299319,-0.3615427444066796,2.2476246437256533,-0.942973381113881,1.4797206180033988,-0.7155115993725711,1.6743776810907198,1.8524025686739354,-2.6580384648239552,-2.0048859952651448,1.8658837407396764,1.7705818721848856,2.1491598062492816,-1.1050764963546837,1.3501467488200554,-0.3795748209079318,2.3336512843100063,-0.9634787666247695,1.3756769015199726,-0.6847467730385745,1.9010445918965437,1.674536367583806,-1.980916357462609,-1.8986283466129525,0.022998647443073672,0.14086074704074275,0.0161666706191808,-0.0007269311802410528,0.02402503690142548,-0.020225166886563666,0.06193918122074127,-0.00619030505989,0.03201345122594956,-0.005242695124329111,-0.004108226121776082,0.0,-0.06348019756512584,-0.07634181662793957
360,1,2.6919184947367416,1.2916249415781773,2.3037795021711873,-1.0923552007004365,1.798614104309932,-0.2606605866833433,2.2820352999593916,-1.395639438618411,1.3996869899403446,-0.9787985962757179,1.5725651206815006,1.8524025686739354,-1.8539559623323634,-2.1375316655613714,1.9291300212081346,1.71253569595019,2.219940806460184,-1.0952629254214172,1.3821801313550466,-0.3632972167148969,2.3474155468035045,-1.0122274189714127,1.3756769015199724,-0.7221369833208824,1.9096182811941655,1.733825101280516,-1.9259001862395013,-1.8908671637764687,0.06324628046845811,-0.058046176234695726,0.07078100021090236,0.00981357093326649,0.032033382534991196,0.016277604193034867,0.013764262493497803,-0.04874865234664305,0.0,-0.037390210282307955,0.008573689297621988,0.0592887336967098,0.05501617122310767,0.0077611828364838155
361,1,2.0786212295880375,2.1653566519171985,2.83230527241367,-1.1614136628234184,1.638447191634976,-0.42441133545162,2.1099820187906753,-0.7030990600430942,1.879888758329588,-0.6135382986026118,1.9494502127226805,1.8524025686739354,-1.6423553037819238,-1.582959873790956,2.019208057026842,1.8406323623529377,2.2262623892023012,-1.0948994598312969,1.4062051682561079,-0.34614237636773565,2.292358496829513,-0.9839841521356583,1.423697078358897,-0.7281862469258795,1.9233719077757638,1.733825101280516,-1.8835800545294166,-1.9082239908471457,0.0900780358187071,0.12809666640274792,0.006321582742117115,0.00036346559012050416,0.0240250369010613,0.01715484034716125,-0.05505704997399117,0.02824326683575442,0.048020176838924344,-0.006049263604997146,0.013753626581598021,0.0,0.042320131710084884,-0.017356827070677226
362,1,2.270276624947021,1.353925811358885,2.2447089749088005,-1.0087581149726752,1.798614104309932,-0.48922934017241654,1.869107425154458,-1.2292749901338538,1.959922386392642,-1.114762997302278,1.6922395337941163,2.4452899056410335,-2.0655566208827727,-2.589091394229406,2.049872920284266,1.9053644855884895,2.2835711638972196,-1.1105284802064959,1.4222218595236034,-0.36865810432337703,2.2854763655827655,-0.9870793046656055,1.4797206180041265,-0.7371161122475363,1.9428413272224447,1.7931138349772255,-1.9597562916075681,-2.011165497741935,0.030664863257424346,0.06473212323555168,0.05730877469491835,-0.015629020375198966,0.016016691267495588,-0.022515727955641374,-0.00688213124674768,-0.0030951525299472093,0.05602353964522975,-0.008929865321656716,0.019469419446680413,0.05928873369670982,-0.07617623707815158,-0.10294150689478912
