ciclo,target,s2_norm,s3_norm,s4_norm,s7_norm,s8_norm,s9_norm,s11_norm,s12_norm,s13_norm,s14_norm,s15_norm,s17_norm,s20_norm,s21_norm,s2_norm_mm,s3_norm_mm,s4_norm_mm,s7_norm_mm,s8_norm_mm,s9_norm_mm,s11_norm_mm,s12_norm_mm,s13_norm_mm,s14_norm_mm,s15_norm_mm,s17_norm_mm,s20_norm_mm,s21_norm_mm,s2_norm_slope,s3_norm_slope,s4_norm_slope,s7_norm_slope,s8_norm_slope,s9_norm_slope,s11_norm_slope,s12_norm_slope,s13_norm_slope,s14_norm_slope,s15_norm_slope,s17_norm_slope,s20_norm_slope,s21_norm_slope
1,0,0.008742959711623347,0.35103376123059665,-0.06836851368176051,-0.3581547086563214,0.2770284338960298,-0.410278086302018,-0.33317457380523674,-0.14210266399047813,0.1191489408987229,-0.5628397083893049,0.47406117942395987,-1.1120341161615548,-0.6689922744499986,-0.1958248322888379,0.008742959711623347,0.35103376123059665,-0.06836851368176051,-0.3581547086563214,0.2770284338960298,-0.410278086302018,-0.33317457380523674,-0.14210266399047813,0.1191489408987229,-0.5628397083893049,0.47406117942395987,-1.1120341161615548,-0.6689922744499986,-0.1958248322888379,0.0,0.0,0.0,0.0,0.0,0.0,0.0,0.0,0.0,0.0,0.0,0.0,0.0,0.0
2,0,0.3537226713576197,-0.4269673443234368,0.914067623945418,-0.5980419981361137,0.11686152122107392,-0.2499388114663121,0.8367877381420873,-0.4322732136728794,0.3592498250951643,-0.3859707629861025,0.4169032507731678,1.2595152317068374,-0.41507148418948325,-0.7482799378311268,0.18123281553462153,-0.037966791546420076,0.4228495551318287,-0.47809835339621753,0.19694497755855186,-0.3301084488841651,0.2518065821684253,-0.28718793883167876,0.2391993829969436,-0.47440523568770365,0.44548221509856384,0.07374055777264132,-0.542031879319741,-0.47205238505998237,0.0,0.0,0.0,0.0,0.0,0.0,0.0,0.0,0.0,0.0,0.0,0.0,0.0,0.0
3,0,-0.18291243564736037,-0.6518582888976572,0.4342491305684206,-0.5180795683095163,0.2770284338960298,-0.3040350409701661,-0.19553194887025885,-0.5715550775203933,-0.040918315231024883,-0.6054726137959838,0.5044263290196892,0.6666278947397393,-0.37275135247940744,-0.07870152766556379,0.05985106514062757,-0.2425972906634991,0.42664941361069264,-0.4914254250339838,0.22363946300437787,-0.3214173129128321,0.10269373848886391,-0.3819769850612502,0.1458268169209541,-0.5180943617237971,0.4651302530722723,0.2713696700950073,-0.4856050370396298,-0.3409354325951761,0.0,0.0,0.0,0.0,0.0,0.0,0.0,0.0,0.0,0.0,0.0,0.0,0.0,0.0
4,0,-0.08708473796797746,-0.24462333520919943,-0.30257797265195147,-0.29273090243458616,0.3571118902353287,-0.4541398940078048,0.010931988532195711,-0.23108829922637758,0.27921619702847067,-0.3894274850461233,0.318663060904615,0.6666278947397393,-0.07651043050881622,-0.42866031738327676,0.02311711436347631,-0.2431038017999242,0.24434256704503166,-0.44175179438413437,0.2570075698121156,-0.35459795818657525,0.07975330099969685,-0.3442548136025321,0.17917416194783325,-0.4859276425543786,0.428513455030358,0.3701842262561903,-0.3833313854069264,-0.3628666537922013,0.0,0.0,0.0,0.0,0.0,0.0,0.0,0.0,0.0,0.0,0.0,0.0,0.0,0.0
5,0,-0.10625027750385403,-0.22031080066065747,0.4715568319973139,-0.2636536552249031,0.3571118902353287,-0.9224865296220351,0.04534264476595851,-0.0918064353788637,0.759417965417714,-0.6388875937092915,0.4151170655028345,0.6666278947397393,-0.4997117476096651,-0.174657970007523,-0.002756364009989759,-0.23854520157207088,0.2897854200354881,-0.40613216655228807,0.2770284338967582,-0.46817567247366726,0.07287116975294919,-0.2937651379577984,0.2952229226418094,-0.5165196327853612,0.42583417712485333,0.4294729599529001,-0.40660745784747415,-0.3252249170352656,0.0,0.0,0.0,0.0,0.0,0.0,0.0,0.0,0.0,0.0,0.0,0.0,0.0,0.0
6,0,0.9861854760422006,0.5926395733069741,-0.5347147815427621,-0.3181734937430227,-0.4437226731394509,-0.8703397137939486,0.6647344569733711,-0.36263228174907847,0.5993507092879662,-0.5847322814359638,1.152811582152195,0.6666278947397393,0.3890110183021085,0.0991001154974864,0.16206727599870865,-0.10001440575889668,0.1523687197724464,-0.39147238775074383,0.15690324939072334,-0.5352030126937142,0.17151505095635286,-0.3052429952563451,0.34591088708283557,-0.5278884075604616,0.5469970779627435,0.4689987824173733,-0.2740043784892104,-0.254504078279807,0.0,0.0,0.0,0.0,0.0,0.0,0.0,0.0,0.0,0.0,0.0,0.0,0.0,0.0
7,0,-0.08708473796797746,-0.009095656769991954,0.23423839790805245,-0.40177057947082534,0.2770284338960298,-0.48922934017241654,1.008841019310828,-0.5096520269214934,0.3592498250951643,-0.6613562870992434,0.3633176926630423,0.07374055777264124,-0.33043122076933157,-0.6233954503713889,0.12647413114632491,-0.08702601304619599,0.16406438807753299,-0.3929435579964698,0.17406399003433856,-0.5286353451906717,0.2911330464355636,-0.3344442854942234,0.3478164496560253,-0.5469552474945732,0.520757165777072,0.41253332175384017,-0.2820653559577991,-0.3072028457214615,0.0,0.0,0.0,0.0,0.0,0.0,0.0,0.0,0.0,0.0,0.0,0.0,0.0,0.0
8,0,0.31539159228586655,-0.6321043545769669,-0.07665911399928188,-0.6561964925554385,0.2770284338960298,-0.7207222141752739,0.5270918320383933,-0.5676861368579648,0.1191489408987229,-0.882586498939109,0.4472684003688971,0.6666278947397393,-0.20347082563907387,-1.3127295986661824,0.15008881378876762,-0.15516080573754237,0.13397395031793113,-0.4258501748163409,0.18693454551704997,-0.552646203813747,0.3206278946359173,-0.36359951691469106,0.31923301106136254,-0.5889091539251403,0.5115710701010501,0.44429514337707754,-0.27224103966795843,-0.4328936898395516,0.0,0.0,0.0,0.0,0.0,0.0,0.0,0.0,0.0,0.0,0.0,0.0,0.0,0.0
9,0,0.967019936506324,-0.49382681433199627,0.32232602628178775,-0.5980419981361137,0.03677806488541685,-0.45608930768357225,0.6647344569733711,-0.44774897632259336,0.19918256896541653,-0.7523833013458472,0.6937619676754616,-0.5191467791944568,-0.4997117476096651,-0.3729209133758209,0.24085893853516277,-0.19279036224803725,0.15490195875835966,-0.444982599629649,0.17025049211353516,-0.541917659799283,0.35886195711785657,-0.3729494568489024,0.3058940730507019,-0.6070729480829966,0.5318145031648736,0.33724604086912924,-0.2975155627725925,-0.4262300480102482,0.0,0.0,0.0,0.0,0.0,0.0,0.0,0.0,0.0,0.0,0.0,0.0,0.0,0.0
10,0,-0.010422579824471123,0.37078769555132157,0.28398199981320427,-0.5689647509264306,0.11686152122107392,-0.25919852642645125,0.18298526970093637,-0.4129285103606929,0.27921619702847067,-0.8099953356791433,-0.26541952249573375,0.6666278947397393,0.21973049146177498,-0.6692569853142295,0.2157307866991994,-0.13643255646810135,0.16780996286384411,-0.4573808147593271,0.16491159502428904,-0.5136457464619999,0.3412742883761646,-0.3769473622000815,0.30322628544847874,-0.6273651868426112,0.4520911005988129,0.37018422625619024,-0.24579095734915576,-0.45053274174064634,0.0,0.0,0.0,0.0,0.0,0.0,0.0,0.0,0.0,0.0,0.0,0.0,0.0,0.0
11,0,0.83286115975497,0.323682159863487,0.33683457683745016,-0.39086661176720966,0.2770284338960298,-0.08375129560321527,0.49268117580463044,-0.18079207061476313,-0.20098557136077266,-0.6273651868426428,-0.15467603573481623,0.07374055777264124,0.00812983291133551,-0.3630430443112056,0.2981426067035341,-0.13916771660481234,0.20833027191576514,-0.460652005070416,0.16491159502428904,-0.48099306739211956,0.4238598633371513,-0.38081630286251,0.2712128342225292,-0.633817734687945,0.38921737908293524,0.48876169364960986,-0.17807874661302237,-0.46725456294288314,0.08241182000433467,-0.002735160136710968,0.04052030905192107,-0.0032711903110888285,0.0,0.03265267906988027,0.08258557496098672,-0.0038689406624284996,-0.032013451225949556,-0.006452547845333789,-0.06287372151587761,0.11857746739341961,0.06771221073613341,-0.01672182120223677
12,0,0.2770605132141134,0.015216877778549999,0.03422766524766077,-0.44538645028532925,-0.043305391453882,-0.72267162785113,0.3894492071034154,-0.2929913498253215,0.43928345315821843,-0.5369142929393321,0.4508407709095637,0.6666278947397393,-0.542031879319741,-0.5253223218012781,0.2904763908891834,-0.09494929439461365,0.12034627604598946,-0.44538645028533763,0.14889490375679343,-0.5282663490306014,0.3791260102332841,-0.3668881164777542,0.2792161970288346,-0.648912087683268,0.39261113109657486,0.4294729599529001,-0.19077478612604812,-0.4449588013398983,-0.00766621581435063,0.044218422210198685,-0.08798399586977572,0.015265554785078444,-0.01601669126749559,-0.04727328163848179,-0.04473385310386719,0.013928186384755792,0.008003362806305415,-0.015094352995322963,0.0033937520136395893,-0.05928873369670982,-0.01269603951302577,0.022295761602984864
13,0,0.8520266992908466,0.648862309450512,-0.3958472262241612,-0.24911503162008222,0.3571118902353287,-0.4833810991450256,0.25180658216841306,-0.4361421543353079,0.039115312835668756,-0.6498338802325947,0.27936698495718754,0.07374055777264124,-0.41507148418948325,0.17882863009042582,0.3939703043830042,0.03512276544020328,0.037336640366731275,-0.41848999661639413,0.15690324939072334,-0.5462009548480873,0.4238598633371513,-0.3533468241592457,0.28721955983550396,-0.6533482143269291,0.3701051966903247,0.37018422625619024,-0.19500679929705572,-0.4192057855642992,0.10349391349382069,0.13007205983481693,-0.08300963567925819,0.02689645366894341,0.008008345633929886,-0.01793460581748595,0.0447338531038672,0.013541292318508535,0.008003362806669365,-0.0044361266436610865,-0.022505934406250167,-0.059288733696709804,-0.004232013171007581,0.025753015775598964
14,0,-0.872871858939571,-0.027330057681432967,0.09433451754973787,-0.46355972979139665,0.11686152122107392,-0.7085383787014393,0.3550385508696526,-0.37423910373636393,-0.2810191994238268,-0.6878578228925618,0.13289979278950909,0.07374055777264124,-0.5843520110298168,-0.6890127234434601,0.3153915922858448,0.05685209319297992,0.07702788938690022,-0.4355728793520752,0.13287821248929785,-0.5716408033174508,0.458270519570897,-0.3676619046102443,0.23119602019027424,-0.683191248111573,0.35152886987881404,0.31089549255948046,-0.24579095734915576,-0.4452410261703176,-0.07857871209715936,0.021729327752776646,0.039691249020168934,-0.017082882735681048,-0.02402503690142548,-0.025439848469363452,0.03441065623374569,-0.014315080450998635,-0.05602353964522975,-0.02984303378464385,-0.018576326811510592,-0.059288733696709804,-0.050784158052100056,-0.026035240606018334
15,0,-0.3554022914704675,-0.6792098902648014,0.18553112104256725,-0.5326181919143371,-0.12338884778953907,-0.477532858117546,0.6647344569733711,-0.3394186377745075,0.039115312835668756,-0.5438277370593214,0.54015003442645,0.07374055777264124,-0.20347082563907387,0.07440544283593564,0.2904763908891834,0.010962184232565531,0.048425318291425545,-0.4624693330210185,0.08482813868681109,-0.5271454361670018,0.5202097007916382,-0.3924231248498087,0.1591657549320697,-0.6736852624465759,0.36403216677117567,0.2516067588627706,-0.21616686515209663,-0.42033468488597175,-0.024915201396661348,-0.045889908960414394,-0.028602571095474667,-0.026896453668943405,-0.04805007380248678,0.04449536715044892,0.061939181220741255,-0.02476122023956438,-0.07203026525820452,0.009505985664997007,0.012503296892361553,-0.059288733696709804,0.02962409219705912,0.024906341284345865
16,0,1.1970064109370608,0.22947108848778325,-0.6186571097577367,-0.44538645028532925,0.5973622592459417,-0.6524927355218179,0.3550385508696526,-0.5212588489087788,0.6793843373546599,-0.5190545622960396,0.23292616792839518,0.07374055777264124,-0.5843520110298168,-0.775091296720804,0.3115584843786694,-0.025354664249353558,0.040031085469928084,-0.4751906286752493,0.18893663192535035,-0.5053607383397888,0.48924011018126645,-0.4082857815657787,0.16716911773873905,-0.6671174905325835,0.27204362534879567,0.19231802516606084,-0.3135031680852892,-0.5077538261078007,0.02108209348948602,-0.03631684848191909,-0.00839423282149746,-0.012721295654230658,0.10410849323853925,0.021784697827213075,-0.03096959061037185,-0.015862656715970036,0.008003362806669367,0.006567771913992415,-0.09198854142237997,-0.059288733696709804,-0.09733630293319254,-0.08741914122182905
17,0,0.5453780667166034,0.010658277550698383,0.69851201568965,-0.35088539685391096,-0.12338884778953907,-0.7996734680457611,-0.12671063640278216,-0.3394186377745075,0.519317081224912,-0.6746070549959288,0.2472156500910932,0.07374055777264124,0.00812983291133551,-0.7729746104926525,0.37480476484712755,-0.023379270817284525,0.08645844724808785,-0.4701021104135578,0.14889490375679343,-0.5364051511271233,0.37568494460990537,-0.3912624426510801,0.18317584335171383,-0.668442567322252,0.2604334210916007,0.19231802516606084,-0.27964706271722245,-0.5227117421199272,0.06324628046845808,0.0019753934320690335,0.04642736177815976,0.005088518261691438,-0.04004172816855689,-0.03104441278733446,-0.113555165571361,0.017023338914698587,0.016006725612974775,-0.0013250767896685334,-0.011610204257194912,0.0,0.033856105368066707,-0.01495791601212636
18,0,0.6412057643959863,0.9831596594932748,0.5036829082277328,-0.23821106391646657,0.03677806488541685,-0.417101034167337,0.7335557694408478,-0.34715651909936446,0.3592498250951643,-0.4188096225560645,0.42940654766553255,1.8524025686739354,-0.6689922744499986,0.291718562257447,0.4073861820581395,0.13814713058973965,0.1444926494707893,-0.4283035675496606,0.12486986685573216,-0.5060430331263295,0.39633133835015083,-0.3692094808752201,0.20718593177135797,-0.6220648796839476,0.2586472358212643,0.3108954925594804,-0.326199207598315,-0.3622669260275642,0.03258141721101197,0.16152640140702418,0.05803420222270146,0.0417985428638972,-0.024025036901061298,0.030362118000793692,0.02064639374024545,0.022052961775860032,0.024010088419644138,0.04637768763830445,-0.0017861852703364544,0.11857746739341961,-0.04655214488109248,0.16044481609236294
19,0,-0.9495340170830773,-0.04404492518355556,0.2062576218363707,-0.48173300929742274,0.43719534657098574,-0.8094205364247756,0.3894492071034154,-0.46322473897230737,0.519317081224912,-0.6342786309626319,0.6776863002424304,0.07374055777264124,-0.2881110890592256,-0.10621844863125812,0.21573078669919937,0.18312531950458372,0.1328858090262476,-0.4166726686657915,0.16491159502428904,-0.54137615600045,0.36880281336315524,-0.3707570571401915,0.23919938299730753,-0.6102544126456261,0.25703966907796116,0.37018422625619024,-0.305039141743271,-0.33559667955310796,-0.1916553953589401,0.04497818891484407,-0.011606840444541706,0.011630898883869095,0.04004172816855689,-0.03533312287412034,-0.027528524986995567,-0.0015475762649714009,0.03201345122594955,0.011810467038321526,-0.0016075667433031239,0.059288733696709804,0.021160065855043948,0.026670246474456278
20,0,0.43038482950112605,-0.1291387961035215,0.2477106234240247,-0.2091338167067835,0.43719534657098574,-0.5584335256638007,0.32062789463591423,-0.258170883863421,0.43928345315821843,-0.6342786309626319,0.28651172603852065,0.6666278947397393,-0.7113124061600745,-0.23745299477542556,0.2598115276317591,0.13313267033909942,0.12925867138732966,-0.3806895752438268,0.19694497755928023,-0.5712996559241849,0.382567075856653,-0.3552812944904643,0.2552061086102823,-0.592682742173975,0.3122327939313866,0.37018422625619024,-0.39814343150545595,-0.2924162804992275,0.04408074093255972,-0.04999264916548431,-0.003627137638917957,0.035983093421964714,0.03203338253499118,-0.029923499923734942,0.013764262493497787,0.015475762649727188,0.016006725612974775,0.017571670471651136,0.055193124853425445,0.0,-0.09310428976218495,0.043180399053880394
21,0,-0.2595745937910846,-0.010615190179275825,-0.12743904094414743,-0.21640312850919394,0.19694497756037277,-0.24555263069572456,0.4582705195708921,-0.5251277895712073,0.19918256896541653,-0.858965564862466,0.5222881817230854,0.6666278947397393,-0.5843520110298168,-0.5796506016566497,0.15056795227715364,0.09970293533482312,0.08283130960916989,-0.3632432269180252,0.18893663192571453,-0.5874797894334358,0.3791260102332792,-0.3897148663861087,0.29522292264290123,-0.6158427799759573,0.3799292156771768,0.4294729599529001,-0.4573916158995712,-0.314077036233772,-0.10924357535460545,-0.033429735004276276,-0.04642736177815976,0.017446348325801574,-0.008008345633565705,-0.016180133509250925,-0.0034410656233738344,-0.03443357189564442,0.04001681403261892,-0.023160037801982326,0.06769642174579017,0.059288733696709804,-0.059248184394115236,-0.02166075573454441
22,0,-0.48956106822182144,0.46347923351770687,-0.8207404924975087,-0.245480375718877,0.11686152122107392,-0.668088044928312,-0.09229998016901934,-0.5715550775203933,0.3592498250951643,-0.7160877197159167,0.1954162772513327,-0.5191467791944568,-0.542031879319741,-1.0798941135717186,0.07390579413356016,0.14452917090873882,-0.0026655061653470535,-0.34325261946137997,0.20495332319321014,-0.582021431141154,0.33095109150603574,-0.4175712391556159,0.2872195598365958,-0.6337601226536158,0.3543867663113537,0.31089549255948046,-0.4573916158995711,-0.369534215410816,-0.07666215814359348,0.044826235573915685,-0.08549681577451694,0.019990607456645226,0.01601669126749559,0.005458358292281806,-0.04817491872724348,-0.027856372769507178,-0.008003362806305415,-0.017917342677658453,-0.0255424493658231,-0.11857746739341961,0.0,-0.05545717917704405
23,0,0.06623957831925309,-0.4527994122812972,0.8280526456510394,-0.29636555833579137,0.03677806488541685,-1.1252255519066359,0.9056090506095885,-0.36650122241150696,0.5993507092879662,-0.4574096855593771,-0.14395892411278477,1.2595152317068374,-1.4307546452315145,-0.2819034055661818,-0.004672917963599216,0.03436299873555789,0.11972448102217301,-0.34797767213295094,0.17291994065821895,-0.646205876417315,0.3963313383501533,-0.4106071459632358,0.3432430994818255,-0.614517703186294,0.3120541754043564,0.4294729599529001,-0.5589599320037743,-0.4156074189764768,-0.07857871209715936,-0.11016617217318092,0.12238998718752006,-0.004725052671570915,-0.03203338253499118,-0.06418444527616103,0.06538024684411754,0.006964093192380094,0.05602353964522975,0.019242419467321758,-0.04233259090699723,0.11857746739341961,-0.10156831610420314,-0.04607320356566076
24,0,-0.9878650961550484,-0.27349446998562754,0.19796702151884932,-0.16551794589227956,0.5172788029102846,-0.5803644295167384,0.59591314450587,-0.36263228174907847,0.27921619702847067,-0.40210213259941074,0.875952865249901,0.6666278947397393,-0.37275135247940744,-0.07094034482907498,-0.01617224168514695,0.009746557505138437,0.13008773141908414,-0.3181734937430392,0.21296166882714002,-0.6333884814988449,0.42041879771377505,-0.40944646376450733,0.3992666391270553,-0.5859421341569788,0.38635948265039566,0.4887616936496098,-0.5377998661487333,-0.35380018111503825,-0.011499323721547739,-0.024616441230419457,0.010363250396911144,0.029804178389911708,0.04004172816892107,0.012817394918470093,0.02408745936362174,0.0011606821987285465,0.05602353964522975,0.028575569029315108,0.07430530724603919,0.059288733696709804,0.02116006585504094,0.06180723786143851
25,0,0.5070469876448502,0.03649034550855876,-0.1595651171745899,-0.4344824825817136,0.5172788029102846,-0.29233855891529553,-0.6084598236752169,-0.36650122241150696,0.27921619702847067,-0.6348547513059251,-0.009995028837502789,-0.5191467791944568,-0.33043122076933157,-0.4265436311551503,0.07007268622638482,0.08131658108247446,0.09557810759736843,-0.30835992280977687,0.2770284338971224,-0.6148690515786199,0.29309936964891625,-0.41215472222820726,0.4232767275463355,-0.5950448355816393,0.33134497632400034,0.4294729599529,-0.5504959056617591,-0.40389508851414685,0.08624492791153178,0.07157002357733602,-0.03450962382171572,0.00981357093326235,0.06406676506998236,0.018519429920225046,-0.1273194280648588,-0.002708258463699947,0.02401008841928019,-0.009102701424660364,-0.055014506326395284,-0.059288733696709804,-0.01269603951302577,-0.0500949073991086
26,0,0.3537226713576197,0.389022096462728,1.2260014608924426,-0.3000002142369966,0.5172788029102846,-0.6451824342375349,0.32062789463591423,-0.21174359591423508,0.1191489408987229,-0.6308219089026111,0.25436039117245807,0.6666278947397393,-0.2881110890592256,-0.6106953330025799,-0.014255687731559285,0.09727168187996893,0.28004396466238635,-0.2938212992049436,0.2690200882635566,-0.6141380214501915,0.2896583040255424,-0.3812031969287528,0.3672531879007418,-0.6062215702422964,0.3334883986484066,0.4887616936496098,-0.5208718134646999,-0.38745549214232444,-0.08432837395794411,0.015955100797494477,0.18446585706501792,0.014538623604833267,-0.008008345633565705,0.0007310301284283005,-0.0034410656233738344,0.030951525299454375,-0.0560235396455937,-0.011176734660657151,0.002143422324406288,0.059288733696709804,0.02962409219705912,0.016439596371822407
27,0,1.2161719504729374,0.8220891181090462,-0.6269477100752816,-0.44538645028532925,0.3571118902353287,-0.6086309278160311,0.3894492071034154,-0.39745274771097894,0.3592498250951643,-0.6169950206626327,0.21685050049536386,1.2595152317068374,-0.542031879319741,-0.2268695636347681,0.052823700644074115,0.1784147659358037,0.1474979920858932,-0.30327140454808543,0.31707016206604344,-0.5950337674272186,0.34127428837616214,-0.38700660792239994,0.351246462287767,-0.6004603668089669,0.3304518836888337,0.6073391610430294,-0.5758879846878077,-0.33284498745653596,0.0670793883756334,0.08114308405583479,-0.13254597257649317,-0.00945010534314183,0.04805007380248678,0.019104254022973,0.05161598435061976,-0.005803410993647146,-0.016006725612974775,0.0057612034333296095,-0.0030365149595729334,0.11857746739341961,-0.055016171223107646,0.054610504685788444
28,0,-0.7578786217243115,0.4254908982855755,0.3990140792189312,-0.45992507389019144,0.6774457155852405,-0.6349480124394677,0.14857461346719802,-0.304598171812607,0.039115312835668756,-0.5628397083893049,0.44548221509856384,0.6666278947397393,-0.16115069392899803,-0.3919710894290093,-0.08708473796795567,0.12264788981503379,0.13703110918501302,-0.3254428055454579,0.38113692713602576,-0.6168184652544316,0.2827761727787972,-0.3827507731937242,0.31923301106181745,-0.6148633753922909,0.33205945043213686,0.4887616936496098,-0.5251038266357076,-0.40121395262518167,-0.13990843861202978,-0.05576687612076993,-0.010466882900880159,-0.022171400997372488,0.06406676506998236,-0.021784697827213075,-0.05849811559736497,0.004255834728675745,-0.03201345122594955,-0.014403008583324033,0.0016075667433031293,-0.11857746739341961,0.050784158052100056,-0.06836896516864563
29,0,0.6028746853242332,0.6199911746740839,-0.32019549832670796,-0.2600189993236979,0.43719534657098574,-0.6593156833871369,-0.12671063640278216,-0.11115113869100618,-0.2810191994238268,-0.5582307456426454,0.7366304141635557,0.07374055777264124,0.09277009633151731,-0.16901347339916067,0.06815613227277537,0.18905149980079772,0.08438579716870516,-0.30327140454808543,0.3811369271360258,-0.6018079799506677,0.23116018842817745,-0.3475434131655941,0.2391993829969436,-0.6072585868602922,0.33795386182424936,0.4887616936496098,-0.4870157080966333,-0.4074934551019719,0.15524087024073102,0.06640360998576395,-0.052645312016307864,0.022171400997372488,0.0,0.015010485303763876,-0.05161598435061976,0.035207360028130116,-0.08003362806487388,0.007604788531998652,0.00589441139211253,0.0,0.03808811853907429,-0.006279502476790255
30,0,-0.04875365889622429,0.25378362303635976,0.2943452502101296,-0.32907746144667965,0.19694497756037277,-0.5116475974443183,-0.09229998016901934,-0.2272193585639491,-0.12095194329407902,-0.7005324704459016,0.76878174902965,0.07374055777264124,0.21973049146177498,-0.1534911077262081,0.020242283433040336,0.22734374171478583,0.08904925984731567,-0.315265769022075,0.3571118902349645,-0.5971293871287194,0.18986740094768403,-0.34444826063564693,0.18317584335171386,-0.6138839708086191,0.38618086412336233,0.4294729599529,-0.39391141833444837,-0.3990972663970502,-0.04791384883973503,0.038292241913988126,0.004663462678610489,-0.011994364473989615,-0.024025036901061298,0.004678592821948236,-0.04129278748049336,0.003095152529947193,-0.05602353964522975,-0.0066253839483269685,0.048227002299112934,-0.059288733696709804,0.09310428976218495,0.008396188704921745
31,0,0.10457065739100625,0.06080288005713526,0.546172234855077,-0.503540944704654,0.3571118902353287,-0.5360152683919875,1.008841019310828,-0.2078746552518066,0.519317081224912,-0.517326201266003,0.33831109887831284,0.6666278947397393,-0.7536325378701804,-0.7567466827436578,0.056656808551249424,0.23448554873842697,0.15641038742723812,-0.34397955064162106,0.3731285815024601,-0.6261756508983458,0.24492445092167764,-0.31272294720370686,0.2151892945776634,-0.5797200344489728,0.36778315583888505,0.4294729599529001,-0.41083947101848467,-0.416806874505751,0.036414525118209085,0.007141807023641108,0.06736112757992245,-0.02871378161954601,0.01601669126749559,-0.029046263769626303,0.05505704997399359,0.03172531343194007,0.03201345122594955,0.0341639363596463,-0.01839770828447726,0.0,-0.016928052684036354,-0.017709608108700804
32,0,-0.010422579824471123,2.154368571127861e-05,0.2477106234240247,-0.44538645028532925,0.3571118902353287,-0.7431404714471757,0.3894492071034154,-0.4245353323479784,0.6793843373546599,-0.6890100635792529,0.6526797064577009,0.6666278947397393,-0.37275135247940744,0.680483266157579,0.10457065739098445,0.18813977975522742,0.26325549901939144,-0.36397015809826627,0.3971536184038856,-0.6336808935502322,0.29309936964892114,-0.2980209726864654,0.24720274580361296,-0.5770122688353064,0.41350949875952187,0.5480504273463197,-0.39391141833445137,-0.2407691365328212,0.047913848839735027,-0.04634576898319956,0.10684511159215333,-0.019990607456645226,0.02402503690142548,-0.007505242651886368,0.04817491872724348,0.014701974517241484,0.032013451225949556,0.00270776561366638,0.04572634292063682,0.11857746739341961,0.01692805268403335,0.17603773797292976
33,0,0.2770605132141134,0.5774442392141009,0.8570697467624113,-0.5798687186300463,0.03677806488541685,-0.5140843645390498,0.04534264476595851,-0.4400110949977364,0.1191489408987229,-0.6469532785159194,0.004294453325226953,0.6666278947397393,-0.542031879319741,-0.6614958024777406,0.12565275088047048,0.2911641449047672,0.26615720913052865,-0.3923204741276917,0.39715361840388563,-0.5725667748134736,0.20707272906455812,-0.3053719599450883,0.1991825689646886,-0.5959666281309607,0.42833483650332305,0.48876169364960986,-0.305039141743274,-0.27872837622397706,0.02108209348948603,0.1030243651495398,0.00290171011113719,-0.028350316029425494,0.0,0.06111411873675861,-0.086026640584363,-0.007350987258622943,-0.04802017683892433,-0.018954359295654234,0.014825337743801173,-0.05928873369670982,0.08887227659117736,-0.03795923969115588
34,0,-0.6812164635805873,0.8205695846997623,0.7793453687855778,-0.5108102565071059,0.3571118902353287,-0.8347629142103729,0.2862172384021759,-0.39745274771097894,0.43928345315821843,-0.9926254845156963,0.6455349653763678,0.07374055777264124,-0.542031879319741,0.03559952865354169,0.15631761413791656,0.40057055037330624,0.3242950438572015,-0.4268497051891743,0.38113692713639,-0.598006623282837,0.1761031384541887,-0.30885400654127837,0.2151892945776634,-0.6550189633225892,0.40529304651596976,0.4294729599529001,-0.32196719442730737,-0.26807438887571544,0.030664863257446107,0.109406405468539,0.058137834726672846,-0.03452923106148263,-0.01601669126749559,-0.025439848469363445,-0.030969590610369406,-0.003482046596190047,0.016006725612974775,-0.05905233519162856,-0.023041789987353324,-0.059288733696709804,-0.01692805268403335,0.010653987348261668
35,0,-0.2787401333269612,0.08511541460567722,0.06946271659715018,-0.3763279881623888,-0.2034723041288379,-0.6905063022002138,-0.02347866770154264,-0.22335041790152058,0.19918256896541653,-0.956906023229059,0.8205811218694422,0.6666278947397393,-0.37275135247940744,0.21057892351239818,0.07773890204073546,0.4054330572830181,0.34719782723437553,-0.4210342557472419,0.3090618164324777,-0.6378233976113288,0.23460125405155613,-0.2945389260902797,0.20718593177135797,-0.6872240905149026,0.4883506615866642,0.5480504273463197,-0.326199207598315,-0.20436213340896056,-0.07857871209718115,0.004862506909711846,0.022902783377174007,0.00581544944193248,-0.07207511070391225,-0.03981677432849183,0.05849811559736743,0.014315080450998639,-0.008003362806305415,-0.0322051271923134,0.08305761507069451,0.11857746739341961,-0.004232013171007587,0.06371225546675485
36,0,-0.5087266077576981,-0.630584821167683,-0.4974070801138923,-0.24184571981767178,0.19694497756037277,-0.5886494376389494,-0.12671063640278216,-0.5908997808325798,-0.12095194329407902,-0.5991352900192878,0.2132781299546973,0.07374055777264124,-0.542031879319741,-0.35034292694242164,-0.00850602587079633,0.30347236551997697,0.174856973133742,-0.4152188063053094,0.27702843389748655,-0.6321700979514703,0.18986740094768645,-0.3324545445821142,0.1831758433520778,-0.6840554286265703,0.4842424354648882,0.48876169364960986,-0.35159128662436656,-0.17832689280294473,-0.08624492791153178,-0.1019606917630411,-0.1723408541006335,0.00581544944193248,-0.03203338253499118,0.005653299659858546,-0.04473385310386964,-0.03791561849183447,-0.02401008841928019,0.0031686618883323358,-0.004108226121776077,-0.059288733696709804,-0.025392079026051534,0.02603524060601583
37,0,-0.29790567286283776,0.30696729236132986,-0.01447961161782444,-0.44538645028532925,0.19694497756037277,-0.608143574397067,0.2862172384021759,-0.2929913498253215,0.27921619702847067,-0.742589255509235,0.9902687225514851,0.07374055777264124,-0.880592933000408,-1.4291473412133895,-0.15991378820437385,0.2519601829452053,0.2361037829794877,-0.4152188063053094,0.261011742629991,-0.6321213626095739,0.1795442040775625,-0.3220084047935484,0.17517248054540846,-0.6966148521112305,0.5615842576705002,0.37018422625619024,-0.38544739199243316,-0.29855467056080687,-0.1514077623335775,-0.05151218257477164,0.06124680984574572,0.0,-0.01601669126749559,4.8735341896410936e-05,-0.010323196870123952,0.010446139788565744,-0.008003362806669361,-0.012559423484660237,0.07734182220561212,-0.11857746739341961,-0.0338561053680667,-0.12022777775786213
38,0,0.3920537504293729,0.878311854252584,-0.18650956820655792,-0.18005656949710044,0.19694497756037277,-0.6714995188609715,0.6647344569733711,-0.4129285103606929,0.5993507092879662,-0.5115649978327048,0.4222618065841677,0.07374055777264124,-0.6266721427399228,-0.7391076308425536,-0.04492055098900541,0.2972422785419061,0.17755141823693882,-0.38723195586600034,0.21296166882750417,-0.6357765132517242,0.23116018842817984,-0.332841438648357,0.23119602019063817,-0.6914873810555705,0.5592622168190606,0.31089549255948046,-0.4319995368735257,-0.3332683247021613,0.11499323721536844,0.04528209559670084,-0.058552364742548914,0.027986850439309097,-0.04805007380248677,-0.003655150642150373,0.0516159843506173,-0.010833033854808587,0.05602353964522975,0.005127471055660004,-0.0023220408514396163,-0.059288733696709804,-0.04655214488109247,-0.034713654141354425
39,0,-1.2561826496575383,0.4725964339734101,0.42181323009213856,-0.27819227882976527,0.7575291719208976,-0.4970269948756636,0.010931988532195711,-0.35489440042422143,0.19918256896541653,-0.56802479147931,-0.020712140459502502,0.6666278947397393,-0.33043122076933157,-0.14784661111784578,-0.2308262844871826,0.2825028044718388,0.25175229107882346,-0.389049283816607,0.24499505136249536,-0.619547644400577,0.2449244509216776,-0.35721576482167855,0.2792161970295625,-0.692466785639237,0.4835279613567548,0.37018422625619024,-0.47431966858361063,-0.33115163847402984,-0.18590573349817716,-0.014739474070067381,0.07420087284188466,-0.0018173279506067397,0.03203338253499119,0.016228868851147327,0.013764262493497787,-0.024374326173321526,0.04802017683892433,-0.0009794045836664545,-0.07573425546230582,0.059288733696709804,-0.042320131710084884,0.00211668622813149
40,0,-0.06791919843210087,-0.08963092746210627,0.4933196578308311,-0.4671943856926019,0.3571118902353287,-0.4541398940078048,-0.09229998016901934,-0.2001367739269496,0.27921619702847067,-0.6308219089026111,0.76878174902965,0.07374055777264124,-0.6266721427399228,-0.04695123424359144,-0.23274283844077023,0.24816134942199217,0.2716497318408936,-0.4028609762411993,0.26101174262999094,-0.6137968740569255,0.2449244509216776,-0.3545075063579786,0.3192330110618175,-0.6854957294849079,0.48352796135675485,0.37018422625619024,-0.5589599320037804,-0.3204976511257681,-0.0019165539535876581,-0.034341455049846606,0.019897440762070152,-0.013811692424592226,0.01601669126749559,0.005750770343651351,0.0,0.0027082584636999502,0.04001681403225497,0.006971056154329048,0.0,0.0,-0.08464026342016977,0.010653987348261668
41,0,-0.5662232263653277,0.9603666583539822,0.3699969781075828,-0.027401021646357326,0.5172788029102846,-0.7616599013673653,-0.09229998016901934,-0.2272193585639491,0.19918256896541653,-0.7391325334492141,0.2615051322537912,-0.5191467791944568,-0.07651043050881622,-0.20640826342949536,-0.2998222268164036,0.3381177272516768,0.2540322061661442,-0.35524698393536963,0.27702843389748655,-0.6363613373544634,0.1348103509736929,-0.35644197668919286,0.28721955983586794,-0.7076763627032291,0.47584736469430267,0.2516067588627707,-0.4912477212676438,-0.2654638091943519,-0.0670793883756334,0.08995637782968469,-0.017617525674749425,0.047613992305829675,0.01601669126749559,-0.022564463297537772,-0.11011409994798474,-0.0019344703312142498,-0.03201345122594955,-0.02218063321832111,-0.007680596662452166,-0.11857746739341961,0.06771221073613641,0.055033841931416236
42,0,1.0245165551139537,1.02266752813469,0.15236871977243463,-0.31453883784181746,0.43719534657098574,-0.7246210415268974,-0.09229998016901934,-0.335549697112079,0.039115312835668756,-0.9407746536157507,1.0099167605251829,-0.5191467791944568,-0.2881110890592256,0.32205773152731,-0.19632831332256112,0.44038232569657476,0.2444980158009852,-0.3421622226910185,0.2850367795310523,-0.6345093943624356,0.08663543224644941,-0.3475434131656029,0.22319265738396882,-0.7328528217068788,0.5115710701010509,0.13302929146935102,-0.4827836949256258,-0.30130636265737876,0.10349391349384247,0.10226459844489785,-0.009534190365159007,0.013084761244351178,0.008008345633565705,0.001851942992027822,-0.04817491872724348,0.008898563523589942,-0.06402690245189911,-0.025176459003649787,0.0357237054067482,-0.11857746739341961,0.008464026342018182,-0.03584255346302691
43,0,-0.10625027750385403,-0.14585366360567864,0.15133239473274446,-0.33271211734788486,0.03677806488541685,-0.5004384688084118,0.14857461346719802,-0.2156125365766636,-0.12095194329407902,-0.7621773471825117,0.44369602982823053,-0.5191467791944568,0.05044996462144145,-0.7934359106979252,-0.23465939239435785,0.3680525354145968,0.1739242805980185,-0.3174465625628023,0.2850367795310523,-0.6331448047893717,0.09695862911657337,-0.3251035573234956,0.1991825689646886,-0.7443752285735381,0.5555112277513512,0.01445182407593142,-0.4235355105315075,-0.3145003734793973,-0.03833107907179674,-0.07232979028197796,-0.07057373520296668,0.024715660128216143,0.0,0.0013645895730638013,0.010323196870123952,0.022439855842107278,-0.02401008841928019,-0.01152240686665923,0.04394015765030036,-0.11857746739341961,0.05924818439411824,-0.013194010822018454
44,0,-0.3937333705422207,-0.8752297000625937,-0.07665911399928188,-0.5725994068276359,0.19694497756037277,-0.9410059595422248,0.04534264476595851,-0.258170883863421,0.5993507092879662,-0.5801233186893042,0.3311663577969797,-0.5191467791944568,-0.37275135247940744,-0.5337890667138091,-0.20591108309052122,0.19847260693836116,0.08832383231953253,-0.3236254775948553,0.26902008826355667,-0.6437691093225569,0.07287116975295163,-0.3111753709387398,0.2151892945776634,-0.7031250119908988,0.5240743669934125,-0.04483690962077839,-0.40660745784747415,-0.37143923301613235,0.02874830930383666,-0.1695799284762356,-0.08560044827848597,-0.006178915032053001,-0.01601669126749559,-0.010624304533185192,-0.02408745936362174,0.013928186384755792,0.016006725612974775,0.04125021658263921,-0.031436860757938806,-0.059288733696709804,0.01692805268403335,-0.056938859536735074
45,0,-0.029588119360347706,-0.4117720102305981,0.4280311803302796,-0.29636555833579137,0.43719534657098574,-0.4906914004293086,-0.05788932393528099,-0.37423910373636393,0.5993507092879662,-0.6573234446959295,-0.0725115132992947,-0.5191467791944568,-0.20347082563907387,-1.0537883167581086,-0.18099588169385986,0.14878386445473363,0.12418067869284546,-0.31562923461219555,0.33308685333353905,-0.6237876191454664,0.0694301041295778,-0.3262642395222242,0.2552061086099184,-0.673166754137586,0.4347651034765387,-0.163414377014198,-0.3896794051634408,-0.497875957043183,0.024915201396661348,-0.049688742483627535,0.03585684637331294,0.007996242982659746,0.06406676506998236,0.01998149017709052,-0.0034410656233738344,-0.015088868583484336,0.04001681403225497,0.029958257853312954,-0.0893092635168737,-0.11857746739341961,0.016928052684033357,-0.1264367240270507
46,0,-0.029588119360347706,0.6640576435433507,0.5772619860458057,-0.49627163290224363,-0.12338884778953907,-0.6110676949107625,-0.12671063640278216,-0.25430194320099253,0.039115312835668756,-0.8411058342191211,-0.07429769856962799,0.6666278947397393,0.09277009633151731,-0.16195785263873907,-0.13308203285412484,0.278248110925837,0.23164758530881527,-0.34107182592065277,0.30105347079854783,-0.6260294448726478,0.0694301041295778,-0.29260445575906546,0.27121283422289316,-0.6973638085575693,0.40600752062410617,-0.10412564331748819,-0.32619920759831494,-0.47903744961281475,0.04791384883973503,0.12946424647110338,0.1074669066159698,-0.025442591308457184,-0.03203338253499118,-0.0022418257271813124,0.0,0.03365978376315872,0.016006725612974775,-0.024197054419983332,-0.028757582852432528,0.059288733696709804,0.06348019756512582,0.018838507430368256
47,0,-0.43206444961397383,0.4011783637370335,0.16791359536781078,-0.3036348701382018,0.2770284338960298,-0.5901114978957529,0.59591314450587,-0.2078746552518066,0.5993507092879662,-0.7523833013458472,0.40261376861046977,0.6666278947397393,-0.880592933000408,-0.32776494050902244,-0.1464979105292384,0.2876692180634074,0.24988690600737878,-0.32689666790594,0.3090618164321136,-0.6242262372225162,0.10039969473994721,-0.284092786301714,0.30322628544884267,-0.6983432131412305,0.34724202523000464,-0.044836909620778395,-0.326199207598315,-0.3688992095423781,-0.013415877675113607,0.009421107137570366,0.018239320698563523,0.014175158014712747,0.008008345633565705,0.001803207650131411,0.030969590610369406,0.00851166945735149,0.03201345122594955,-0.000979404583661214,-0.058765495394101544,0.059288733696709804,0.0,0.11013824007043671
48,0,-0.37456783100634405,-0.26893586975777595,0.181385820883783,-0.1546139781886639,0.3571118902353287,-0.3834736482595287,-0.1611212926365205,-0.4593557983098789,0.8394515934844077,-0.554774023582677,0.6366040390246696,0.6666278947397393,-0.07651043050881622,-0.5521336806909554,-0.22316006867281013,0.17294444566237138,0.28667644491641286,-0.32435240877509636,0.32507850769960916,-0.5954236501623721,0.01781411977895805,-0.28873551509663253,0.3272363738684868,-0.7026641157162277,0.36867624847405484,0.014451824075931407,-0.27118303637520424,-0.3502018145272182,-0.07666215814357169,-0.11472477240103598,0.036789538909034095,0.002544259130843654,0.01601669126749559,0.02880258706014428,-0.08258557496098916,-0.004642728794918599,0.024010088419644148,-0.004320902574997221,0.02143422324405019,0.059288733696709804,0.05501617122311066,0.018697395015159823
49,0,1.4078273458317032,-0.00605658995142421,0.5596444603710492,-0.7288896105795841,0.2770284338960298,-0.21777348581539585,0.6991451132071095,-0.47870050162206534,-0.20098557136077266,-0.831311788382509,0.8402291598431401,0.07374055777264124,-0.33043122076933157,0.08428331190055093,0.043240930876114046,0.12507914326988798,0.30045956794430395,-0.3694221419500782,0.2770284338971224,-0.5674982992563453,0.08663543224644943,-0.30111612521641695,0.2872195598358679,-0.7289928154065476,0.45477037850431906,-0.044836909620778395,-0.2711830363752043,-0.32698882222537856,0.26640099954892416,-0.04786530239248343,0.013783123027891064,-0.045069733174981884,-0.048050073802486784,0.027925350906026776,0.06882131246749137,-0.012380610119784391,-0.04001681403261892,-0.026328699690319902,0.08609413003026425,-0.059288733696709804,0.0,0.02321299230183967
50,0,1.0245165551139537,0.9861987263118426,0.6674222644989214,-0.45992507389019144,0.03677806488541685,-0.8488961633600636,0.49268117580463044,-0.5289967302336798,-0.040918315231024883,-0.87336857344579,0.9170351264676617,0.07374055777264124,-1.3461143818113328,0.0892222464328711,0.1524845062307195,0.23266210864728287,0.31786982861111296,-0.3686952107698372,0.2449950513621312,-0.6069739261915712,0.1451335478438144,-0.33400212084708997,0.2552061086099184,-0.7532474818608654,0.46959571624812024,-0.044836909620778395,-0.3431272602823453,-0.3133714741577323,0.10924357535460545,0.1075829653773949,0.01741026066680903,0.0007269311802410472,-0.03203338253499118,-0.039475626935225876,0.05849811559736497,-0.032885995630673015,-0.032013451225949556,-0.024254666454317887,0.014825337743801171,0.0,-0.071944223907141,0.013617348067646255
51,0,-0.5662232263653277,-0.3160414054456105,0.38036022850448453,-0.6089459658397294,0.5172788029102846,-0.4541398940078048,0.3550385508696526,-0.5173899082463503,0.519317081224912,-0.9874404014257436,0.23113998265806188,0.07374055777264124,-0.5843520110298168,0.5612432753061783,0.1524845062307195,0.10502130226732358,0.31890615365080316,-0.4268497051891744,0.2449950513621312,-0.576221925455615,0.1898674009476816,-0.3630191758153301,0.28721955983586794,-0.7780782686585184,0.46655920128854733,0.014451824075931416,-0.3939114183344453,-0.2366063202841649,0.0,-0.12764080637995928,0.0010363250396901724,-0.0581544944193372,0.0,0.030752000735956048,0.0447338531038672,-0.029017054968240124,0.03201345122594955,-0.024830786797652948,-0.003036514959572931,0.059288733696709804,-0.050784158052100056,0.07676515387356737
52,0,0.2578949736782368,-0.612350420256242,1.0726253550181557,-0.3218081496442279,0.2770284338960298,-0.4643743158057833,0.6303238007396083,-0.23495723988880607,0.43928345315821843,-0.5755143559426448,0.3168768756342817,0.6666278947397393,0.3466908865920326,0.16683407479768406,0.0758223480871478,-0.05848049257176961,0.41093181717537525,-0.4275766363694154,0.22897836009463557,-0.5501972528835036,0.26212977903854434,-0.3529599300930028,0.3272363738681229,-0.7415522388912079,0.3972552127994572,0.13302929146935102,-0.3304312207693195,-0.25212868595712756,-0.07666215814357169,-0.1635017948390932,0.09202566352457212,-0.0007269311802410416,-0.01601669126749559,0.026024672572111412,0.07226237809086275,0.010059245722327293,0.04001681403225497,0.0365260297673106,-0.06930398848909011,0.11857746739341961,0.06348019756512582,-0.015522365672962593
53,0,-0.604554305437081,0.16868975211635928,1.1503497329949892,-0.2709229670273135,0.11686152122107392,-0.9283347706494262,-0.19553194887025885,-0.14597160465290665,0.43928345315821843,-0.6302457885592656,0.11503794008614449,-0.5191467791944568,-0.33043122076933157,-0.3510484890184638,0.025991945293825112,-0.027026150999565825,0.5108335510015998,-0.42139772133735826,0.23698670572820127,-0.5929868830676052,0.2277191228047987,-0.34599583690062713,0.38325991351335265,-0.7283590830288832,0.36438940382524865,0.13302929146935102,-0.36851933930839686,-0.2078899437891814,-0.049830402793322695,0.031454341572203795,0.09990173382622447,0.0061789150320571366,0.008008345633565707,-0.04278963018410144,-0.03441065623374569,0.0069640931923756946,0.05602353964522975,0.013193155862324613,-0.032865808974208606,0.0,-0.0380881185390773,0.04423874216794614
54,0,-0.22124351471911352,1.07585119745966,-0.049714662967313854,-0.5580607832228149,0.3571118902353287,-0.6290997714120767,-0.09229998016901934,-0.5251277895712073,0.19918256896541653,-0.66308464812928,0.7580646374076185,-0.5191467791944568,-0.542031879319741,-0.48933865592305287,0.04324093087613582,0.16808193875265956,0.5135279961047965,-0.41994385897687614,0.25300339699569685,-0.5617962642545903,0.2139548603113009,-0.37269152747140577,0.34324309948109766,-0.7366552159728809,0.4070792317863125,0.13302929146935102,-0.38544739199243017,-0.2034449027101058,0.017248985582310715,0.19510808975222538,0.002694445103196803,0.0014538623604820945,0.01601669126749559,0.031190618813014805,-0.013764262493497787,-0.02669569057077863,-0.04001681403225497,-0.008296132943997581,0.04268982796106388,0.0,-0.01692805268403335,0.004445041079075623
55,0,0.3345571318217431,1.2050115372489274,0.3917598039411,-0.4926369770010384,-0.283555760464495,-0.46876049657637087,0.6647344569733711,-0.3084671124750355,0.27921619702847067,-0.28572582324617973,0.39189665698843834,-0.5191467791944568,-0.41507148418948325,-0.19653039436488007,0.07965545599434491,0.3297602935006121,0.5099008584658785,-0.43957100084340095,0.1809282862921488,-0.5596031738692966,0.28621723840216606,-0.3661143283452729,0.3112296482551481,-0.6994954538279058,0.4535200488150858,0.13302929146935102,-0.4066074578474711,-0.11771911047078291,0.036414525118209085,0.16167835474795256,-0.00362713763891796,-0.019627141866524707,-0.07207511070354808,0.002193090385293772,0.0722623780908652,0.0065771991261328435,-0.03201345122594955,0.037159762144974975,0.046440817028773305,0.0,-0.02116006585504094,0.08572579223932285
56,0,-0.8345407798678178,0.9770815258561393,-0.27356087154060305,-0.619849933543345,0.2770284338960298,-0.4595007816163204,0.4582705195708921,-0.47870050162206534,0.519317081224912,-0.4706604534560625,0.3990413980698032,0.07374055777264124,0.09277009633151731,-0.5803561637327169,-0.0008398100564021127,0.36106268173189093,0.42481857270723766,-0.451928830907511,0.22097001446070572,-0.5444464825398523,0.34471535399953346,-0.3885541841873802,0.35924982509407244,-0.6624509157515999,0.5008539584790289,0.07374055777264123,-0.4066074578474712,-0.1595589415801807,-0.08049526605074701,0.03130238823127886,-0.08508228575864088,-0.012357830064110143,0.04004172816855689,0.015156691329444211,0.05849811559736743,-0.02243985584210728,0.04802017683892433,0.03704453807630586,0.047333909663943116,-0.059288733696709804,0.0,-0.04183983110939778
57,0,0.5453780667166034,0.262900823492063,-0.2362531701117333,-0.32544280554547445,0.43719534657098574,-0.7333934030680725,-0.22994260510402165,-0.4284042730104069,-0.040918315231024883,-0.6861294618625775,-0.8459297353554159,-0.5191467791944568,-0.7959526695802562,-0.14290767658555065,0.0969044415766556,0.34723492770739395,0.3844018961592833,-0.4541096244482382,0.2369867057282013,-0.5587746730570843,0.26212977903854434,-0.4106071459632402,0.2952229226421733,-0.655825531803273,0.3759996080824403,-0.04483690962077839,-0.39814343150545595,-0.1410732151878335,0.09774425163305772,-0.013827754024497051,-0.04041667654795441,-0.0021807935407272662,0.01601669126749559,-0.014328190517231965,-0.08258557496098916,-0.022052961775860032,-0.0640269024518991,0.0066253839483269685,-0.12485435039658857,-0.11857746739341961,0.008464026342015174,0.01848572639234718
58,0,0.12373619692688284,0.06688101369427076,-0.004116361220922722,-0.5071756006059006,0.5172788029102846,-0.4468295927235218,0.04534264476595851,-0.34328757843693597,0.43928345315821843,-0.6676936108759396,0.8652357536278695,0.6666278947397393,-1.0498734598407715,-1.0305047682486421,0.1467348443699783,0.3808166160525986,0.3658516779488127,-0.489365786689962,0.2530033969956969,-0.5651102675034836,0.28277617277879225,-0.3990003239759459,0.2552061086095544,-0.6671174905325993,0.39886277954276034,-0.044836909620778395,-0.4954797344386515,-0.1889103239436022,0.049830402793322695,0.03358168834520467,-0.018550218210470572,-0.03525616224172367,0.01601669126749559,-0.0063355944463993116,0.0206463937402479,0.011606821987294291,-0.040016814032618926,-0.011291958729326257,0.02286317146032,0.0,-0.09733630293319553,-0.04783710875576867
59,0,0.20039835507038917,0.37686582918845707,0.15029606969305428,-0.3763279881623888,0.2770284338960298,-0.5360152683919875,0.14857461346719802,-0.35489440042422143,0.039115312835668756,-0.32778260830946077,0.21506431522503058,-0.5191467791944568,-0.03419029879874035,0.011610418068058155,0.025991945293846897,0.4191088579665867,0.3249168388810132,-0.45410962444824243,0.2530033969956969,-0.5969344457611429,0.22771912280480114,-0.38661971385616156,0.27921619702919853,-0.6167645725252944,0.3363462950809494,-0.10412564331748819,-0.46585564224159237,-0.19617761332685146,-0.12074289907613141,0.038292241913988126,-0.04093483906779949,0.03525616224171953,0.0,-0.031824178257659166,-0.05505704997399115,0.012380610119784391,0.024010088419644145,0.05035291800730481,-0.06251648446181095,-0.059288733696709804,0.02962409219705912,-0.0072672893832492775
60,0,0.7561990016114637,-0.7931748959611955,0.13682384417708204,-0.45992507389019144,0.6774457155852405,-0.5511232243795176,0.21739592593467472,-0.4245353323479784,-0.3610528274905204,-0.5420993760293371,0.9491864613337243,-0.5191467791944568,-0.5843520110298168,-0.015200940821619085,-0.0008398100564021016,0.2411714957392829,0.27185699684882925,-0.4541096244482425,0.31707016206567923,-0.5671571518630881,0.20019059781780552,-0.3761735740675914,0.247202745803249,-0.5836376527836491,0.3395614285675556,-0.163414377014198,-0.3896794051634408,-0.20661993205230048,-0.026831755350249,-0.1779373622273038,-0.05305984203218393,0.0,0.06406676506998236,0.029777293898054603,-0.027528524986995574,0.010446139788570136,-0.03201345122594955,0.03312691974164529,0.0032151334866062586,-0.059288733696709804,0.0761762370781516,-0.01044231872544902
61,0,-0.24040905425499012,0.9163001894847154,0.6954030405705796,-0.42357851487809794,0.3571118902353287,-0.5979091525990885,0.2862172384021759,-0.45161791698502185,0.039115312835668756,-0.42975590907942013,0.5848046661848774,0.07374055777264124,-0.9652331964205898,-0.12950199714072458,0.03174160715463166,0.3644056552323155,0.3033612780554388,-0.43557287935207933,0.3010534707981837,-0.5815340777222165,0.19330846657105788,-0.3695963749414585,0.19918256896432468,-0.5278692035490168,0.3749278969202372,-0.16341437701419798,-0.427767523702518,-0.27569445929699077,0.03258141721103376,0.12323415949303258,0.0315042812066095,0.018536745096163144,-0.01601669126749559,-0.01437692585912837,-0.006882131246747669,0.006577199126132849,-0.04802017683892433,0.05576844923463235,0.03536646835268155,0.0,-0.0380881185390773,-0.06907452724469029
62,0,1.0053510155780772,-0.8022920964168987,0.18553112104256725,-0.7434282341844464,0.3571118902353287,-0.5355279149730234,-0.8837450735451726,-0.3316807564496065,0.3592498250951643,-0.5933740865859896,0.5383638491561168,1.2595152317068374,-0.33043122076933157,-0.36022079600703694,0.1064872113446157,0.3454114876162498,0.21465185465787995,-0.47773488780610124,0.30906181643211356,-0.5886494376389406,0.04190157914257978,-0.3792687265975386,0.19117920615801925,-0.5296551766133513,0.3970765942724207,-0.10412564331748816,-0.49547973443865445,-0.3283999463774629,0.07474560418998404,-0.01899416761606567,-0.08870942339755886,-0.04216200845402185,0.008008345633929886,-0.007115359916724013,-0.1514068874284781,-0.009672351656080042,-0.008003362806305415,-0.0017859730643344784,0.02214869735218351,0.05928873369670982,-0.06771221073613642,-0.0527054870804721
63,0,0.08540511785512968,1.4435782825067027,0.018682789652284624,-0.40903989127323576,0.2770284338960298,-0.7143866197289189,0.4582705195708921,-0.5483414335458223,0.3592498250951643,-0.24597351955617605,0.347242025230011,0.07374055777264124,-0.7959526695802562,-0.04624567216754928,0.17548315367383677,0.4729003406552842,0.10148516032360948,-0.4915465802306934,0.32507850769960916,-0.5672546225468899,0.10728182598669486,-0.4195057094868302,0.18317584335171383,-0.4912279497130423,0.42029700278680737,-0.044836909620778374,-0.5420318793197471,-0.2979196646923714,0.06899594232922107,0.12748885303903434,-0.11316669433427047,-0.013811692424592226,0.01601669126749559,0.021394815092050722,0.0653802468441151,-0.04023698288929157,-0.008003362806305415,0.038427226900308954,0.023220408514386653,0.059288733696709804,-0.046552144881092467,0.030480281685091454
64,0,0.20039835507038917,0.14285768415853345,0.41144997969521324,-0.32544280554547445,-0.043305391453882,-0.44049399827707814,0.5270918320383933,-0.312336053137464,0.3592498250951643,-0.5582307456426454,0.2632913175241562,-0.5191467791944568,-1.2191539866811052,-0.4618217349573585,0.21764734065278707,0.3796009893251715,0.1476016245898622,-0.46828478246295935,0.28503677953068807,-0.54839404523339,0.16922100720743613,-0.39822653584345585,0.1991825689646886,-0.48074255946437877,0.3708196707984611,-0.044836909620778374,-0.6097440900558834,-0.29516797259580196,0.04216418697895027,-0.09329935133011266,0.04611646426625271,0.02326179776773405,-0.04004172816892107,0.01886057731349986,0.061939181220741255,0.02127917364337433,0.016006725612974775,0.010485390248663462,-0.04947733198834624,0.0,-0.06771221073613642,0.0027516920965694356
65,0,0.3728882108934963,0.9330150569868725,-0.480825879478826,-0.40177057947082534,0.19694497756037277,-0.2669961811296983,0.32062789463591423,-0.34328757843693597,0.27921619702847067,-0.5086843961160296,0.027514861839591395,0.6666278947397393,-0.03419029879874035,-0.7821469174812257,0.22148044855996235,0.35240134129896605,0.0603430562478696,-0.45919814270993803,0.33308685333317484,-0.5282176136887228,0.13481035097369046,-0.40170858243964586,0.1991825689646886,-0.5030384167513638,0.3343814912835764,0.07374055777264124,-0.5716559715168091,-0.35372962490743654,0.003833107907175315,-0.027199648026205493,-0.0872585683419926,0.009086639753021309,0.04805007380248678,0.020176431544667257,-0.03441065623374569,-0.003482046596190047,0.0,-0.022295857286984983,-0.03643817951488469,0.11857746739341961,0.03808811853907429,-0.05856165231163456
66,0,1.2736685690805671,0.2872133580406395,0.7223474916025476,-0.24184571981767178,0.5973622592459417,-0.6890442419433217,0.32062789463591423,-0.3007292311501785,-0.040918315231024883,-0.24078843646622342,0.9670483140370889,0.07374055777264124,-0.880592933000408,-0.35387073732263247,0.4323013834548009,0.28341452451741606,0.15993389256218465,-0.4213977213373707,0.365120235868166,-0.5511719597214229,0.12104608848019267,-0.3839114553924572,0.1431590293190949,-0.4800512150523799,0.391182182880305,0.07374055777264124,-0.6689922744500015,-0.33108108226642813,0.2108209348948385,-0.06898681678154997,0.09959083631431506,0.037800421372567325,0.03203338253499118,-0.022954346032700128,-0.013764262493497787,0.017797127047188683,-0.05602353964559369,0.022987201698983908,0.05680069159672857,0.0,-0.09733630293319254,0.022648542641008445
67,0,1.0245165551139537,-0.31908047226417824,0.057026816120868115,-0.07101689246086126,0.43719534657098574,-0.668088044928312,-0.09229998016901934,-0.3935838070485504,0.19918256896541653,-0.5230874046993537,0.5812322956442109,0.6666278947397393,-0.07651043050881622,-1.6231769121254342,0.4802152322945359,0.22521639494179188,0.18926189118544479,-0.39595513002890936,0.365120235868166,-0.5446414239074467,0.1348103509736929,-0.3804294087962715,0.16716911773873905,-0.4637470093360575,0.5338983859802677,0.19231802516606084,-0.5970480505428576,-0.4791080058204164,0.047913848839735027,-0.058198129575624126,0.029327998623260142,0.025442591308461316,0.0,0.006530535813976057,0.01376426249350023,0.0034820465961856507,0.02401008841964414,0.016304205716322386,0.1427162030999627,0.11857746739341961,0.071944223907144,-0.14802692355398836
68,0,-0.06791919843210087,0.49083083488485113,0.06220844131931898,-0.38723195586600445,0.19694497756037277,-0.19925405589520628,0.42385986333715375,-0.28138452783799206,0.27921619702847067,-0.6319741495893022,-0.31543271006519263,-0.5191467791944568,-0.20347082563907387,0.31359098661480406,0.4610496927586375,0.26761137706085,0.19589437143946897,-0.3839607655549198,0.33308685333317484,-0.5198838702246152,0.17266207283081242,-0.37423910373637714,0.1511623921257643,-0.4601750632073938,0.41583153961096153,0.07374055777264124,-0.5124077871226878,-0.3446984303340718,-0.01916553953589837,0.04239498211905804,0.00663248025402417,0.011994364473989615,-0.03203338253499118,0.02475755368283155,0.037851721857119526,0.006190305059894391,-0.016006725612974775,0.003571946128663739,-0.11806684636930623,-0.11857746739341961,0.08464026342016977,0.13440957548634463
69,0,-0.3554022914704675,0.22947108848778325,-0.2642339461833915,-0.20549916080557828,0.5172788029102846,-0.5915735581526449,0.04534264476595851,-0.36650122241150696,0.27921619702847067,-0.5812755593759953,0.14183071914120723,-0.5191467791944568,-0.4573916158995892,-0.537316877094045,0.4054696281045519,0.25287190299078255,0.15444136985182438,-0.3668778828192387,0.3571118902346003,-0.5254396992006809,0.16233887596068847,-0.3753997859351057,0.17517248054504447,-0.4855243583140473,0.4085081800025791,0.07374055777264124,-0.5547279188327727,-0.39959115985028215,-0.05558006465408567,-0.014739474070067381,-0.041453001587644575,0.017082882735681055,0.02402503690142548,-0.005555828976065736,-0.010323196870123952,-0.001160682198728552,0.02401008841928019,-0.02534929510665345,-0.007323359608382335,0.0,-0.042320131710084884,-0.05489272951621031
70,0,-0.29790567286283776,-0.02277145745358135,0.02075543973166497,-0.19096053720075742,0.43719534657098574,-0.4019930781798069,0.5270918320383933,-0.3239428751247495,0.519317081224912,-0.47181269414270116,-0.495837422369267,-0.5191467791944568,0.00812983291133551,0.12802816061526506,0.30005916065712174,0.32991224684154397,0.1428345294072827,-0.3399814291502953,0.33308685333317484,-0.5105266845807099,0.19330846657106032,-0.36534054021278284,0.26320947141658774,-0.4784956901253836,0.26400579163228005,0.07374055777264124,-0.49547973443865745,-0.38526824970659374,-0.10541046744743014,0.07704034385076142,-0.011606840444541707,0.026896453668943398,-0.024025036901425472,0.014913014619971066,0.030969590610371855,0.01005924572232289,0.08803699087154324,0.007028668188663595,-0.1445023883702991,0.0,0.059248184394115236,0.014322910143688413
71,0,-1.0453617147626781,1.2414803390717748,0.3047085006070313,-0.4890023210998332,0.2770284338960298,-0.45316518716987675,0.6647344569733711,-0.13823372332800565,0.1191489408987229,-0.43321263113938857,-0.23684055817033772,0.07374055777264124,-0.4997117476096651,-0.9931099782183325,0.21956389460635287,0.36243026180024995,0.10376507541092787,-0.3465238097724688,0.32507850769924496,-0.4960522880377887,0.23116018842817984,-0.33400212084708125,0.27121283422289316,-0.4788413623313804,0.1818412691967585,0.07374055777264124,-0.448927589557565,-0.4716290478143545,-0.0804952660507688,0.032518014958705946,-0.03906945399635482,-0.006542380622173527,-0.008008345633929886,0.014474396542921176,0.03785172185711952,0.03133841936570162,0.008003362806305415,-0.00034567220599684425,-0.0821645224355215,0.0,0.04655214488109247,-0.08636079810776079
72,0,0.02790849924749993,0.42852996510414326,0.5233730839818697,-0.41630920307568753,0.03677806488541685,-0.5720794213945273,0.7679664256746106,-0.45161791698502185,-0.12095194329407902,-0.4355171125127183,0.0953899021124149,1.2595152317068374,-0.11883056221889209,-0.3305871888131911,0.12181964297329514,0.48551246795235414,0.13754927170485812,-0.3138119066615929,0.29304512516425374,-0.4997074386799391,0.3963313383501582,-0.34599583690062274,0.22319265738396882,-0.46305566492405337,0.1375438744923883,0.07374055777264124,-0.427767523702521,-0.4686656870949699,-0.09774425163305772,0.12308220615210419,0.033784196293930244,0.032711903110875885,-0.03203338253499118,-0.0036551506421503843,0.16517114992197832,-0.011993716053541537,-0.04802017683892433,0.015785697407327125,-0.04429739470437019,0.0,0.021160065855043948,0.0029633607193845835
73,0,-0.010422579824471123,0.38142442941630866,0.26014652390033033,-0.663465804357849,-0.12338884778953907,-0.42148721493792457,-0.40199588627273786,-0.2194814772390921,0.519317081224912,-0.6152666596326484,0.6526797064577009,0.6666278947397393,-0.7113124061600745,-1.0001655989787792,0.11223687320533508,0.37929708264331474,0.16169564512966267,-0.3392544979700543,0.25300339699569685,-0.47041749820083967,0.31030469776579517,-0.3131098412699497,0.2391993829969436,-0.4999849789317007,0.1680876426151573,0.13302929146935102,-0.4193034973605029,-0.564057679776093,-0.009582769767960079,-0.1062153853090394,0.024146373424804572,-0.02544259130846132,-0.04004172816855689,0.029289940479099434,-0.086026640584363,0.03288599563067303,0.016006725612974775,-0.03692931400764723,0.03054376812276899,0.059288733696709804,0.008464026342018172,-0.095391992681123
74,0,0.5262125271807269,0.5212215030705631,0.14096914433584273,-0.4708290415938071,0.2770284338960298,-0.5808517829357024,0.5615024882721316,-0.6179823654695792,0.6793843373546599,-0.5904934848693143,0.347242025230011,0.6666278947397393,-0.4573916158995892,-0.1647801009429077,0.14481829041636884,0.4171334645345177,0.13464756159372562,-0.35379312157488757,0.28503677953068807,-0.48445327666670207,0.31374576338916904,-0.3436744725031612,0.2712128342228931,-0.5032112528543675,0.17648271338574278,0.2516067588627707,-0.3431272602823513,-0.5343535163746479,0.03258141721103377,0.03783638189120297,-0.027048083535937052,-0.014538623604833267,0.03203338253499118,-0.014035778465862426,0.003441065623373829,-0.03056463123321152,0.032013451225949556,-0.003226273922666889,0.008395070770585484,0.11857746739341961,0.0761762370781516,0.029704163401445084
75,0,0.14290173646275942,1.077370730868944,0.2062576218363707,-0.5871380304324567,-0.12338884778953907,-0.5199326055665294,0.3550385508696526,-0.3394186377745075,0.27921619702847067,-0.6365831123359618,0.7491337110559204,0.6666278947397393,0.05044996462144145,-0.1499632973459973,0.12181964297329517,0.4315690319227249,0.2033559117252453,-0.37232986667105067,0.2530033969956969,-0.5097469191103852,0.31718682901254286,-0.3432875784369184,0.2712128342228931,-0.5160011244763607,0.24864459830737567,0.2516067588627707,-0.33466323394033315,-0.47113515436112496,-0.022998647443073686,0.014435567388207149,0.06870835013151967,-0.018536745096163137,-0.03203338253499118,-0.025293642443683113,0.0034410656233738344,0.0003868940662428488,0.0,-0.01278987162199322,0.0721618849216329,0.0,0.00846402634201818,0.06321836201352284
76,0,0.7945300806832168,-0.38442040886345386,-0.03209713729258093,-0.12917138688018606,0.3571118902353287,-0.04963655627653159,0.21739592593467472,-0.23108829922637758,0.27921619702847067,-0.3946125681360759,-0.15467603573481623,0.6666278947397393,-0.7959526695802562,-0.4491216175885495,0.07390579413356013,0.3644056552323155,0.12791144883573244,-0.3610624333773021,0.22897836009463562,-0.4458061505437062,0.30686363214241885,-0.3363234852445383,0.30322628544884267,-0.531383537643346,0.13647216333018516,0.31089549255948046,-0.32619920759831794,-0.48066024238771676,-0.047913848839735027,-0.06716337669040934,-0.07544446288951286,0.011267433293748571,-0.024025036901061298,0.063940768566679,-0.010323196870123952,0.006964093192380094,0.032013451225949556,-0.015382413166985251,-0.11217243497719051,0.059288733696709804,0.008464026342015174,-0.009525088026591706
77,0,0.6795368434677395,0.06840054710355462,0.5928068616411583,-0.42721317077930315,0.7575291719208976,-0.4965396414566996,0.49268117580463044,-0.26977770585070654,0.3592498250951643,-0.4090155767194,0.2740084291461559,0.6666278947397393,0.05044996462144145,-0.3898544032008828,0.03940782296893871,0.40315375716908886,0.18148945338776143,-0.3966820612091463,0.26101174262962673,-0.42865131019654495,0.36536174773978386,-0.32394287512475384,0.31923301106181745,-0.5199763548453505,0.10574977668037969,0.31089549255948046,-0.31350316808529216,-0.3573279914952616,-0.03449797116462142,0.038748101936773284,0.05357800455202901,-0.03561962783184419,0.03203338253499119,0.01715484034716124,0.05849811559736497,0.012380610119784386,0.016006725612974775,0.01140718279799537,-0.030722386649805495,0.0,0.012696039513025767,0.12333225089245514
78,0,1.1011787132574602,0.5987177069441096,-0.5989669340036234,-0.23457640801526133,0.5172788029102846,-0.48825463333457714,0.11416395723343523,-0.26590876518827805,0.27921619702847067,-0.6469532785159194,0.09003134630141503,0.6666278947397393,-0.8382728012903321,-0.06952922067699066,0.15631761413789483,0.4139424443750146,0.11537191585546722,-0.38141650642407193,0.2930451251646179,-0.457551367940482,0.334392157129412,-0.32239529885978246,0.3192330110618175,-0.5214742677380123,0.14629618231704045,0.4294729599529001,-0.376983365650418,-0.3956400122244411,0.1169097911689561,0.010788687205925851,-0.06611753753229424,0.015265554785074312,0.03203338253499118,-0.028900057743937085,-0.030969590610371855,0.0015475762649714009,0.0,-0.0014979128926617235,0.040546405636660766,0.11857746739341961,-0.06348019756512582,-0.038312020729179476
79,0,0.7945300806832168,0.3495142278213128,0.7679457933489623,-0.503540944704654,0.5172788029102846,-0.417101034167337,0.010931988532195711,-0.44774897632259336,0.3592498250951643,-0.6308219089026111,0.06502475251668557,0.07374055777264124,-0.9652331964205898,-0.5965840914817117,0.27131085135326327,0.42594675830836765,0.2185898898087026,-0.41122068481397955,0.293045125164618,-0.4401041155419513,0.33095109150603574,-0.33052007425089114,0.3272363738684868,-0.5264289026906739,0.13861558565458829,0.48876169364960986,-0.427767523702518,-0.4015667336632077,0.11499323721536843,0.012004313933352957,0.10321797395323537,-0.029804178389907576,0.0,0.017447252398530788,-0.00344106562337628,-0.008124775391108641,0.008003362806669361,-0.004954634952661585,-0.007680596662452166,0.059288733696709804,-0.050784158052100056,-0.005926721438766669
80,0,0.48788144810897366,0.3905416298720119,0.3171444010833369,-0.42721317077930315,0.2770284338960298,-0.7100004389583314,0.4582705195708921,-0.3394186377745075,0.19918256896541653,-0.4378215938860481,0.08824516103108175,0.6666278947397393,-0.16115069392899803,-0.4032600826457089,0.34988956345044436,0.4672780670409269,0.2482287859438698,-0.4348459481718342,0.2770284338971224,-0.4709048516198037,0.3240689602592856,-0.33206765051586695,0.29522292264253724,-0.5230297926650086,0.19702384399462317,0.6073391610430294,-0.4446955763865515,-0.45469555798930517,0.07857871209718115,0.04133130873255932,0.02963889613516719,-0.023625263357854573,-0.01601669126749559,-0.030800736077852452,-0.006882131246750117,-0.0015475762649757973,-0.03201345122594955,0.0033991100256653083,0.058408258340034866,0.11857746739341961,-0.016928052684033353,-0.053128824326097404
81,0,-0.43206444961397383,1.6760668941273424,0.042518265565182144,-0.41630920307568753,0.11686152122107392,-0.4156389739104449,0.9400197068433268,-0.28138452783799206,0.43928345315821843,-0.46086640761939796,0.3347387283376463,0.07374055777264124,0.09277009633151731,-0.35951523393099477,0.41121928996531476,0.5107367225464836,0.2220097624396849,-0.42757663636941956,0.26101174262962673,-0.46715223029386055,0.3515974852462812,-0.34638273096686556,0.3272363738684868,-0.5257951703130096,0.2541817726454216,0.6073391610430294,-0.38544739199243316,-0.39133608356057137,0.06132972651487043,0.04345865550555676,-0.026219023504184917,0.0072693118024145685,-0.01601669126749559,0.003752621325943184,0.027528524986995574,-0.01431508045099864,0.03201345122594955,-0.0027653776480009384,0.057157928650798405,0.0,0.05924818439411824,0.06335947442873377
82,0,-0.010422579824471123,-0.14585366360567864,0.546172234855077,-0.40540523537203055,0.43719534657098574,-0.31232004909237715,0.010931988532195711,-0.46709367963473586,-0.20098557136077266,-0.18029580041625196,1.154597767422528,-0.5191467791944568,-1.4307546452315145,-0.8364751973365971,0.4073861820581177,0.45329835967550147,0.22428967752700563,-0.4264862395990538,0.3010534707981837,-0.44117629306364553,0.2758940415320397,-0.34793030723183693,0.31923301106181745,-0.500273039103363,0.3601025591764329,0.4294729599529,-0.5166398002936954,-0.441924884412912,-0.0038331079071971053,-0.05743836287098218,0.0022799150873207387,0.001090396770365698,0.04004172816855689,0.02597593723021501,-0.0757034437142415,-0.0015475762649714009,-0.008003362806669365,0.025522131209646637,0.10592078653101131,-0.17786620109012943,-0.13119240830126225,-0.05058880085234061
83,0,-0.04875365889622429,0.6777334442269402,0.6062790871571541,-0.45629041798894493,0.3571118902353287,-0.6583409765492976,0.9400197068433268,-0.4593557983098789,0.039115312835668756,-0.7950162067525262,0.8205811218694422,0.6666278947397393,-1.2191539866811052,-0.8026082176864984,0.4035530741509423,0.48292926115656465,0.2589029338526879,-0.40576870096216344,0.3491035446006704,-0.46486166922478284,0.41009560084364616,-0.37191773933891564,0.2712128342228931,-0.5182479938153507,0.376892700717607,0.4294729599529,-0.5674239583457984,-0.4221691462836839,-0.0038331079071753163,0.02963090148106315,0.03461325632568237,0.020717538636890402,0.04805007380248678,-0.0236853761611373,0.13420155931160646,-0.02398743210707868,-0.04802017683892433,-0.01797495471198778,0.01679014154117413,0.0,-0.05078415805210307,0.019755738129228085
84,0,0.56454360625248,-0.5606862843405558,-0.0538599631260981,-0.4671943856926019,0.11686152122107392,-0.423923982032656,0.04534264476595851,-0.35876334108665,0.3592498250951643,-0.4631708889927277,0.7151961909195246,0.07374055777264124,0.05044996462144145,-0.39620446188526226,0.4073861820581177,0.37473848241545277,0.23942002310649388,-0.4054052353720429,0.33308685333317484,-0.44916888913447817,0.35847961649302884,-0.34599583690062274,0.2391993829969436,-0.505515734227692,0.4136881172865584,0.37018422625619024,-0.5166398002936955,-0.44531158237791935,0.003833107907175315,-0.1081907787411119,-0.01948291074619408,0.0003634655901205208,-0.01601669126749559,0.015692780090304635,-0.0516159843506173,0.02592190243829292,-0.032013451225949556,0.012732259587658662,0.036795416568951356,-0.059288733696709804,0.05078415805210307,-0.023142436094235455
85,0,-0.22124351471911352,1.0560972631389698,-0.01862491177658513,-0.36178936455752664,0.19694497756037277,-0.4156389739104449,0.11416395723343523,-0.6721475347436662,0.3592498250951643,-0.5513173015226561,0.3793933600960736,0.07374055777264124,-0.2881110890592256,-0.008850882137214588,0.37097165693993045,0.37261113564245535,0.21693176974519832,-0.38287036878454994,0.36512023586816605,-0.43873952596886967,0.3343921571294071,-0.3792687265975386,0.24720274580361296,-0.4969891531463615,0.37671408219057373,0.31089549255948046,-0.5504959056617621,-0.4312003408570411,-0.03641452511818729,-0.0021273467729974183,-0.022488253361295583,0.022534866587493006,0.03203338253499118,0.010429363165608451,-0.024087459363621735,-0.03327288969691587,0.008003362806669361,0.008526581081330564,-0.03697403509598468,-0.059288733696709804,-0.033856105368066707,0.014111241520878273
86,0,-1.1603549519779377,1.6426371591230626,0.7316744169597827,-0.601676654037319,0.2770284338960298,-0.6295871248310407,0.18298526970093637,-0.4864383829469223,0.1191489408987229,-0.29724823011282847,0.7205547467305243,0.07374055777264124,-0.16115069392899803,-0.6692569853142295,0.17548315367381498,0.575316892441107,0.29330892517043466,-0.4301208955002632,0.3571118902342362,-0.49673458282432065,0.3309510915060333,-0.4048037349695931,0.23119602019063817,-0.4872527193440367,0.4642371604371077,0.2516067588627706,-0.4870157080966363,-0.45321387762960913,-0.19548850326611547,0.20270575679865166,0.07637715542523636,-0.047250526715713295,-0.008008345633929886,-0.05799505685545091,-0.0034410656233738344,-0.025535008372054475,-0.016006725612974775,0.009736433802324746,0.08752307824653406,-0.059288733696709804,0.06348019756512582,-0.022013536772568
87,0,0.04707403878337651,0.9041439222104444,0.06013579123993863,-0.2273070962128096,0.11686152122107392,-0.25091351830424014,0.21739592593467472,-0.4864383829469223,0.19918256896541653,-0.22638542788289936,-0.09037336600265929,0.6666278947397393,-0.5843520110298168,0.17530081971021502,0.1122368732053787,0.6588912299517959,0.24004181813031272,-0.41013028804361384,0.2930451251642538,-0.47217197050907467,0.3034225665190377,-0.42646980267921464,0.2151892945776634,-0.4689897044603867,0.4277989809222261,0.2516067588627707,-0.5504959056617622,-0.3966983553384993,-0.0632462804684363,0.08357433751068898,-0.05326710704012196,0.019990607456649358,-0.06406676506998236,0.024562612315245945,-0.027528524986995574,-0.021666067709621577,-0.016006725612974775,0.01826301488365006,-0.03643817951488152,0.0,-0.06348019756512582,0.05651552229110979
88,0,1.0436820946498304,-0.009095656769991954,0.3637790278694418,-0.49990628880344884,0.5973622592459417,-0.7251083949458614,0.59591314450587,-0.4361421543353079,0.27921619702847067,-0.6296696682159725,0.00965300913622681,0.07374055777264124,-0.542031879319741,-0.5768283533524811,0.10648721134461572,0.5981098935803858,0.33631641431761927,-0.4366632761224326,0.3010534707978195,-0.4958573466702031,0.3515974852462812,-0.4434931415939176,0.2151892945776634,-0.46726134343039194,0.41976114720570734,0.19231802516606084,-0.520871813464703,-0.44742826860604834,-0.005749661860762978,-0.06078133637141016,0.09627459618730652,-0.026532988078818754,0.008008345633565705,-0.02368537616112843,0.04817491872724348,-0.017023338914702986,0.0,0.001728361029994696,-0.008037833716518821,-0.059288733696709804,0.029624092197059117,-0.05072991326754904
89,0,0.6795368434677395,-0.09570906109927631,0.8477428214051762,-0.44175179438412404,0.3571118902353287,-0.6909936556191778,-0.09229998016901934,-0.36263228174907847,0.039115312835668756,-0.6331263902759409,0.5365776638857835,0.07374055777264124,-0.24579095734914974,-0.32917606466110677,0.09498788762306798,0.5535875646883268,0.34429611712324065,-0.4304843610903796,0.28503677953032386,-0.5232466088153872,0.34127428837615964,-0.4349814721365662,0.18317584335171383,-0.4674917915677249,0.4669164383426172,0.19231802516606084,-0.44892758955755896,-0.42068746592398787,-0.011499323721547739,-0.04452232889205891,0.00797970280562139,0.006178915032053001,-0.01601669126749559,-0.027389262145184078,-0.010323196870121506,0.00851166945735149,-0.03201345122594955,-0.00023044813733297254,0.04715529113690979,0.0,0.07194422390714401,0.02674080268206049
90,0,0.6795368434677395,-0.3251586059013483,-0.04867833792762368,-0.35452005275511617,0.2770284338960298,-0.25383763881793564,0.8367877381420873,-0.4245353323479784,-0.12095194329407902,-0.19412268865623047,0.8723804947092026,-0.5191467791944568,-0.16115069392899803,-0.7130018340289437,0.11415342715894457,0.4820175411109909,0.30771384322214457,-0.4232150492879609,0.28503677953032386,-0.4776303288013476,0.37912601023327924,-0.4434931415939132,0.1511623921257643,-0.4431219010447431,0.5453299717104293,0.07374055777264125,-0.44892758955755896,-0.4516616410623113,0.01916553953587658,-0.07157002357733602,-0.03658227390109606,0.007269311802418699,0.0,0.04561628001403958,0.03785172185711952,-0.008511669457347094,-0.03201345122594955,0.02436989052298176,0.0784135333678121,-0.11857746739341961,0.0,-0.030974175138323477
91,0,0.6220402248601098,-0.17472479838210675,0.5399542846169124,-0.32907746144667965,0.2770284338960298,-0.2241090802618395,0.010931988532195711,-0.4322732136728794,0.27921619702847067,-0.10367179475297227,0.6062388894289402,0.07374055777264124,-0.37275135247940744,-0.5239111976491938,0.2195638946063529,0.2969383718600459,0.3574574451273176,-0.4144918751250602,0.3010534707978195,-0.45847733943648716,0.28621723840216606,-0.45858201017740197,0.1351556665127895,-0.4074024397581006,0.5724799878195588,0.07374055777264124,-0.4954797344386514,-0.46810123743413123,0.10541046744740837,-0.18507916925094492,0.04974360190517303,0.008723174162900787,0.01601669126749559,0.01915298936486054,-0.09290877183111311,-0.015088868583488735,-0.016006725612974775,0.035719461286642565,0.027150016109129392,0.0,-0.04655214488109247,-0.016439596371819902
92,0,1.0053510155780772,-0.16104899769851735,0.13786016921677222,-0.4308478266805084,-0.283555760464495,-0.25919852642645125,-0.05788932393528099,-0.26203982452584956,0.19918256896541653,-0.3830901612694272,0.3293801725266147,0.6666278947397393,-0.4573916158995892,-0.14290767658555065,0.32114125414660777,0.29541883845076206,0.31662623856348715,-0.41703613425590796,0.22897836009427142,-0.4531651871698944,0.2793351071554184,-0.4380766246665133,0.17517248054540843,-0.4276818758434181,0.4899582283299673,0.19231802516606086,-0.39814343150545894,-0.39874448535902657,0.10157735954025482,-0.0015195334092838713,-0.04083120656383048,-0.0025442591308477867,-0.07207511070354808,0.0053121522665925906,-0.006882131246747671,0.02050538551088863,0.04001681403261892,-0.020279436085317522,-0.08252175948959133,0.11857746739341961,0.09733630293319254,0.06935675207510465
93,0,0.5262125271807269,-0.019732390635013607,0.09537084258942805,-0.31090418194061226,0.19694497756037277,-0.14418311955342425,-0.33317457380523674,-0.34715651909936446,0.039115312835668756,-0.4228424649594309,-0.0367878078925338,0.6666278947397393,-0.11883056221889209,-0.3884432790487985,0.37863787275430283,0.22567225496456667,0.2655354141067145,-0.40249751065107464,0.21296166882677584,-0.4017494014703072,0.15201567909056207,-0.42685669674546184,0.17517248054540843,-0.39046450166410857,0.4042213353537698,0.19231802516606086,-0.28811108905923766,-0.3573279914952566,0.057496618607695116,-0.06974658348619538,-0.0510908244567726,0.014538623604833267,-0.01601669126749559,0.05141578569958734,-0.12731942806485635,0.011219927921051443,0.0,0.03721737417930952,-0.0857368929761976,0.0,0.11003234244622132,0.041416493863769985
94,0,0.3920537504293729,0.5592098383026944,0.418704254973068,-0.619849933543345,0.2770284338960298,-0.5379646820677549,0.21739592593467472,-0.312336053137464,0.27921619702847067,-0.5104127571460138,0.35438676631134414,0.6666278947397393,-0.37275135247940744,-0.10269063825104734,0.36138888717199213,0.3376618672288917,0.3127918359166312,-0.417763065436149,0.22897836009427142,-0.41315347147381704,0.1692210072074337,-0.42221396795054333,0.16716911773873908,-0.3951886884794372,0.3681403928929517,0.2516067588627707,-0.3304312207693226,-0.32797660913183513,-0.01724898558231071,0.11198961226432502,0.04725642180991661,-0.015265554785074315,0.01601669126749559,-0.011404070003509893,0.017205328116871622,0.004642728794918599,-0.008003362806669361,-0.004724186815328607,-0.03608094246081804,0.059288733696709804,-0.04232013171008489,0.02935138236342149
95,0,0.10457065739100625,-0.053162125639258796,0.44150340584627534,-0.503540944704654,0.03677806488541685,-0.6178906427761702,0.32062789463591423,-0.25430194320099253,0.3592498250951643,-0.6371592326792549,0.13647216333017564,0.07374055777264124,-0.7536325378701804,-0.8922146013440782,0.3939703043830042,0.22673592835106887,0.35880466767891717,-0.4319382234508617,0.21296166882677584,-0.4333786383603896,0.1898674009476816,-0.38042940879627596,0.16716911773873908,-0.40377288159509706,0.3438482732163619,0.2516067588627707,-0.376983365650418,-0.41631298105252146,0.03258141721101197,-0.11092593887782284,0.04601283176228605,-0.014175158014712742,-0.01601669126749559,-0.020225166886572533,0.0206463937402479,0.04178455915426736,0.0,-0.008584193115659878,-0.024292119676589796,0.0,-0.04655214488109548,-0.08833637192068636
96,0,0.31539159228586655,0.37078769555132157,0.418704254973068,-0.2672883111261083,0.3571118902353287,-0.3927333632196678,1.1808943004795442,-0.4593557983098789,0.039115312835668756,-0.4983142299360195,0.8563048272761714,0.6666278947397393,-0.24579095734914974,-0.1845358390721383,0.5415449588093846,0.09955098199389474,0.3275076514802457,-0.39849938915974065,0.22097001446070572,-0.4096932621992523,0.2896583040255424,-0.3777211503325716,0.15916575493243365,-0.4238794815774162,0.3574232812709266,0.31089549255948046,-0.38544739199243316,-0.3678408664283123,0.14757465442638043,-0.1271849463571741,-0.03129701619867147,0.033438834291121065,0.008008345633929886,0.023685376161137296,0.09979090307786079,0.002708258463704344,-0.008003362806305415,-0.0201065999823191,0.013575008054564708,0.059288733696709804,-0.008464026342015171,0.04847211462420912
97,0,1.1970064109370608,-0.7916553625519116,1.2384373613687245,-0.3399814291502953,0.11686152122107392,-0.3006235670375066,-0.02347866770154264,-0.327811815787178,0.6793843373546599,-0.39922153088278783,0.7562784521372853,0.07374055777264124,-0.4997117476096651,-0.6276288228276419,0.6565381960247529,-0.07002894648234086,0.4453378084931243,-0.4097668224534893,0.22097001446070572,-0.414664267072579,0.26557084466192066,-0.36185849361659717,0.20718593177135797,-0.44116309187740504,0.442088463084921,0.2516067588627707,-0.376983365650418,-0.448133830682098,0.11499323721536843,-0.1695799284762356,0.11783015701287858,-0.01126743329374857,0.0,-0.004971004873326646,-0.024087459363621735,0.015862656715974432,0.04802017683892433,-0.017283610299988848,0.08466518181399446,-0.059288733696709804,0.008464026342015174,-0.0802929642537857
98,0,-0.6812164635805873,0.13829908393068183,-0.3492125994380563,-0.40540523537203055,0.5973622592459417,-0.4692478499953349,0.9056090506095885,-0.2156125365766636,0.27921619702847067,-0.5374904132826777,0.20077483306233257,0.07374055777264124,-0.4573916158995892,-0.08787383465413692,0.48404834020171117,-0.055289472412273485,0.37403864576237444,-0.4003167171103474,0.22097001446070572,-0.3890782125775263,0.2965404352722925,-0.3398055318407327,0.20718593177135797,-0.43194516638407554,0.4612006454775316,0.2516067588627706,-0.36851933930840286,-0.39923837881226365,-0.17248985582304177,0.01473947407006738,-0.07129916273074981,0.00945010534314183,0.0,0.025586054495052652,0.030969590610371855,0.02205296177586443,0.0,0.009217925493329482,0.019112182392610578,0.0,0.008464026342015174,0.04889545186983442
99,0,1.3886618062958267,0.04408801255497812,0.2891636250116787,-0.27455762292851876,0.19694497756037277,-0.11737868151102358,1.112072988012043,-0.29686029048775003,0.519317081224912,-0.780613198169202,0.42583417712486593,0.07374055777264124,-0.37275135247940744,0.06805538415155621,0.5549608364845199,-0.04130976504684804,0.3181807261230247,-0.38359729996478686,0.20495332319321014,-0.33171671516671086,0.4169777320903988,-0.33322833271459984,0.2552061086102823,-0.4466938471734016,0.4501262968014399,0.2516067588627707,-0.38121537882142864,-0.3595152339309973,0.07091249628280873,0.013979707365425443,-0.05585791963934975,0.01671941714556053,-0.01601669126749559,0.05736149741081542,0.12043729681810625,0.0065771991261328435,0.04802017683892433,-0.014748680789326118,-0.01107434867609176,0.0,-0.01269603951302577,0.0397231448812663
100,0,0.5262125271807269,0.7263585133240585,-0.2766698466596736,-0.41994385897689274,0.11686152122107392,-0.09593513107704987,0.802377081908349,-0.3394186377745075,0.1191489408987229,-0.45856192624606823,0.3150906903639167,0.07374055777264124,-0.4573916158995892,-0.45053274174063385,0.5396284048558188,0.06384194687569264,0.2953815752498198,-0.39013968058696447,0.18893663192571453,-0.31592646439262234,0.4135366664670249,-0.3247166632572528,0.2792161970295625,-0.4731377709323855,0.3943973163669113,0.31089549255948046,-0.41083947101848767,-0.3332683247021663,-0.01533243162870126,0.10515171192254069,-0.02279915087320499,-0.006542380622177657,-0.01601669126749559,0.015790250774088577,-0.003441065623373829,0.008511669457347094,0.02401008841928019,-0.02644392375898378,-0.0557289804345286,0.059288733696709804,-0.029624092197059117,0.026246909228830984
101,0,1.0245165551139537,0.05320521301068135,-0.1305480160632415,-0.43811713848291883,0.3571118902353287,-0.2289826144513024,0.04534264476595851,-0.02603444411749126,0.3592498250951643,-0.2937915080528077,0.47406117942395987,0.6666278947397393,-0.9229130647105139,-0.3658652926153993,0.579876037881203,0.08663494801497146,0.22833134518180437,-0.4010436482905885,0.1969449775596444,-0.3164138178115686,0.4169777320904012,-0.284092786301714,0.2872195598362319,-0.49214974226236896,0.3811795453664132,0.37018422625619024,-0.46585564224159837,-0.3174637341987868,0.04024763302538439,0.02279300113927881,-0.06705023006801539,-0.010903967703623918,0.008008345633929886,-0.00048735341894629025,0.00344106562337628,0.04062387695553881,0.008003362806669361,-0.01901197132998354,-0.013217771000498035,0.059288733696709804,-0.055016171223110644,0.01580459050337945
102,0,0.16206727599863602,1.1609450683796605,0.007283214215692733,-0.5835033745312515,0.3571118902353287,-0.49507758119989614,0.5615024882721316,-0.304598171812607,-0.12095194329407902,-0.6002875307059788,0.8116501955177441,0.6666278947397393,0.5582915451424421,-0.3348205612694691,0.49554766392325894,0.21883435462278925,0.2152736496816964,-0.4163092030756627,0.2610117426296268,-0.3400017232889131,0.47891691331114233,-0.2883486210303897,0.2552061086102823,-0.5138694792060241,0.42940654766552616,0.37018422625619024,-0.36428732613739523,-0.3366550226671787,-0.08432837395794411,0.1321994066078178,-0.01305769550010795,-0.015265554785074303,0.06406676506998236,-0.02358790547734449,0.061939181220741255,-0.004255834728675745,-0.03201345122594955,-0.021719736943655164,0.048227002299112934,0.0,0.10156831610420314,-0.019191288468391843
103,0,0.43038482950112605,0.10031074869855049,0.4093773296158329,-0.28909624653338095,0.03677806488541685,-0.6364100726963597,0.07975330099969687,-0.304598171812607,0.759417965417714,-0.5121411181760503,0.8473739009244732,0.07374055777264124,-1.1345137232609233,-0.4201935724707709,0.48596489415529887,0.23083866855614565,0.24667429838433685,-0.41412840953493957,0.2449950513621312,-0.38922441860320667,0.5202097007916358,-0.284092786301714,0.32723637386848686,-0.5227993445276862,0.5178227185472268,0.31089549255948046,-0.46585564224159837,-0.33983005200937594,-0.00958276976796008,0.012004313933356409,0.03140064870264049,0.0021807935407231306,-0.01601669126749559,-0.04922269531429355,0.04129278748049336,0.004255834728675745,0.07203026525820452,-0.008929865321661946,0.0884161708817007,-0.059288733696709804,-0.10156831610420311,-0.0031750293421972386
104,0,1.331165187688197,1.6943012950387835,0.8093987949366163,-0.24184571981767178,0.5172788029102846,-0.43854458460131074,0.42385986333715375,-0.3394186377745075,0.43928345315821843,-0.35370802375948596,0.6794724855127636,0.6666278947397393,-1.1345137232609233,-0.8823367322794629,0.5798760378811811,0.3443478142297545,0.2857437523806917,-0.3763279881623723,0.2690200882635566,-0.37928240885656217,0.5408560945318837,-0.28680104476541834,0.3432430994814616,-0.5071288711890334,0.5503312904673688,0.31089549255948046,-0.5420318793197498,-0.4177946614122175,0.09391114372588241,0.1135091456736089,0.03906945399635482,0.037800421372567325,0.02402503690142548,0.00994200974664442,0.020646393740247904,-0.0027082584637043495,0.016006725612974775,0.01567047333865278,0.03250857192014195,0.0,-0.07617623707815158,-0.07796460940284156
105,0,0.21956389460626574,-0.4801510136484414,0.22283882247143702,-0.32544280554547445,0.11686152122107392,-0.48922934017241654,0.7679664256746106,-0.35876334108665,0.27921619702847067,-0.6262129461559517,0.040018158731956126,0.07374055777264124,-0.7113124061600745,-1.0636661858226988,0.5913753616027072,0.30164892542883626,0.26387729404320787,-0.35851817424645427,0.2770284338971224,-0.3664162785961868,0.5855899476357533,-0.2972471845539841,0.33523973667479223,-0.506034242536703,0.5406858900075469,0.31089549255948046,-0.5377998661487393,-0.4349398198600795,0.011499323721525949,-0.04269888880091826,-0.02186645833748383,0.01780981391591796,0.008008345633565707,0.012866130260375369,0.04473385310386964,-0.010446139788565744,-0.008003362806669361,0.0010946286523303207,-0.009645400459821952,0.0,0.004232013171010585,-0.017145158447862064
106,0,0.6412057643959863,0.9679643254004016,0.7617278431108213,-0.37269333226118356,0.03677806488541685,-0.3259659448230152,-0.3675852300389995,-0.37423910373636393,0.19918256896541653,-0.27996461981282916,0.37403480428507374,0.6666278947397393,-0.41507148418948325,-0.31012588860791834,0.6239567788137191,0.3613665884137443,0.2981796528569832,-0.3690586763599618,0.2449950513621312,-0.3597395367565216,0.43074199458389895,-0.2887355150966326,0.351246462287767,-0.48419928152438396,0.49245888770843715,0.3108954925594805,-0.5547279188327727,-0.4474988248136576,0.03258141721101197,0.05971766298490799,0.03430235881377533,-0.010540502113507526,-0.03203338253499118,0.0066767418396652565,-0.15484795305185436,0.008511669457351495,0.016006725612974775,0.02183496101231903,-0.04822700229910977,0.0,-0.01692805268403335,-0.012559004953578003
107,0,0.08540511785512968,-0.03492772472785233,0.8145804201350672,-0.30726952603940705,0.03677806488541685,-0.12858781014693013,0.5270918320383933,-0.4206663916855499,0.039115312835668756,-0.21255853964286847,1.1331635441784653,0.07374055777264124,-0.7113124061600745,-0.25861985705674045,0.5127966495055261,0.43703935219615014,0.25579395873361743,-0.365787486048873,0.2369867057285655,-0.342535961067464,0.4857990445578926,-0.29802097268646977,0.2872195598358679,-0.46553298240039204,0.5301473969125551,0.31089549255948046,-0.5758879846878137,-0.41059792823656743,-0.11116012930819312,0.07567276378240592,-0.042385694123365736,0.003271190311088823,-0.008008345633565707,0.017203575689057646,0.05505704997399359,-0.009285457589837193,-0.06402690245189911,0.018666299123991936,0.037688509204118,0.0,-0.021160065855040943,0.03690089657709014
108,0,-0.029588119360347706,-0.2400647349813478,0.69851201568965,-0.4671943856926019,0.5973622592459417,-0.5165211316338699,0.49268117580463044,-0.289122409162893,0.19918256896541653,-0.7523833013458472,0.4061861391511363,1.2595152317068374,-0.33043122076933157,-0.0963405795666679,0.57795948392755,0.3992029703049472,0.3605664202463881,-0.37196640108093015,0.23698670572856545,-0.34726328923131744,0.44450625707739677,-0.3053719599450927,0.2792161970295625,-0.487022271206709,0.5506885275214355,0.4294729599529001,-0.5631919451747879,-0.41144460272782046,0.06516283442202396,-0.03783638189120296,0.10477246151277064,-0.0061789150320571366,0.0,-0.0047273281638535005,-0.04129278748049581,-0.007350987258622941,-0.008003362806305415,-0.021489288806316953,0.020541130608880374,0.11857746739341961,0.012696039513025763,-0.0008466744912530979
109,0,1.1778408714009665,-0.370744608179899,0.5275183841406303,-0.4890023210998332,0.11686152122107392,-0.28064207686042497,0.6991451132071095,-0.4361421543353079,-0.44108645555357456,-0.14918530187627413,1.3082097006715396,0.07374055777264124,-0.6266721427399228,-0.5366113150179778,0.556877390438064,0.3577197082314595,0.3844018961592833,-0.3934108708980616,0.22897836009463557,-0.36358962876625756,0.40321346959690346,-0.3193001463298485,0.18317584335171386,-0.42387948157741623,0.638926079876103,0.4294729599529001,-0.5885840242008393,-0.47191127264477384,-0.02108209348948602,-0.041483262073487716,0.023835475912895164,-0.021444469817131447,-0.008008345633929884,-0.016326339534940136,-0.04129278748049335,-0.013928186384755787,-0.09604035367784866,0.06314278962929279,0.08823755235466738,0.0,-0.025392079026051534,-0.060466669916953396
110,0,-0.16374689611148377,-0.3008460713527718,0.25289224862247556,-0.6998123633699425,0.11686152122107392,0.05611913563635628,0.07975330099969687,-0.6025066028198652,0.519317081224912,-0.4401260752594302,0.5776599251035442,0.07374055777264124,0.13509022804159318,-0.9613596847963601,0.4878814481088429,0.25499924976377647,0.43735810568749817,-0.4213977213373665,0.22897836009463557,-0.34838420209491694,0.3309510915060382,-0.34560894283438426,0.2231926573843328,-0.4220358964787524,0.6651830033500656,0.4294729599529001,-0.5293358398067213,-0.5229939669503466,-0.06899594232922106,-0.10272045846768303,0.05295620952821491,-0.02798685043930497,0.0,0.015205426671340616,-0.0722623780908652,-0.026308796504535777,0.04001681403261891,0.0018435850986638024,0.026256923473962756,0.0,0.05924818439411824,-0.05108269430557263
111,0,0.10457065739100625,-0.23094753452564457,0.49539230791021144,-0.6889083956663268,-0.12338884778953907,-0.6973292500655328,0.32062789463591423,-0.4245353323479784,0.519317081224912,-0.5582307456426454,0.5580118871298146,0.07374055777264124,-0.9229130647105139,0.0991001154974864,0.3958868583365482,0.22658397501014388,0.4999521380848434,-0.44647684705570734,0.18092828629214883,-0.39521886565634,0.3584796164930338,-0.385459031657433,0.23919938299730753,-0.44847982023773614,0.6735780741206511,0.37018422625619024,-0.5293358398067212,-0.476497426139058,-0.09199458977229474,-0.02841527475363259,0.06259403239734529,-0.025079125718340794,-0.04805007380248678,-0.04683466356142304,0.027528524986995574,-0.03985008882304871,0.016006725612974775,-0.026443923758983773,0.008395070770585478,-0.059288733696709804,0.0,0.04649654081128857
112,0,0.08540511785512968,0.49083083488485113,0.03008236508890008,-0.5544261273216098,-0.12338884778953907,-0.15003136058090386,-0.09229998016901934,-0.47096262029716435,0.5993507092879662,-0.31914080315948734,0.10432082846411304,0.07374055777264124,-0.4573916158995892,-0.382093220364394,0.38822064252219757,0.15957255166066295,0.5022320531721642,-0.44356912233474316,0.13287821248966206,-0.36071424359444076,0.2930993696489187,-0.4020954765058887,0.3112296482555121,-0.42036514748308695,0.602845137415288,0.31089549255948046,-0.6309041559109243,-0.48122469204855045,-0.007666215814350634,-0.06701142334948093,0.002279915087320735,0.0029077247209641664,-0.04805007380248678,0.03450462206189923,-0.06538024684411509,-0.016636444848455733,0.07203026525820452,0.02811467275464915,-0.0707329367053631,-0.059288733696709804,-0.10156831610420314,-0.004727265909492495
113,0,0.7945300806832168,-0.7004833579947757,-0.2559433458658466,-0.2273070962128096,0.19694497756037277,-0.112017793902508,1.1808943004795442,-0.6141134248071507,0.27921619702847067,-0.11404196093292994,0.2811531702275208,-0.5191467791944568,-0.33043122076933157,0.5647710856863892,0.42463516764040665,0.07949314099133034,0.43569998562399626,-0.437390207302686,0.14889490375715764,-0.3082750157150556,0.40321346959690346,-0.43304700180534306,0.2632094714165877,-0.3805552317587749,0.5462230643455928,0.2516067588627707,-0.5504959056617651,-0.38272822623283453,0.03641452511820908,-0.08007941066933262,-0.06653206754816796,0.0061789150320571366,0.01601669126749559,0.052439227879385174,0.11011409994798474,-0.030951525299454368,-0.04802017683892433,0.03980991572431204,-0.056622073069695245,-0.059288733696709804,0.08040825024915917,0.098496465815716
114,0,0.6220402248601098,1.1776599358817832,0.6840034651339877,-0.20186450490437308,0.2770284338960298,-0.4570640145215003,-0.4364065425064762,-0.4013216883734074,0.3592498250951643,0.01731347734697062,0.7777126753813164,-1.1120341161615548,-0.24579095734914974,-0.6212787641432373,0.35372267135759794,0.02782900507563032,0.42316045264373336,-0.43339208581135613,0.12486986685573216,-0.3101269587070745,0.31718682901254047,-0.4392373068652331,0.2552061086102823,-0.34345308164812927,0.556047083332448,0.07374055777264125,-0.46162362907058785,-0.35662242941921185,-0.07091249628280871,-0.05166413591570003,-0.012539532980262858,0.00399812149132987,-0.02402503690142548,-0.0018519429920189566,-0.086026640584363,-0.006190305059889994,-0.008003362806305415,0.03710215011064566,0.009824018986855277,-0.1778662010901294,0.08887227659117736,0.026105796813622552
115,0,-0.18291243564736037,0.6169521078555161,-0.11085784030910469,-0.6816390838638751,0.3571118902353287,0.10582918436962273,0.42385986333715375,-0.5328656708961083,-0.12095194329407902,-0.5449799777460125,0.783071231192348,1.2595152317068374,0.00812983291133551,-0.9211426464618568,0.3134750383322353,0.13753931722602605,0.3897907863656792,-0.46901171364319627,0.14889490375715764,-0.2506211062528706,0.28277617277879474,-0.45664753984617884,0.21518929457802738,-0.3353297848071354,0.6303523905784872,0.19231802516606086,-0.3896794051634468,-0.3423700754831277,-0.04024763302536261,0.10971031215039576,-0.03336966627805417,-0.03561962783184006,0.02402503690142548,0.05950585245420392,-0.03441065623374569,-0.01741023298094583,-0.04001681403225497,0.00812329684099392,0.07430530724603919,0.11857746739341961,0.071944223907141,0.014252353936084195
116,0,1.5611516621189339,1.397992280228152,0.017646464612594455,-0.4526557620877397,0.2770284338960298,-0.5023878824841792,0.25180658216841306,-0.3394186377745075,0.519317081224912,-0.15725098668290205,0.647321150646701,0.07374055777264124,-0.880592933000408,-0.4371270622958077,0.4054696281045301,0.1805421127088011,0.3153826485158565,-0.47700795662585194,0.17291994065821895,-0.268263300018987,0.344715353999536,-0.4531654932499933,0.2472027458039769,-0.32305842149414266,0.6576810252146499,0.1330292914693511,-0.43623155004453923,-0.35507019285191666,0.09199458977229476,0.04300279548277504,-0.07440813784982268,-0.007996242982655615,0.024025036901061298,-0.0176421937661164,0.061939181220741255,0.003482046596185645,0.03201345122594955,0.012271363312992712,0.02732863463616273,-0.059288733696709804,-0.04655214488109247,-0.012700117368788937
117,0,0.2770605132141134,-0.01365425699784357,0.9648475508902835,-0.5289835360131319,0.03677806488541685,-0.3737265798805142,0.49268117580463044,-0.3316807564496065,0.27921619702847067,-0.31510796075617337,1.3778709262146964,0.6666278947397393,0.1774103597516991,-1.431969589517583,0.4246351676404284,0.182669459481802,0.33040936159137824,-0.49917935762322435,0.17291994065821895,-0.2927771769923454,0.3412742883761597,-0.444266929726399,0.2712128342232571,-0.33331336360547315,0.682151763418273,0.19231802516606086,-0.3473592734533619,-0.472405166098001,0.019165539535898373,0.002127346773000876,0.015026713075521636,-0.02217140099737248,0.0,-0.024513876973358408,-0.0034410656233762825,0.008898563523594343,0.02401008841928019,-0.01025494211133049,0.02447073820362311,0.059288733696709804,0.08887227659117736,-0.11733497324608426
118,0,0.8903577783625998,-0.6624950227626443,0.03008236508890008,-0.40903989127323576,0.3571118902353287,-0.0998339584286734,0.2862172384021759,-0.46709367963473586,0.19918256896541653,-0.36926327302944867,0.574087554562846,0.6666278947397393,0.13509022804159318,-0.3073036403037497,0.5166297574127232,0.1404264307036723,0.2635663965313032,-0.49336390818128767,0.14889490375715764,-0.25110845967182577,0.32062789463591423,-0.46206405677358325,0.2712128342232571,-0.2950013607738333,0.6989419049594441,0.13302929146935108,-0.30080712857226943,-0.49350147217170903,0.09199458977229474,-0.042243028778129646,-0.066842965060075,0.005815449441936615,-0.024025036901061298,0.04166871732051965,-0.020646393740245454,-0.017797127047184287,0.0,0.03831200283163985,0.016790141541170967,-0.05928873369670982,0.04655214488109247,-0.021096306073708177
119,0,-0.08708473796797746,-0.3160414054456105,0.3917598039411,-0.45992507389019144,0.19694497756037277,-0.43708252434441863,0.25180658216841306,-0.4284042730104069,-0.3610528274905204,-0.3698393933727942,0.06145238197601901,0.07374055777264124,-1.1345137232609233,0.17106744725393702,0.3901371964758288,0.14589675097710117,0.2499905385113501,-0.49045618346032355,0.15690324939108752,-0.26675250442022513,0.2758940415320446,-0.46129026864109307,0.27921619702956246,-0.3170667699234853,0.5742661730898919,0.13302929146935105,-0.35159128662436945,-0.4227335959445176,-0.1264925609368944,0.005470320273428852,-0.013575858019953035,0.0029077247209641777,0.008008345633929884,-0.015644044748399366,-0.04473385310386964,0.0007737881324900997,0.008003362806305415,-0.022065409149652007,-0.12467573186955205,0.0,-0.05078415805210005,0.07076787622719147
120,0,1.2545030295446906,-0.8022920964168987,-0.3139775480885669,-0.18369122539830565,0.19694497756037277,-0.056459504141850594,1.112072988012043,-0.5212588489087788,0.1191489408987229,-0.1791435597295609,0.9063180148456302,0.07374055777264124,-1.1768338549709991,-0.4568828004250383,0.5319621890414463,0.0957521484706885,0.1933035588402459,-0.43884406966315986,0.1649115950250174,-0.2780103683980458,0.37912601023327924,-0.4531654932499845,0.2391993829969436,-0.29096851837049836,0.6071319820641006,0.13302929146935108,-0.4827836949256287,-0.37228590750738544,0.14182499256561745,-0.050144602506412686,-0.056686979671104254,0.05161211379716368,0.008008345633929884,-0.011257863977820687,0.1032319687012346,0.008124775391108641,-0.04001681403261891,0.02609825155298693,0.0328658089742086,0.0,-0.13119240830125922,0.05044768843713219
121,0,0.6028746853242332,1.1335934670125163,0.3782875784251042,-0.23457640801526133,-0.043305391453882,0.22279400491841714,0.49268117580463044,-0.3394186377745075,0.27921619702847067,0.03862993005028391,0.7419889699745873,0.07374055777264124,-0.7536325378701804,-0.47240516609801597,0.581792591834769,0.2322062486245046,0.18159308589173517,-0.3934108708980534,0.1729199406585831,-0.18599804289965083,0.39633133835015083,-0.4446538237926374,0.21518929457729946,-0.2312824508012054,0.6255296903485779,0.13302929146935105,-0.46585564224159537,-0.4294364356669357,0.049830402793322695,0.1364541001538161,-0.011710472948510724,0.04543319876510654,0.008008345633565707,0.092012325498395,0.017205328116871622,0.008511669457347094,-0.024010088419644138,0.059686067569292935,0.018397708284477267,0.0,0.016928052684033357,-0.05715052815955024
122,0,0.4687159085728792,0.31608449281703305,0.6498047388241884,-0.38723195586600445,-0.043305391453882,-0.31232004909237715,0.4582705195708921,-0.47483156095959284,0.1191489408987229,-0.1578271070262476,-0.1260970714094202,-0.5191467791944568,-0.7536325378701804,-0.183124714920054,0.6201236709065439,0.2147316144177228,0.243565323265264,-0.3766914537524928,0.1809282862921488,-0.20222691175079816,0.45138838832414196,-0.44504071785888016,0.16716911773837512,-0.21515108118788148,0.6024879003612245,0.07374055777264127,-0.49547973443865445,-0.40953958512250166,0.03833107907177495,-0.01747463420678181,0.06197223737352884,0.016719417145560533,0.008008345633565707,-0.01622886885114733,0.05505704997399115,-0.0003868940662428488,-0.04802017683892433,0.016131369613323975,-0.023041789987353324,-0.059288733696709804,-0.029624092197059117,0.019896850544434002
123,0,0.5070469876448502,-0.04252539177427169,-0.07769543903899562,-0.41630920307568753,0.43719534657098574,-0.16124048921681042,-0.09229998016901934,-0.6102444841447222,0.519317081224912,-0.2880303046195095,0.5562257018594814,1.2595152317068374,-0.7113124061600745,-0.831536262804302,0.5913753616027073,0.2805274110397732,0.2613901139479491,-0.3955916644387806,0.20495332319321014,-0.20714918128222842,0.3240689602592856,-0.4446538237926374,0.19117920615801925,-0.23254991555653942,0.6299951535244205,0.25160675886277073,-0.5335678529777288,-0.5491703199715707,-0.02874830930383666,0.0657957966220504,0.0178247906826851,-0.018900210686287795,0.024025036901061298,-0.004922269531430242,-0.12731942806485635,0.0003868940662428488,0.024010088419644138,-0.017398834368657957,0.02750725316319606,0.17786620109012943,-0.038088118539074296,-0.13963073484906913
124,0,-1.1986860310496907,-0.41329154363988196,-0.07873176407868579,-0.3181734937430227,-0.283555760464495,0.17795749037470227,0.5615024882721316,-0.29686029048775003,-0.12095194329407902,-0.48506346203938655,0.6366040390246696,0.07374055777264124,-0.7959526695802562,-0.2289862498628946,0.4093027360117271,0.12143226308760666,0.18511659102668176,-0.40722256332264556,0.14889490375715764,-0.14364703079260815,0.4238598633371463,-0.43420768400407167,0.1431590293190949,-0.2827876094951751,0.6158842898887558,0.37018422625619024,-0.5885840242008393,-0.5099410685435365,-0.18207262559098006,-0.1590951479521665,-0.07627352292126735,-0.01163089888386496,-0.05605841943605248,0.06350215048962025,0.09979090307786079,0.010446139788565739,-0.04802017683892433,-0.05023769393863572,-0.014110863635664684,0.11857746739341961,-0.055016171223110644,0.039229251428034274
125,0,-0.12541581703973062,0.431569031922711,0.5202641088627992,-0.34725074095270575,0.5973622592459417,-0.0788777614136637,0.9744303630770652,-0.5173899082463503,0.039115312835668756,-0.8134520577391642,0.2740084291461559,0.6666278947397393,-0.16115069392899803,-0.6184565158390687,0.41505239787249015,0.10289395549432614,0.24822878594387215,-0.3737837290315286,0.17291994065821892,-0.16211772537093677,0.47891691331113756,-0.4326601077390958,0.1591657549320697,-0.30963481749449034,0.5649780096841367,0.31089549255948046,-0.6055120768848727,-0.47967245548125775,0.005749661860762975,-0.018538307593280512,0.06311219491719039,0.03343883429111693,0.024025036901061298,-0.018470694578328645,0.05505704997399115,0.001547576264975792,0.016006725612974775,-0.02684720799931517,-0.0509062802046192,-0.05928873369670982,-0.016928052684033353,0.030268613062278814
126,0,1.0053510155780772,1.7262114966337447,1.4985549463311933,-0.3399814291502953,0.11686152122107392,-0.02624359216670178,0.3894492071034154,-0.6334581281193372,0.8394515934844077,-0.6423443157692599,0.6687553738907321,0.6666278947397393,-0.6689922744499986,-0.3192981955964915,0.3594723332184045,0.13571587713488542,0.39631963411573207,-0.36251629573778416,0.15690324939072334,-0.11450329633918907,0.49268117580463777,-0.4620640567735788,0.19117920615801925,-0.3581441504031261,0.5671214320085397,0.37018422625619024,-0.5843520110298319,-0.46788956881132604,-0.05558006465408567,0.03282192164055928,0.14809084817185988,0.011267433293744444,-0.01601669126749559,0.04761442903174774,0.013764262493500235,-0.029403949034482974,0.03201345122594956,-0.04850933290863578,0.00214342232440311,0.059288733696709804,0.021160065855040933,0.011782886669931625
127,0,-0.604554305437081,0.7050850455940844,0.5969521617999426,-0.5362528478155424,0.5172788029102846,-0.17098755759591355,0.18298526970093637,-0.5444724928833938,0.039115312835668756,-0.36292594925280497,0.36689006320370887,-0.5191467791944568,-0.20347082563907387,-0.13091312129280888,0.27131085135328503,0.2075898073940782,0.35953009520669793,-0.3632432269180252,0.20495332319321014,-0.09422939411072899,0.46171158519426836,-0.4833432304169576,0.16716911773873908,-0.36292594925278926,0.46602334570744103,0.2516067588627707,-0.6224401295689092,-0.33778392198884866,-0.08816148186511943,0.0718739302591928,-0.036789538909034095,-0.0007269311802410528,0.04805007380248678,0.020273902228460067,-0.030969590610369406,-0.021279173643378734,-0.02401008841928019,-0.0047817988496631604,-0.10109808630109876,-0.11857746739341961,-0.0380881185390773,0.1301056468224774
128,0,0.04707403878337651,0.022814544825003908,0.32647132644054844,-0.2636536552249031,0.5172788029102846,-0.2840535507930845,-0.1611212926365205,-0.2001367739269496,0.3592498250951643,-0.32720648796616764,0.5705151840221794,0.07374055777264124,-0.7959526695802562,0.07440544283593564,0.18698247739536272,0.27612076415284303,0.38916899134186284,-0.348704603313192,0.2209700144607057,-0.1126513533471701,0.4169777320903987,-0.45664753984617884,0.18317584335171383,-0.3587202707464611,0.4656661086533743,0.19231802516606084,-0.715544419331094,-0.29961301367488014,-0.08432837395792234,0.06853095675876482,0.02963889613516484,0.014538623604833267,0.01601669126749559,-0.018421959236441108,-0.04473385310386964,0.02669569057077863,0.016006725612974775,0.004205678506328104,-0.0003572370540666614,-0.059288733696709804,-0.09310428976218495,0.038170908313968535
129,0,0.43038482950112605,0.4999480353405543,0.18864009616163777,-0.5108102565071059,0.19694497756037277,-0.2747938358329453,1.008841019310828,-0.5908997808325798,-0.20098557136077266,-0.4539529634994087,0.6437487801060344,0.07374055777264124,-0.542031879319741,-0.8837478564315472,0.23872943414227307,0.3577197082314595,0.3688570205639166,-0.3537931215748834,0.2209700144607057,-0.09642248449602275,0.4926811758046402,-0.4728970906283962,0.1991825689646886,-0.3671316277591226,0.5238957484663759,0.19231802516606086,-0.6562962349369759,-0.4050945440434285,0.05174695674691036,0.08159894407861648,-0.020311970777946223,-0.005088518261691444,0.0,0.016228868851147334,0.0757034437142415,-0.016249550782217285,0.016006725612974775,-0.008411357012661453,0.05822963981300154,0.0,0.05924818439411823,-0.10548153036854842
130,0,0.7561990016114637,0.2553031564456436,0.017646464612594455,-0.34725074095270575,0.7575291719208976,-0.1310245772416616,0.11416395723343523,-0.38197698506126493,0.039115312835668756,-0.22292870582287855,1.5261243036527081,0.07374055777264124,-0.8382728012903321,-0.23321962231914753,0.1888990313489504,0.46347923351771375,0.4020194218340327,-0.3701490731303234,0.27702843389675824,-0.10387899180600386,0.39289027272677945,-0.4589689042436449,0.1911792061583832,-0.37151014236845437,0.5858763773470836,0.19231802516606084,-0.6224401295689092,-0.3827282262328395,-0.049830402793322695,0.10575952528625424,0.03316240127011614,-0.01635595155544001,0.056058419436052484,-0.007456507309981102,-0.09979090307786079,0.013928186384751389,-0.008003362806305415,-0.004378514609331766,0.06198062888070779,0.0,0.0338561053680667,0.02236631781058908
131,0,0.2578949736782368,0.013697344369266127,0.7119842412056459,-0.3581547086563214,0.5973622592459417,-0.11055573364570458,0.42385986333715375,-0.3935838070485504,0.519317081224912,-0.30128107251614245,0.6205283715916383,0.6666278947397393,-0.16115069392899803,-1.1151722173739018,0.15440106018435074,0.3514896212533888,0.4353890881120869,-0.38250690319442937,0.34109519896674056,-0.13721396566241603,0.38600814148003176,-0.4643854211710491,0.21518929457802738,-0.405501242625097,0.5737303175087888,0.2516067588627707,-0.5631919451747909,-0.44700493136042807,-0.034497971164599635,-0.11198961226432502,0.03336966627805417,-0.012357830064106004,0.06406676506998236,-0.03333497385641217,-0.006882131246747669,-0.005416516927404291,0.024010088419644138,-0.033991100256642634,-0.012146059838294898,0.059288733696709804,0.05924818439411823,-0.06427670512758858
132,0,1.7528070574779175,0.10031074869855049,0.5399542846169124,-0.2709229670273135,0.3571118902353287,-0.33912448713477783,0.25180658216841306,-0.14597160465290665,0.1191489408987229,-0.2500063619595424,0.590163221995909,-0.5191467791944568,-0.20347082563907387,-0.8498808767814483,0.28281017507485456,0.32991224684154047,0.42440404269135923,-0.37087600431056034,0.3811369271356616,-0.1398944094666561,0.36536174773978386,-0.4314994255403805,0.21518929457802732,-0.41471916811842646,0.6453563468493217,0.2516067588627707,-0.5081757739516803,-0.5136805475465674,0.12840911489050383,-0.021577374411848253,-0.010985045420727601,0.011630898883869095,0.04004172816892107,-0.002680443804240068,-0.020646393740247904,0.032885995630668616,0.0,-0.00921792549332948,0.07162602934053292,0.0,0.055016171223110644,-0.06667561618613943
133,0,0.43038482950112605,-0.08355279382497079,0.35963372771065755,-0.32544280554547445,0.9176960845958535,-0.21679877897746783,0.8711983943758257,-0.37037016307393544,0.3592498250951643,0.0017582280769555068,0.19184390671063442,0.6666278947397393,-0.542031879319741,-1.3564744473808965,0.2751439592604822,0.32580950663647057,0.4681369593663246,-0.361789364557539,0.42918700093814843,-0.1454502384427218,0.46171158519426836,-0.4075119934333018,0.19918256896505254,-0.38574031484878,0.608918167334437,0.19231802516606086,-0.4912477212676468,-0.5661743660042269,-0.007666215814372418,-0.0041027402050699095,0.043732916674965316,0.009086639753021309,0.04805007380248678,-0.005555828976065741,0.0963498374544845,0.023987432107078675,-0.016006725612974775,0.028978853269646505,-0.03643817951488469,-0.05928873369670982,0.016928052684033357,-0.05249381845765945
134,0,0.967019936506324,0.9573275915354145,0.2725824243766124,-0.15824863408986914,0.2770284338960298,0.08779710786839716,0.21739592593467472,-0.4245353323479784,0.27921619702847067,-0.29724823011282847,1.0920812829607045,1.8524025686739354,0.00812983291133551,-0.5105055182043677,0.49171455601608366,0.4628714201540002,0.5032683782118543,-0.3457968785922237,0.4852454203742009,-0.15446627669335236,0.4273009289605227,-0.4202794976193246,0.23919938299730753,-0.3669587916561242,0.6544658917280405,0.37018422625619024,-0.41083947101848767,-0.5943262928383743,0.21657059675560147,0.13706191351752964,0.03513141884552982,0.015992485965315353,0.05605841943605248,-0.00901603825063051,-0.03441065623374569,-0.012767504186022838,0.04001681403225497,0.01878152319265581,0.045547724393603495,0.1778662010901294,0.08040825024915918,-0.02815192683414731
135,0,0.14290173646275942,0.18996321984636805,0.0021015890172418734,-0.547156815519158,-0.283555760464495,-0.21582407213962843,0.2862172384021759,-0.4245353323479784,0.1191489408987229,0.04496725382692762,-0.0564358458662634,0.07374055777264124,-0.6689922744499986,-1.0227435854121782,0.5185463113663327,0.4387108389463659,0.4514521262272987,-0.3657874860488689,0.3971536184031572,-0.1681609077659488,0.3584796164930337,-0.4109940400294875,0.24720274580361296,-0.281116860499515,0.6214214642267986,0.31089549255948046,-0.4616236290705878,-0.6347549997956852,0.026831755350249002,-0.024160581207634296,-0.05181625198455573,-0.019990607456645222,-0.08809180197104367,-0.013694631072596473,-0.06882131246748893,0.009285457589837193,0.008003362806305415,0.08584193115660918,-0.03304442750124193,-0.059288733696709804,-0.050784158052100056,-0.040428706957310954
136,0,0.9286888574343529,0.0030606105042790227,0.10884306810542384,-0.23457640801526133,0.43719534657098574,-0.42148721493792457,-0.05788932393528099,-0.37423910373636393,0.27921619702847067,-0.5484366998059809,0.32402161671561486,-0.5191467791944568,-0.41507148418948325,-0.9112647773972415,0.5108800955519602,0.26639575033341933,0.3124809384047217,-0.35524698393536547,0.42918700093814843,-0.20768527004307108,0.31374576338916416,-0.38507213759119013,0.19117920615801925,-0.2717260989031871,0.5869480885092868,0.19231802516606084,-0.43623155004453623,-0.6939516579757602,-0.007666215814372423,-0.1723150886129466,-0.13897118782257695,0.010540502113503394,0.03203338253499118,-0.03952436227712228,-0.04473385310386964,0.02592190243829733,-0.0560235396455937,0.009390761596327901,-0.03447337571751173,-0.11857746739341961,0.02539207902605154,-0.059196658180075
137,0,0.44955036903700263,0.12918188347494405,0.24460164830495418,-0.18005656949710044,0.6774457155852405,-0.28210413711722837,0.3894492071034154,-0.35876334108665,0.43928345315821843,-0.5121411181760503,0.2561465764427913,0.07374055777264124,-1.68467543549203,-0.5055665836720726,0.6162905629993686,0.20880543412150526,0.2772458870552229,-0.3196273561035213,0.445203692205644,-0.2187969279952026,0.334392157129412,-0.3665012224115157,0.23119602019027422,-0.2866476157955117,0.575873739833195,0.2516067588627707,-0.5843520110298318,-0.7314170042136865,0.10541046744740837,-0.05759031621191403,-0.03523505134949884,0.03561962783184419,0.016016691267495588,-0.011111657952131482,0.020646393740247904,0.018570915179674387,0.04001681403225497,-0.014921516892324538,-0.011074348676091755,0.059288733696709804,-0.1481204609852956,-0.03746534623792638
138,0,0.7945300806832168,0.7689054487840415,0.10884306810542384,-0.601676654037319,0.2770284338960298,-0.16513931656843395,0.6991451132071095,-0.5096520269214934,0.1191489408987229,0.03286872661693333,0.30437357874191695,1.2595152317068374,-0.7536325378701804,-0.8710477390627632,0.6910361671893526,0.28341452451740906,0.25548306122171044,-0.35342965598476284,0.42117865530421855,-0.20690550457273754,0.42041879771377494,-0.3974527477109701,0.20718593177063008,-0.2506400943372015,0.5492595793051688,0.3701842262561903,-0.5801199978588243,-0.8259623224035565,0.07474560418998404,0.07460909039590377,-0.02176282583351246,-0.03380229988124159,-0.02402503690142548,0.011891423422465052,0.086026640584363,-0.030951525299454375,-0.024010088419644138,0.0360075214583101,-0.026614160528026242,0.11857746739341961,0.004232013171007587,-0.09454531818986989
139,0,-0.872871858939571,0.4406862323784488,0.3990140792189312,-0.28909624653338095,-0.36363921680379385,-0.17391167810960903,0.14857461346719802,-0.312336053137464,0.519317081224912,-0.1578271070262476,0.8187949365990772,0.6666278947397393,-0.37275135247940744,-0.8026082176864984,0.5607104983452829,0.2774883442211985,0.27652045952743975,-0.33125825498739037,0.36512023586780185,-0.1968172888004039,0.334392157129412,-0.3695963749414585,0.27921619702919853,-0.2210275086898854,0.566764194954473,0.4294729599529001,-0.5631919451747909,-0.8178483585290517,-0.1303256688440697,-0.005926180296210554,0.02103739830572934,0.02217140099737249,-0.056058419436416665,0.010088215772333629,-0.08602664058436299,0.027856372769511577,0.07203026525856847,0.029612585647316114,0.017504615649304278,0.059288733696709804,0.01692805268403335,0.008113963874504882
140,0,0.8520266992908466,1.1351130004218002,0.5627534354901197,-0.37269333226118356,0.19694497756037277,-0.07449158064307615,0.3894492071034154,-0.4554868576474504,-0.040918315231024883,-0.08523594376628187,0.10074845792344647,1.2595152317068374,-1.1768338549709991,-0.5471947461586352,0.5702932681132211,0.36546932861881415,0.33103115661519233,-0.33380251411823814,0.30906181643174935,-0.19116398914054536,0.36192068211641,-0.3769473622000771,0.2712128342225292,-0.20725823248422576,0.42422661038154696,0.5480504273463197,-0.5970480505428577,-0.8492458709130004,0.009582769767938292,0.08798098439761566,0.054510697087752524,-0.0025442591308477815,-0.056058419436052484,0.005653299659858546,0.027528524986998017,-0.0073509872586185465,-0.008003362806669365,0.01376927620565967,-0.14253758457292615,0.11857746739341961,-0.0338561053680667,-0.031397512383948764
141,0,-0.010422579824471123,0.06232241346641913,-0.5637318826541104,-0.44538645028532925,0.2770284338960298,0.2939476040856573,0.59591314450587,-0.41679745102312143,0.19918256896541653,-0.15033754256291282,0.5294329228044187,0.6666278947397393,-0.24579095734914974,-0.7313464480060899,0.5434615127629503,0.3703318355285295,0.2034595442292167,-0.34252568828113894,0.2770284338967582,-0.15071365536740916,0.37912601023328163,-0.3792687265975342,0.23919938299657967,-0.19216387948890282,0.415117065502825,0.5480504273463197,-0.6055120768848729,-0.8108632939762191,-0.026831755350270797,0.0048625069097153,-0.12757161238597564,-0.008723174162900787,-0.03203338253499118,0.040450333773136185,0.017205328116871622,-0.002321364397457104,-0.03201345122594955,0.015094352995322963,-0.009109544878721964,0.0,-0.008464026342015171,0.03838257693678119
142,0,0.14290173646275942,0.3905416298720119,1.06122577958154,-0.4308478266805084,0.2770284338960298,0.029802051012919644,0.8711983943758257,-0.2775155871755635,0.1191489408987229,-0.18029580041625196,0.12218268116747763,1.2595152317068374,-0.16115069392899803,-0.796963721078161,0.3824709806614346,0.39935492364587566,0.2555866937256794,-0.3585181742464584,0.2690200882628283,-0.11382100155263941,0.4410651914540229,-0.3924231248497999,0.23919938299657967,-0.18519282333457374,0.3683190114199818,0.7259166284364491,-0.6012800637138651,-0.8055715784058904,-0.16099053210151582,0.029023088117346142,0.052127149496462764,-0.015992485965319492,-0.008008345633929886,0.03689265381476975,0.06193918122074127,-0.013154398252265687,0.0,0.006971056154329044,-0.046798054082843134,0.17786620109012943,0.004232013171007585,0.005291715570328726
143,0,0.2578949736782368,-0.34491254022203865,0.18449479600287708,-0.49627163290224363,0.03677806488541685,-0.043788315249051975,0.9744303630770652,-0.320073934462321,0.27921619702847067,-0.43321263113938857,1.14030828525983,0.6666278947397393,-0.5843520110298168,-0.8590531837699964,0.36522199507914566,0.37321894900616887,0.23807280055490138,-0.37560105698213536,0.18092828629178465,-0.09651995517979783,0.4513883883241469,-0.3873935019886384,0.23119602018991028,-0.22868990925620816,0.46316544927490144,0.7259166284364491,-0.6055120768848729,-0.7558294520448003,-0.017248985582288923,-0.026135974639706787,-0.017513893170778047,-0.01708288273567692,-0.08809180197104367,0.017301046372841584,0.010323196870123952,0.005029622861161443,-0.008003362806669361,-0.04349708592163441,0.09484643785491956,0.0,-0.004232013171007587,0.04974212636109001
144,0,1.0053510155780772,0.3373579605470418,0.8757235974768345,-0.503540944704654,0.5172788029102846,0.1945275066191244,0.07975330099969687,-0.4013216883734074,0.43928345315821843,-0.08350758273629766,0.8473739009244732,0.6666278947397393,-0.20347082563907387,0.09204449473703974,0.36905510298632094,0.3112219859073315,0.29838691786492355,-0.41013028804361384,0.20495332319321014,-0.08584691530472512,0.43762412583064914,-0.3850721375911813,0.24720274580288507,-0.2073158445185551,0.43869471107127833,0.6073391610430294,-0.6266721427399138,-0.6955744507506597,0.003833107907175315,-0.06199696309883727,0.06031411731002221,-0.034529231061478496,0.02402503690142548,0.010673039875072725,-0.013764262493497787,0.0023213643974570987,0.016006725612974775,0.021374064737653083,-0.02447073820362313,-0.11857746739341961,-0.02116006585504094,0.06025500129414074
145,0,0.21956389460626574,-0.2886898040785008,0.4808837573545255,-0.14007535458380171,0.3571118902353287,-0.05889627123658205,0.25180658216841306,-0.3858459257236934,0.43928345315821843,-0.22350482616622408,1.2099695108029869,0.07374055777264124,-0.20347082563907387,-0.33905393372572207,0.3767213188006716,0.26335668351484465,0.34626513469865194,-0.3694221419500782,0.26902008826319246,-0.07015413521442047,0.4341830602072728,-0.3812031969287529,0.2792161970288346,-0.23416305251787026,0.5653352467382033,0.6073391610430294,-0.5801199978588213,-0.6272054855820139,0.007666215814350633,-0.04786530239248689,0.04787821683372836,0.040708146093535624,0.06406676506998236,0.015692780090304635,-0.0034410656233762825,0.0038689406624284996,0.03201345122594955,-0.02684720799931517,0.12664053566692504,0.0,0.04655214488109248,0.06836896516864562
146,0,0.5453780667166034,0.7035655121848005,0.2756913994956829,-0.6416578689506176,0.3571118902353287,-0.16513931656843395,0.802377081908349,-0.36650122241150696,0.3592498250951643,-0.18836148522287988,0.6776863002424304,0.6666278947397393,-0.4573916158995892,-1.2774514948639744,0.33839023972889665,0.33340717368289685,0.36294996783767786,-0.41013028804361384,0.26101174262962673,-0.04451934537747141,0.5202097007916358,-0.38042940879626713,0.28721955983550396,-0.19815553105956013,0.6007017150908849,0.7259166284364491,-0.5843520110298318,-0.6638241573286874,-0.03833107907177495,0.07005049016805215,0.016684833139025905,-0.040708146093535624,-0.008008345633565705,0.025634789836949064,0.086026640584363,0.0007737881324856976,0.008003362806669361,0.0360075214583101,0.03536646835268155,0.11857746739341961,-0.004232013171010596,-0.036618671746673284
147,0,-0.2595745937910846,-0.3418734734034709,0.6684585895386116,-0.31453883784181746,0.03677806488541685,-0.16124048921681042,0.49268117580463044,-0.48256944228449383,0.43928345315821843,-0.23445111268952729,0.4419098445578972,0.6666278947397393,-0.2881110890592256,-0.10410176240313165,0.26747774344608793,0.2863016379950553,0.4053356619610436,-0.4235785148780855,0.1969449775596444,-0.03243298058742962,0.5305328976617573,-0.39281001891605155,0.28721955983550396,-0.17038653051090785,0.6192780419023955,0.7852053621331588,-0.4446955763865514,-0.6236776752017932,-0.07091249628280873,-0.047105535687841496,0.04238569412336574,-0.013448226834471702,-0.06406676506998236,0.012086364790041795,0.010323196870121504,-0.012380610119784386,0.0,0.027769000548652306,0.018576326811510592,0.059288733696709804,0.13965643464328042,0.040146482126894104
148,0,0.48788144810897366,0.5045066355684059,0.6425504635463337,-0.514444912408311,-0.2034723041288379,0.024441163404404054,0.3894492071034154,-0.5251277895712073,0.27921619702847067,-0.213134659986214,0.8134363807880773,0.6666278947397393,-0.2881110890592256,-0.7511021861352954,0.23681288018866362,0.25986175667349176,0.4587064015051346,-0.4148553407151848,0.14889490375715764,-0.013474932590145816,0.4995633070513879,-0.3943575951810229,0.30322628544847874,-0.19498686917122257,0.6701843221070114,0.7259166284364491,-0.3981434315054559,-0.6116831199090464,-0.03066486325742432,-0.026439881321563562,0.05337073954409098,0.008723174162900794,-0.04805007380248677,0.0189580479972838,-0.030969590610369406,-0.0015475762649713952,0.016006725612974775,-0.024600338660314733,0.05090628020461604,-0.05928873369670982,0.04655214488109548,0.011994555292746779
149,0,-0.2787401333269612,0.6853311112733594,0.5306273592597008,-0.6452925248518229,0.43719534657098574,-0.12322692253841455,-0.02347866770154264,-0.5792929588452943,0.759417965417714,-0.08638818445297294,0.4954954026680227,1.2595152317068374,-1.1768338549709991,-0.6205732020671952,0.2962260527499246,0.2843262445629828,0.4718677295092116,-0.45047496854702895,0.22897836009463562,-0.008406457033026369,0.4823579789345138,-0.421053285751806,0.32723637386775895,-0.18784297691389512,0.6378543687139061,0.7852053621331588,-0.4785516817546151,-0.5934796183471162,0.059413172561260975,0.024464487889491064,0.013161328004076966,-0.03561962783184419,0.08008345633747796,0.005068475557119448,-0.017205328116874065,-0.026695690570783033,0.024010088419280196,0.007143892257327466,-0.032329953393105446,0.05928873369670982,-0.08040825024915917,0.01820350156193031
150,0,0.48788144810897366,-0.29780700453420406,0.24563797334464435,-0.7325242664808307,0.11686152122107392,7.349245673485555e-05,0.42385986333715375,-0.5289967302336798,0.19918256896541653,-0.24078843646622342,0.47048880888329325,-0.5191467791944568,-0.7536325378701804,0.013021542220142474,0.2598115276317373,0.1410342440673824,0.44015618329466405,-0.4864580619689936,0.22097001446070572,-0.0009499497230452677,0.4857990445578876,-0.42840427301042894,0.3512464622874031,-0.20339822618388928,0.6748284038098907,0.6073391610430294,-0.4362315500445332,-0.5374579895092384,-0.036414525118187296,-0.14329200049560042,-0.03171154621454754,-0.035983093421964714,-0.008008345633929884,0.0074565073099811,0.0034410656233738344,-0.007350987258622937,0.02401008841964414,-0.015555249269994154,0.03697403509598468,-0.17786620109012943,0.04232013171008188,0.05602162883787777
151,0,0.6603713039318629,0.3449556275934612,0.5606807854107394,-0.648927180753028,0.5172788029102846,-0.24798939779054469,0.49268117580463044,-0.6141134248071507,0.1191489408987229,-0.29724823011282847,0.3954690275291049,0.6666278947397393,-1.0075533281306657,-0.7511021861352954,0.3268909160073707,0.16929756548008662,0.552597450101149,-0.5068121350157635,0.2449950513621312,-0.05514364991066547,0.4754758476877637,-0.44813587038883185,0.3432430994807337,-0.2180892949388808,0.6614320142823593,0.6073391610430294,-0.5124077871226848,-0.539433563322159,0.0670793883756334,0.028263321412704205,0.11244126680648499,-0.020354073046769876,0.02402503690142548,-0.054193700187620195,-0.010323196870123952,-0.019731597378402927,-0.008003362806669363,-0.014691068754991566,-0.013396389527531378,0.0,-0.0761762370781516,-0.0019755738129205503
152,0,0.29622605274999,0.5364168371634018,0.6321872131494319,-0.1473446663862535,0.03677806488541685,0.09023387496312862,0.42385986333715375,-0.5019141455966363,0.519317081224912,-0.36465431028278916,0.018583935487924967,0.6666278947397393,-0.9652331964205898,-0.5253223218012781,0.34222334763609374,0.1838850862092256,0.5096935934579382,-0.4784618189863381,0.22097001446106987,-0.04910046751564457,0.43074199458389656,-0.47057572623093913,0.38325991351335265,-0.23652514592553456,0.651072139714404,0.5480504273463197,-0.592816037371844,-0.5122694233944707,0.015332431628723057,0.014587520729138992,-0.042903856643210815,0.028350316029425494,-0.024025036901061298,0.006043182395020897,-0.0447338531038672,-0.022439855842107274,0.04001681403261891,-0.01843585098665372,-0.010359874567955266,-0.05928873369670982,-0.08040825024915918,0.02716413992768829
153,0,1.5419861225830573,0.3130454259984653,0.4104136546555231,-0.37269333226118356,0.2770284338960298,-0.0004138609622291663,0.8367877381420873,-0.41679745102312143,0.6793843373546599,0.1642241648968863,0.6705415591610655,0.07374055777264124,-1.1345137232609233,-1.0065156576631586,0.47063246252657576,0.24968088283127599,0.5322854793232028,-0.46610398892223204,0.2449950513621312,-0.04476302208696229,0.4169777320903988,-0.4802480778870192,0.42327672754597157,-0.17678146632190705,0.6040954671045277,0.48876169364960986,-0.6478322085949546,-0.5270156707837869,0.12840911489048207,0.0657957966220504,0.022591885865264602,0.012357830064106007,0.024025036901061298,0.004337445428682281,-0.013764262493497792,-0.009672351656080042,0.04001681403261892,0.05974367960362749,-0.04697667260987646,-0.059288733696709804,-0.055016171223110644,-0.014746247389316226
154,0,0.3920537504293729,0.14437721756781732,0.6498047388241884,-0.42721317077930315,0.19694497756037277,0.03711235229720267,0.4582705195708921,-0.4361421543353079,0.519317081224912,0.1918779413768433,0.890242347412599,0.6666278947397393,-0.8382728012903321,-0.7334631342342164,0.40930273601170536,0.23038280853335355,0.5096935934579381,-0.458471211529697,0.21296166882714002,-0.06050453751915447,0.4548294539475183,-0.4837301244832092,0.4312800903526409,-0.14924291391059297,0.6083823117533402,0.48876169364960986,-0.7113124061600804,-0.6095664336809125,-0.06132972651487043,-0.01929807429792245,-0.022591885865264606,0.00763277739253509,-0.03203338253499118,-0.015741515432192175,0.037851721857119526,-0.003482046596190047,0.008003362806669361,0.027538552411314098,0.004286844648812582,0.0,-0.06348019756512582,-0.08255076289712562
155,0,1.3694962667599502,0.7932179833326181,1.0208091030336,-0.4708290415938071,-0.043305391453882,0.25983286475888495,0.49268117580463044,-0.6257202467944802,0.3592498250951643,-0.08177922170631344,0.016797750217559953,0.6666278947397393,-0.880592933000408,-1.2739236844837636,0.5242959732270738,0.3385735872744654,0.5636861280258456,-0.49154658023069747,0.17291994065821895,-0.028631623919607756,0.47891691331114006,-0.5077175565902878,0.4232767275463355,-0.1350703534646019,0.48906513569479754,0.5480504273463197,-0.7790246168962138,-0.7030534087567167,0.11499323721536844,0.1081907787411119,0.053992534567907445,-0.03307536870100054,-0.04004172816892107,0.0318729135995467,0.02408745936362174,-0.023987432107078682,-0.008003362806305415,0.014172560445991064,-0.11931717605854268,0.059288733696709804,-0.0677122107361334,-0.09348697507580414
156,0,0.12373619692688284,1.8158639677815969,0.7969628944603107,-0.40177057947082534,0.3571118902353287,0.18867926559173345,0.9056090506095885,-0.47096262029716435,-0.040918315231024883,0.3065258897000901,0.9670483140370889,-0.5191467791944568,-0.4573916158995892,-0.2840200917943083,0.48213178624810177,0.44980343283414503,0.6158132775223084,-0.4675578512827182,0.17291994065821897,0.00675023429640898,0.48924011018126395,-0.5181636963788536,0.3832599135137166,-0.08558161597230492,0.5180013370742633,0.4294729599529001,-0.7790246168962139,-0.6037102684497501,-0.04216418697897205,0.11122984555967963,0.05212714949646278,0.023988728947979227,0.0,0.035381858216016734,0.010323196870123952,-0.010446139788565739,-0.04001681403261892,0.049488737492297,0.028936201379465853,-0.11857746739341961,0.0,0.0993431403069666
157,0,0.9286888574343529,0.28113522440346944,-0.26630659626277187,-0.6162152776421398,0.2770284338960298,-0.30452239438913015,0.42385986333715375,-0.4593557983098789,0.19918256896541653,-0.024167187373017283,0.7366304141635557,0.6666278947397393,-1.0498734598407715,-0.6403289401964258,0.6009581313706456,0.5121043026148391,0.52233675894217,-0.4977254952627505,0.19694497755928025,-0.007577956220822993,0.4823579789345162,-0.5158423319813921,0.35924982509443637,-0.06455322344065391,0.5474733940348292,0.4294729599529001,-0.8552008539743683,-0.6573329862290794,0.11882634512254375,0.06230086978069403,-0.09347651858013835,-0.030167643980032233,0.024025036901061298,-0.014328190517231974,-0.006882131246747669,0.002321364397461495,-0.02401008841928019,0.021028392531651,0.029472056960565846,0.0,-0.0761762370781546,-0.05362271777932942
158,0,0.2578949736782368,-0.10330672814569568,0.6156060125143656,-0.4708290415938071,0.03677806488541685,-0.18463345332655157,1.2153049567132825,-0.5328656708961083,0.43928345315821843,-0.06103888934629329,0.17576823927760313,1.2595152317068374,-0.4573916158995892,-0.6911294096715865,0.5779594839275719,0.4513229662434289,0.5196423138389732,-0.4933639081813001,0.2209700144607057,-0.028485417893918553,0.564943553895503,-0.5166161201138822,0.37525655070741115,-0.04934364637666183,0.4837065798837818,0.48876169364960986,-0.8721289066584049,-0.6513357085827086,-0.022998647443073682,-0.06078133637141016,-0.0026944451031968076,0.004361587081450391,0.024025036901425476,-0.02090746167309556,0.0825855749609867,-0.0007737881324900942,0.016006725612974775,0.015209577063992072,-0.06376681415104743,0.05928873369670982,-0.01692805268403636,0.005997277646370891
159,0,1.0245165551139537,-0.5044635481969834,1.0301360283908114,-0.48173300929742274,0.5973622592459417,0.10924065830228223,-0.09229998016901934,-0.4051906290358359,0.19918256896541653,-0.05066872316633561,0.4508407709095637,0.07374055777264124,-0.4997117476096651,-0.611400895078622,0.7082851527716633,0.33234350029639464,0.5695931807520843,-0.4770079566258601,0.2369867057282013,-0.005238659809848877,0.5580614226487554,-0.49920588713293645,0.31923301106218144,-0.04577170024799811,0.4792411167079359,0.37018422625619024,-0.8044166959222714,-0.6504184778838512,0.1303256688440915,-0.11897946594703428,0.049950866913111056,0.016355951555440014,0.01601669126749559,0.02324675808406968,-0.006882131246747671,0.01741023298094584,-0.05602353964522975,0.003571946128663733,-0.0044654631758459015,-0.11857746739341961,0.0677122107361334,0.0009172306988573187
160,0,0.8520266992908466,0.939093190624008,0.15651401993121888,-0.11826741917657041,0.03677806488541685,0.16674836173879573,0.8711983943758257,-0.6605407127563366,0.8394515934844077,0.010400033226981369,0.047162899813320995,-0.5191467791944568,0.1774103597516991,-0.4180768862426193,0.7446996778898506,0.4560335198122159,0.5606807854107416,-0.4155822718954341,0.22897836009463557,0.011428827118357212,0.6027952757526225,-0.5123602853852021,0.3832599135140805,-0.020652853278677618,0.43690852580093864,0.37018422625619024,-0.7113124061600835,-0.6935283207301274,0.036414525118187296,0.12369001951582122,-0.008912395341342546,0.06142568473042602,-0.008008345633565707,0.016667486928206087,0.0447338531038672,-0.013154398252265687,0.06402690245189911,0.02511884696932048,-0.042332590906997224,0.0,0.09310428976218794,-0.043109842846276177
161,0,-0.43206444961397383,1.2901054081688934,0.43943075576687146,-0.547156815519158,0.3571118902353287,0.055631782217480906,0.6303238007396083,-0.5057830862590649,0.3592498250951643,-0.08062698101962236,0.8616633830872029,1.2595152317068374,-0.7536325378701804,-0.9818209850016328,0.635456102535267,0.5505484978697591,0.548555782446355,-0.4054052353720471,0.21296166882714,0.04179094511915977,0.6165595382461203,-0.5015272515303935,0.40727000193372465,0.0010092716306429911,0.48352796135674847,0.4294729599529001,-0.685920327134035,-0.7166002006167611,-0.10924357535458369,0.09451497805754322,-0.012125002964386794,0.010177036523387006,-0.01601669126749559,0.030362118000802556,0.01376426249349778,0.010833033854808582,0.024010088419644138,0.021662124909320613,0.0466194355558098,0.05928873369670982,0.02539207902604853,-0.02307187988663374
162,0,1.2545030295446906,-0.13977552996854314,0.7171658664040967,-0.6889083956663268,0.3571118902353287,0.059530609569104435,0.59591314450587,-0.48256944228449383,0.3592498250951643,-0.13535841363624324,0.3454558399596777,1.2595152317068374,-0.8382728012903321,-0.49709983875954167,0.731283800214737,0.4829292611565646,0.5570536477718214,-0.4595616083000544,0.2449950513621312,0.03872061857975735,0.6337648663629919,-0.4995927811991792,0.39126327632074986,0.023938861295297587,0.5162151518039237,0.48876169364960986,-0.6732242876210093,-0.7137779523125876,0.09582769767947005,-0.0676192367131945,0.00849786532546648,-0.054156372928007325,0.03203338253499118,-0.003070326539402419,0.017205328116871622,0.0019344703312142442,-0.016006725612974775,0.022929589664654592,0.032687190447175274,0.05928873369670982,0.01269603951302577,0.0028222483041736466
163,0,0.04707403878337651,0.9238978565311347,0.8757235974768345,-0.3763279881623888,0.7575291719208976,0.2915108369908372,0.8367877381420873,-0.5173899082463503,0.27921619702847067,-0.018982104283012245,0.5830184809145441,-1.1120341161615548,-0.6689922744499986,-0.44136043475208575,0.5817925918347691,0.5440145042098316,0.6035846420539526,-0.4599250738901749,0.293045125164618,0.06791308837506398,0.6337648663629919,-0.5096520269215021,0.35124646228813095,0.0056182343773077325,0.5074628439792717,0.37018422625619024,-0.6266721427399167,-0.6572624300214802,-0.14949120837996807,0.06108524305326694,0.04653099428213114,-0.0003634655901205264,0.048050073802486784,0.029192469795306635,0.0,-0.01005924572232289,-0.04001681403261892,-0.018320626917989854,-0.008752307824652139,-0.11857746739341961,0.04655214488109246,0.05651552229110729
164,0,0.48788144810897366,-0.6275457543491152,0.6363325133081926,-0.6125806217409345,-0.12338884778953907,-0.30549710122705814,-0.02347866770154264,-0.3316807564496065,0.039115312835668756,-0.39922153088278783,0.6723277444314305,0.6666278947397393,-0.4997117476096651,-0.6085786467744534,0.5913753616027291,0.46682220701813826,0.6022374195023529,-0.4784618189863381,0.2610117426296268,0.0336521430226379,0.5855899476357485,-0.499205887132932,0.30322628544920666,-0.05349171284865538,0.4856713836811548,0.3701842262561903,-0.59281603737185,-0.6447739812755039,0.009582769767960075,-0.07719229719169325,-0.0013472225515995806,-0.018536745096163137,-0.03203338253499118,-0.03426094535242608,-0.04817491872724348,0.010446139788570142,-0.04802017683892433,-0.05910994722596311,-0.02179146029811685,0.0,0.0338561053680667,0.012488448745976299
165,0,-0.06791919843210087,0.7567491815097706,0.6622406393004705,-0.5580607832228149,0.43719534657098574,0.23107901304062822,-0.19553194887025885,-0.41679745102312143,0.5993507092879662,0.2333586060968312,0.29544265239021883,0.6666278947397393,-0.20347082563907387,-0.2938979608589236,0.44763381508352396,0.4631753268358535,0.5663805731290401,-0.4871849931492388,0.30906181643211356,0.03077675785081223,0.5167686351682594,-0.47831360755579605,0.3272363738684868,-0.021977930068340916,0.5135358738984206,0.3701842262561903,-0.5251038266357166,-0.5467714089130199,-0.1437415465192051,-0.0036468801822847506,-0.03585684637331295,-0.008723174162900782,0.04805007380248678,-0.002875385171825673,-0.06882131246748893,0.02089227957713588,0.02401008841928019,0.03151378278031446,0.027864490217265885,0.0,0.0677122107361334,0.098002572362484
166,0,-0.22124351471911352,1.16854273542608,1.1037151062088844,-0.6053113099385241,0.11686152122107392,0.13653244976373555,1.008841019310828,-0.5328656708961083,0.19918256896541653,-0.23445111268952729,1.1063707651234025,1.2595152317068374,-0.4997117476096651,-0.606461960546327,0.4131358439189243,0.39844320360030183,0.5970557943038974,-0.5075390661960087,0.28503677953068807,0.02556207626801244,0.5270918320383834,-0.48450391261569054,0.35124646228813095,-0.07607563030730265,0.527468119007052,0.5480504273463197,-0.5293358398067242,-0.5790155957882217,-0.03449797116459964,-0.06473212323555169,0.03067522117485737,-0.020354073046769876,-0.02402503690142548,-0.005214681582799791,0.010323196870123941,-0.006190305059894391,0.02401008841964414,-0.054097700238961745,0.013932245108631358,0.17786620109012943,-0.004232013171007587,-0.03224418687520186
167,0,1.0820131737215835,2.437353132179253,0.5482448849344573,-0.36178936455752664,0.19694497756037277,-0.017471230625526687,0.8367877381420873,-0.6063755434822937,0.5993507092879662,-0.16646891217627346,0.8420153451134733,0.07374055777264124,-0.4573916158995892,-0.6918349717476288,0.4284682755476473,0.6140649943778802,0.6785109424236203,-0.48209647488754737,0.2770284338971224,0.05426719264437278,0.5683846195188768,-0.499205887132932,0.39126327632038593,-0.09030580278762827,0.5380066121020437,0.48876169364960986,-0.470087655412606,-0.5841661989433421,0.015332431628723053,0.21562179077757837,0.08145514811972292,0.025442591308461316,-0.008008345633565705,0.028705116376360345,0.04129278748049335,-0.014701974517241484,0.04001681403225497,-0.014230172480325617,0.010538493094991764,-0.059288733696709804,0.05924818439411823,-0.005150603155120293
168,0,0.3728882108934963,0.6883701780919272,0.7254564667216181,-0.24911503162008222,0.5973622592459417,0.3124670340058469,0.7335557694408478,-0.6489338907690512,0.3592498250951643,-0.052973204539665364,0.197202462521666,0.6666278947397393,-1.303794250101257,-0.9528929398838292,0.4399675992691733,0.6932326850016425,0.6894959878443456,-0.4599250738901749,0.3330868533331749,0.10397724137761263,0.5202097007916333,-0.5108127091202262,0.3832599135140805,-0.08949923430696546,0.54015003442645,0.4294729599529001,-0.5547279188327728,-0.6103425519645663,0.011499323721525945,0.07916769062376229,0.010985045420725249,0.02217140099737249,0.05605841943605248,0.04971004873323985,-0.04817491872724348,-0.011606821987294291,-0.008003362806305415,0.0008065684806627928,0.002143422324406288,-0.05928873369670982,-0.08464026342016677,-0.026176353021224265
169,0,0.29622605274999,-0.11394346201068277,1.3296339648615538,-0.7470628900856516,0.3571118902353287,0.01810556895804907,1.146483644245806,-0.47870050162206534,0.19918256896541653,0.2028242279001989,1.3010649595902066,0.6666278947397393,-0.9229130647105139,-0.32917606466110677,0.36713854903277693,0.7322846936202726,0.7194457814914198,-0.4864580619689979,0.30906181643211356,0.09486373244318932,0.6440880632331158,-0.5181636963788492,0.3832599135140805,-0.06414993920031202,0.6251724532945143,0.48876169364960986,-0.5970480505428577,-0.5821200689228149,-0.07282905023639637,0.039052008618630056,0.02994979364707424,-0.02653298807882289,-0.024025036901061298,-0.009113508934423316,0.12387836244148254,-0.007350987258622943,0.0,0.02534929510665345,0.0850224188680643,0.059288733696709804,-0.042320131710084884,0.02822248304175153
170,0,1.4844895039754276,0.8631165201597453,0.7959265694206205,-0.37996264406359403,0.19694497756037277,0.022979103147600637,1.0776623317783047,-0.09954431670372069,0.3592498250951643,0.0507284572602782,0.3865381011774385,0.07374055777264124,-0.9229130647105139,-1.0791885514956765,0.430384829501235,0.7246870265738463,0.78338703644036,-0.5126275844577001,0.32507850769960916,0.08048680658406981,0.6647344569733639,-0.4620640567735876,0.33523973667515616,-0.060117096796982336,0.659109973430926,0.5480504273463197,-0.7070803929890789,-0.6482312354481206,0.0632462804684581,-0.007597667046426271,0.06394125494894017,-0.026169522488702364,0.01601669126749559,-0.01437692585911951,0.020646393740247904,0.0560996396052616,-0.04802017683892434,0.004032842403329683,0.03393752013641175,0.059288733696709804,-0.11003234244622132,-0.06611116652530571
171,0,0.14290173646275942,1.0864879313246818,0.7482556175948255,-0.46355972979139665,0.6774457155852405,0.40555153702593616,0.4582705195708921,-0.6218513061320077,0.039115312835668756,-0.06507173174965965,0.44369602982823053,0.6666278947397393,-0.16115069392899803,-1.0262713957923892,0.4878814481089083,0.7043252788894252,0.8142695226231554,-0.504267875884924,0.3571118902346003,0.11547878206491533,0.6475291288564922,-0.4736708787608818,0.30322628544920666,-0.058561571869986076,0.6173132381050288,0.48876169364960986,-0.6478322085949607,-0.6526762765271962,0.05749661860767332,-0.02036174768442116,0.030882486182795404,0.00835970857277613,0.032033382534991175,0.034991975480845525,-0.017205328116871615,-0.01160682198729428,-0.03201345122594955,0.0015555249269962712,-0.04179673532589724,-0.05928873369670982,0.05924818439411823,-0.00444504107907564
172,0,0.02790849924749993,0.10334981551711823,1.0757343301372262,-0.5180795683095163,0.03677806488541685,0.029314697593955625,0.5615024882721316,-0.4361421543353079,0.27921619702847067,0.12159125949020733,0.5026401437493558,1.2595152317068374,-0.9652331964205898,-1.3691745647496805,0.36522199507918923,0.7286378134379914,0.8501263689964684,-0.487184993149243,0.3250785076996091,0.11245719086740047,0.6440880632331183,-0.4690281499659633,0.2952229226425373,-0.032866604557341014,0.6330316684839967,0.48876169364960986,-0.6605282481079864,-0.73988374912621,-0.12265945302971908,0.02431253454856614,0.03585684637331295,0.017082882735681048,-0.03203338253499118,-0.003021591197514881,-0.00344106562337384,0.004642728794918593,-0.008003362806669361,0.025694967312645055,0.015718430378967814,0.0,-0.01269603951302577,-0.08720747259901387
173,0,0.43038482950112605,0.7005264453661982,0.8498154714845566,-0.6780044279626698,-0.043305391453882,-0.09349836398231841,0.3550385508696526,-0.6450649501066227,0.5993507092879662,0.29442736249009577,0.675900114972097,0.6666278947397393,-0.880592933000408,-0.576122791276439,0.40355307415096425,0.7063006723214976,0.8475355563972405,-0.5173526371292712,0.2449950513621312,0.0739562707700849,0.5959131445058748,-0.4817956541519905,0.3272363738684868,-0.0015256578800302068,0.642319831889752,0.6666278947397393,-0.6816883139630274,-0.7533599847786454,0.03833107907177495,-0.022337141116493642,-0.0025908125992277877,-0.030167643980028098,-0.08008345633747796,-0.03850092009731556,-0.04817491872724347,-0.012767504186027234,0.03201345122594955,0.0313409466773108,0.009288163405755289,0.1778662010901294,-0.021160065855040933,-0.01347623565243532
174,0,0.12373619692688284,0.17172881893496156,1.0705527049387753,-0.5725994068276359,0.11686152122107392,0.6048790853778773,0.6303238007396083,-0.4051906290358359,0.19918256896541653,0.1319614256702174,0.5865908514552106,1.2595152317068374,-0.9652331964205898,-0.7757968587968462,0.3671385490327551,0.7862281296499053,0.8909575755602989,-0.5133545156379412,0.26902008826319246,0.1649938894305784,0.66129339134999,-0.4891466414106135,0.3432430994814616,0.051592637775270324,0.6337461425921299,0.7259166284364491,-0.7282404588441198,-0.7700818059808847,-0.036414525118209085,0.07992745732840767,0.04342201916305827,0.003998121491329864,0.024025036901061298,0.09103761866049354,0.06538024684411509,-0.007350987258622943,0.016006725612974775,0.05311829565530053,-0.008573689297621988,0.05928873369670982,-0.04655214488109247,-0.016721821202239286
175,0,0.48788144810897366,1.9678173087101223,0.4311401554493501,-0.5616954391240202,0.03677806488541685,0.36656326350970087,0.4582705195708921,-0.5173899082463503,0.1191489408987229,-0.23099439062955887,0.5919494072662422,0.6666278947397393,-0.9229130647105139,-0.9916988540662481,0.42271861368686264,0.9073349423699405,0.8678475271751868,-0.5137179812280618,0.22897836009463557,0.1785423144774857,0.726673638194105,-0.49920588713293645,0.2952229226425373,0.005157338102631306,0.6633968180797323,0.7259166284364491,-0.8001846827512639,-0.8398618953016171,0.055580064654107454,0.12110681272003516,-0.02311004838511204,-0.0003634655901205264,-0.04004172816855689,0.013548425046907264,0.0653802468441151,-0.01005924572232289,-0.04802017683892433,-0.046435299672639006,0.029650675487602342,0.0,-0.07194422390714401,-0.06978008932073246
176,0,0.08540511785512968,1.3387304772660118,0.6228602877922204,-0.46355972979139665,0.2770284338960298,0.37728503872664343,1.0776623317783047,-0.4438800356601649,0.5993507092879662,0.42578280077004876,0.8027192691660459,0.6666278947397393,-0.7113124061600745,-0.6876015992913758,0.45338347694428693,0.9243537165539337,0.8197620453335203,-0.499542823213349,0.2449950513621312,0.2026175733737765,0.7335557694408527,-0.49030732360934204,0.33523973667479223,0.07118072944858891,0.6330316684839966,0.6666278947397393,-0.8213447486063048,-0.847975859176122,0.03066486325742432,0.01701877418399318,-0.0480854818416664,0.014175158014712747,0.01601669126749559,0.024075258896290787,0.00688213124674768,0.008898563523594338,0.04001681403225497,0.06602339134595761,-0.030365149595735663,-0.05928873369670982,-0.021160065855040943,-0.008113963874504882
177,0,0.83286115975497,0.3738267623698893,0.8021445196587615,-0.5798687186300463,0.2770284338960298,0.16723571515775973,0.7335557694408478,-0.5096520269214934,-0.12095194329407902,0.2782959928767875,0.8009330838957126,0.07374055777264124,-0.9229130647105139,-1.2471123255941112,0.42846827554762557,0.7180010795729973,0.8451520088059509,-0.521350758620601,0.25300339699569685,0.22108826795210512,0.7232325725707287,-0.480634971953262,0.2632094714165877,0.11565721995389502,0.6289234423622206,0.6666278947397393,-0.8678968934873973,-0.9035035945607703,-0.024915201396661348,-0.2063526369809364,0.025389963472430423,-0.021807935407251965,0.008008345633565705,0.01847069457832864,-0.010323196870123952,0.009672351656080037,-0.07203026525820452,0.044476490505306096,-0.0041082261217760705,0.0,-0.04655214488109247,-0.055527735384648245
178,0,0.5070469876448502,0.48475270124771563,0.18553112104256725,-0.5362528478155424,0.3571118902353287,0.5439599080087043,1.1808943004795442,-0.6566717720939081,0.19918256896541653,0.019041838376954834,0.9170351264676617,1.2595152317068374,-1.0075533281306657,-1.0453215718455775,0.4418841532227609,0.6976393318885762,0.7911594742380458,-0.550064540240147,0.22897836009463557,0.24423755535239086,0.7679664256745984,-0.48140876008574773,0.24720274580361293,0.12285872424555704,0.7009067087568202,0.7259166284364491,-0.8382728012903382,-0.912746457756945,0.013415877675135395,-0.02036174768442116,-0.05399253456790509,-0.02871378161954602,-0.024025036901061298,0.02314928740028574,0.044733853103869646,-0.0007737881324856976,-0.016006725612974775,0.00720150429166202,0.07198326639459958,0.05928873369670982,0.029624092197059127,-0.009242863196174834
179,0,0.7178679225397105,0.2279515550784994,0.8270163206113492,-0.41630920307568753,0.2770284338960298,0.11703831300552928,0.4582705195708921,-0.5019141455966363,0.27921619702847067,0.23220636541014014,0.7937883428143795,0.6666278947397393,-0.4997117476096651,-0.7348742583863007,0.48404834020173304,0.7318288335974943,0.7408977098130252,-0.5169891715391506,0.2209700144607057,0.2541308297571389,0.699145113207107,-0.4837301244832048,0.2552061086099183,0.12579693799655117,0.6501790470792373,0.7259166284364491,-0.7959526695802532,-0.9533162771294645,0.042164186978972056,0.03418950170891822,-0.050261764425020464,0.03307536870099641,-0.008008345633929886,0.00989327440474802,-0.06882131246749139,-0.002321364397457093,0.008003362806305415,0.002938213750994123,-0.05072766167758271,0.0,0.042320131710084884,-0.0405698193725194
180,0,0.7561990016114637,0.32824076009133857,0.7917812692618598,-0.5398875037167475,0.3571118902353287,0.49473721269440185,1.0432516755445664,-0.5870308401701513,0.27921619702847067,0.29212288111676604,0.6830448560534302,1.8524025686739354,-1.0075533281306657,0.16542295064559975,0.41121928996533663,0.6783412575906536,0.7404831797971492,-0.532981657504466,0.23698670572820127,0.301306640711819,0.6957040475837333,-0.5324787768298478,0.247202745803249,0.14993638038219995,0.6798297225668366,0.9037828295265786,-0.8044166959222684,-0.8288551269153368,-0.07282905023639638,-0.05348757600684066,-0.000414530015876069,-0.01599248596531535,0.01601669126749559,0.04717581095468012,-0.003441065623373829,-0.048748652346643065,-0.008003362806669361,0.024139442385648784,0.029650675487599178,0.1778662010901294,-0.008464026342015174,0.12446115021412762
181,0,-0.1445813565756072,-0.5971550861634033,0.6207876377128165,-0.35452005275511617,0.19694497756037277,0.032238818107651106,0.3894492071034154,-0.5715550775203933,0.27921619702847067,0.3917917005133956,0.3436696546893127,0.6666278947397393,-0.880592933000408,-0.5366113150179778,0.3824709806615,0.5099769558418451,0.7277363818089482,-0.5220776898008379,0.18893663192571453,0.2639753688199905,0.6888219163369855,-0.5274491539686864,0.2712128342225292,0.19562272360850547,0.6698270850529449,0.9037828295265784,-0.8763609198294094,-0.7798891188378957,-0.02874830930383666,-0.1683643017488085,-0.012746797988200897,0.010903967703628049,-0.04805007380248677,-0.037331271891828506,-0.006882131246747669,0.005029622861161443,0.02401008841928019,0.04568634322630553,-0.010002637513891782,0.0,-0.07194422390714099,0.04896600807744115
182,0,1.0820131737215835,-0.0014979897235725935,1.1596766583522007,-0.44538645028532925,0.5172788029102846,0.32465086947968147,0.8367877381420873,-0.5135209675839219,0.519317081224912,-0.01610150256633696,1.5654203796001356,0.6666278947397393,-1.3884345135214387,-0.3581041097789105,0.4878814481089083,0.49949217531777607,0.7361306146304457,-0.5148083779984192,0.2369867057282013,0.29350898600856307,0.7163504413239811,-0.5351870352935478,0.2952229226421733,0.18185344740285106,0.7761051086380228,0.8444940958298688,-0.9186810515394944,-0.6787820733408186,0.10541046744740837,-0.010484780524069082,0.00839423282149745,0.007269311802418704,0.04805007380248678,0.029533617188572586,0.027528524986995574,-0.007737881324861395,0.024010088419644138,-0.01376927620565443,0.10627802358507799,-0.05928873369670982,-0.042320131710084884,0.10110704549707701
183,0,0.6220402248601098,0.5804833060326686,1.3462151654965966,-0.5544261273216098,0.5973622592459417,0.48742691141011885,0.7335557694408478,-0.5715550775203933,0.5993507092879662,0.47360078926668037,0.5955217778069088,0.6666278947397393,-0.4997117476096651,-0.9077369670170307,0.5070469876448066,0.4874878613844231,0.7857705840316497,-0.5024505479343131,0.3010534707981837,0.35160151354780683,0.7542021631811007,-0.5278360480349249,0.2952229226421733,0.19977079008050952,0.768067274921504,0.8444940958298688,-0.8805929330004201,-0.7119434909148779,0.019165539535898373,-0.012004313933352962,0.049639969401204,0.012357830064106002,0.06406676506998236,0.058092527539243724,0.03785172185711952,0.007350987258622943,0.0,0.01791734267765846,-0.008037833716518816,0.0,0.03808811853907429,-0.033161417574059174
184,0,1.1011787132574602,-0.45431894569058107,0.8746872724371443,-0.692543051567532,0.2770284338960298,0.38362063317308703,0.5270918320383933,-0.6257202467944802,0.1191489408987229,0.1809316548535401,0.23292616792839518,0.07374055777264124,-1.1768338549709991,-0.6311566332078526,0.6047912392778644,0.4248830849218688,0.7661840407814866,-0.5144449124083027,0.31707016206567923,0.3294756683273278,0.743878966310979,-0.5498890098107893,0.28721955983550396,0.2046678129988418,0.7327008065688225,0.7259166284364491,-0.901752998855461,-0.6974794683559786,0.09774425163305774,-0.06260477646255427,-0.019586543250163103,-0.011994364473989615,0.01601669126749559,-0.022125845220479022,-0.010323196870121499,-0.02205296177586443,-0.008003362806669363,0.00489702291833227,-0.03536646835268155,-0.11857746739341961,-0.021160065855040933,0.014464022558899359
185,0,-0.24040905425499012,2.1319269169129185,0.6435867885860238,-0.46355972979139665,0.43719534657098574,0.7315909743057748,0.6303238007396083,-0.6682785940811937,0.43928345315821843,0.19360630240682752,0.6062388894289402,0.07374055777264124,-0.4573916158995892,-0.6043452743182005,0.5319621890414681,0.4412940457421485,0.787428704095154,-0.5046313414750404,0.3571118902342362,0.3659784394069352,0.7610842944278507,-0.5649778783942736,0.3192330110614535,0.24712788230248042,0.7341297547850922,0.6666278947397393,-0.8552008539743685,-0.6587441103811738,-0.07282905023639638,0.016410960820279617,0.021244663313667374,0.009813570933262355,0.04004172816855689,0.03650277107960739,0.017205328116871615,-0.015088868583484339,0.03201345122594955,0.04246006930363864,0.0014289482162697987,-0.059288733696709804,0.04655214488109247,0.03873535797480476
186,0,1.331165187688197,0.6199911746740839,0.5451359098153868,-0.44538645028532925,0.11686152122107392,0.5839228883628675,0.9056090506095885,-0.5289967302336798,0.1191489408987229,0.31804829656679123,1.0456404659319438,-0.5191467791944568,-0.4997117476096651,-0.9183203981576882,0.6565381960247748,0.36942011548295567,0.7796562662974706,-0.5028140135244337,0.3410951989667405,0.3866422243705576,0.7438789663109792,-0.5734895478516251,0.2712128342225292,0.23635443188215466,0.7584218744616821,0.5480504273463197,-0.8340407881193276,-0.681815990267805,0.12457600698330673,-0.07187393025919278,-0.007772437797683352,0.0018173279506067397,-0.01601669126749559,0.020663784963622412,-0.017205328116871622,-0.00851166945735149,-0.04802017683892433,-0.010773450420325754,0.024292119676589796,-0.11857746739341961,0.021160065855040943,-0.02307187988663124
187,0,0.967019936506324,0.1519748846142367,1.1068240813279548,-0.4890023210998332,-0.2034723041288379,0.22425606517530922,0.802377081908349,-0.6102444841447222,0.19918256896541653,0.34454983236010955,1.267127439453779,0.6666278947397393,-0.37275135247940744,-0.7200574547893903,0.6699540736999101,0.34723492770739045,0.8101242224643901,-0.4937273737714124,0.2930451251642538,0.39234425937231254,0.7507610975577292,-0.583548793573948,0.30322628544847874,0.24297981583048686,0.8050413100174886,0.6073391610430295,-0.7790246168962169,-0.6291105031873329,0.013415877675135402,-0.022185187775565263,0.03046795616691933,0.009086639753021309,-0.04805007380248677,0.005702035001754949,0.006882131246750123,-0.010059245722322885,0.03201345122594955,0.006625383948332203,0.046619435555806644,0.059288733696709804,0.055016171223110644,0.05270548708047209
188,0,0.31539159228586655,0.11094748256353759,0.7368560421582335,-0.43811713848291883,0.2770284338960298,0.4747557225173202,0.7335557694408478,-0.3239428751247495,0.6793843373546599,0.4413380500400115,0.4776335499646264,0.6666278947397393,-0.7113124061600745,-1.164561562696978,0.6507885341640118,0.3098544058389726,0.8652567145759565,-0.48391380283815,0.2850367795303239,0.38542384082317416,0.7060272444538596,-0.5502759038770322,0.3512464622874031,0.28520943699679246,0.7611011523671851,0.5480504273463197,-0.7494005246991577,-0.641034502272473,-0.01916553953589837,-0.0373805218684178,0.055132492111566636,0.009813570933262355,-0.008008345633929886,-0.006920418549138413,-0.044733853103869646,0.033272889696915865,0.04802017683892433,0.042229621166305666,-0.04394015765030353,-0.05928873369670982,0.029624092197059117,-0.011923999085140058
189,0,1.2545030295446906,-0.19751779952136483,1.1213326318836407,-0.7616015136904725,0.11686152122107392,0.35779090196852575,0.3550385508696526,-0.6721475347436662,0.43928345315821843,0.3007646862667919,0.8473739009244732,0.6666278947397393,-1.0498734598407715,-0.8548198113137434,0.7044520448645099,0.26730747037898617,0.8946883457031858,-0.5184430338996285,0.2690200882628283,0.40949909971947374,0.6957040475837356,-0.5672992427917352,0.36725318790037786,0.29206526908245767,0.7664597081781945,0.5480504273463197,-0.8044166959222684,-0.6530290575652172,0.053663510700498004,-0.042546935459986425,0.02943163112722915,-0.034529231061478496,-0.01601669126749559,0.024075258896299648,-0.010323196870123952,-0.01702333891470299,0.016006725612974775,0.006855832085665178,0.005358555811009369,0.0,-0.055016171223110644,-0.011994555292744269
190,0,1.2928341086164439,0.551612171256275,0.8974864233103517,-0.44175179438412404,0.11686152122107392,0.876334939734898,1.0776623317783047,-0.5754240181828657,0.43928345315821843,0.23854368918683624,0.27936698495718754,0.6666278947397393,-1.1345137232609233,-1.034032578628878,0.7581155555650078,0.2896446114954799,0.9052588611080351,-0.5086294629663661,0.24499505136140284,0.4476588724235234,0.6991451132071095,-0.5661385605930066,0.38325991351335265,0.2867073498894647,0.7260919210685703,0.4294729599529001,-0.8171127354352942,-0.772974610492665,0.05366351070049802,0.022337141116493646,0.01057051540484919,0.00981357093326235,-0.02402503690142548,0.03815977270404961,0.003441065623373829,0.0011606821987285576,0.016006725612974775,-0.00535791919299298,-0.04036778710962427,-0.11857746739341961,-0.012696039513025758,-0.11994555292744777
191,0,0.3345571318217431,0.7142022460497875,0.504719233267423,-0.4708290415938071,0.19694497756037277,0.6117020332432849,1.8002861126869567,-0.3897148663861219,0.27921619702847067,0.4632306230866703,0.661610632809399,0.07374055777264124,-1.2191539866811052,-0.35387073732263247,0.8060294044047428,0.4207803447167989,0.8936520206634956,-0.5202603618502353,0.24499505136140284,0.5056051939370867,0.8402288037654635,-0.5479545394795794,0.38325991351335265,0.2938512421467922,0.7578860188805789,0.37018422625619024,-0.850968840803364,-0.7547005527231305,0.047913848839735027,0.13113573322131908,-0.011606840444539357,-0.011630898883869095,0.0,0.05794632151356338,0.14108369055835412,0.018184021113427134,0.0,0.007143892257327466,0.031794097812008634,-0.059288733696709804,-0.033856105368069725,0.01827405776953453
192,0,0.6603713039318629,1.8158639677815969,1.3379245651790752,-0.5871380304324567,0.43719534657098574,0.7047865362633742,1.4561795503494999,-0.5406035522209653,0.519317081224912,0.22068395854349138,0.7777126753813164,0.6666278947397393,-1.4730747769415904,-0.6833682268350978,0.7638652174257707,0.602516540467316,0.911476811346183,-0.534435519864948,0.23698670572747296,0.5436187606154561,0.9021679849862048,-0.5506627979432837,0.38325991351335265,0.317529788257775,0.679115248458697,0.37018422625619024,-0.8594328671453791,-0.7872269644287492,-0.04216418697897205,0.18173619575051694,0.017824790682687452,-0.014175158014712747,-0.008008345633929886,0.03801356667836927,0.061939181220741255,-0.0027082584637043495,0.0,0.023678546110982836,-0.07877077042188192,0.0,-0.008464026342015174,-0.03252641170561873
193,0,0.7370334620755872,0.4102955641927368,0.48813803263235667,-0.4744636974950123,-0.12338884778953907,0.04149853306779022,0.010931988532195711,-0.5792929588452943,0.519317081224912,0.45343657725000575,1.1045845798530691,1.2595152317068374,-1.0498734598407715,-0.744752127450916,0.7753645411473185,0.5854977662833227,0.825669098059759,-0.5264392768822883,0.16491159502392488,0.4990259227812232,0.8299056068953397,-0.5514365860757738,0.3752565507070472,0.31551336705610755,0.730021528663313,0.4294729599529001,-0.9144490383684897,-0.7709284804721378,0.011499323721547739,-0.017018774183993186,-0.08580771328642399,0.007996242982659746,-0.07207511070354808,-0.04459283783423286,-0.0722623780908652,-0.0007737881324901052,-0.008003362806305415,-0.0020164212016674623,0.05090628020461603,0.05928873369670982,-0.055016171223110644,0.016298483956611466
194,0,0.7370334620755872,1.0409019290460966,0.9969736271207024,-0.6525618366542333,0.2770284338960298,0.6887038734379161,0.9400197068433268,-0.49804520493420784,0.6793843373546599,0.606108468233272,0.6830448560534302,1.2595152317068374,-0.6266721427399228,-0.6643180507819093,0.7389500160291312,0.7350198537569905,0.8378977335281149,-0.5224411553909584,0.16491159502392488,0.5295342468077061,0.871198394375833,-0.5386690818897467,0.4312800903526409,0.3580310483940808,0.7750333974758166,0.5480504273463197,-0.8594328671453821,-0.7742446222295434,-0.0364145251181873,0.14952208747366774,0.012228635468355809,0.0039981214913298755,0.0,0.030508324026482903,0.04129278748049335,0.01276750418602724,0.0560235396455937,0.04251768133797319,0.045011868812503505,0.11857746739341961,0.05501617122310763,-0.0033161417574056663
195,0,1.0820131737215835,1.1867771363374864,1.389740817163631,-0.3581547086563214,-0.043305391453882,0.559067863996323,0.8711983943758257,-0.5870308401701513,0.039115312835668756,0.5646278035132841,1.0063443899845164,1.2595152317068374,-0.7959526695802562,-0.9119703394732837,0.8711922388267885,0.6405048756994474,0.9125131363858756,-0.5119006532774508,0.11686152122143809,0.512281935776761,0.8952858537394548,-0.5305443064986424,0.39126327632038593,0.39513319850472645,0.8150439475313742,0.6666278947397393,-0.8932889725134487,-0.8050071287450518,0.13224222279765735,-0.0945149780575432,0.07461540285776072,0.010540502113507526,-0.04805007380248678,-0.017252311030945176,0.024087459363621742,0.008124775391104243,-0.04001681403225497,0.03710215011064566,0.04001055005555761,0.11857746739341961,-0.0338561053680667,-0.030762506515508315
196,0,0.3537226713576197,0.4011783637370335,0.44668503104472623,-0.45992507389019144,0.19694497756037277,0.7198944922509043,0.9056090506095885,-0.4361421543353079,-0.040918315231024883,0.4217499583666824,1.4957591540569788,-0.5191467791944568,-0.41507148418948325,-1.1187000277541377,0.773447987193731,0.6186235946057421,0.9026680485088097,-0.5133545156379371,0.12486986685536797,0.5258790961655646,0.8952858537394548,-0.5212588489088053,0.37525655070741115,0.40550336468471554,0.8600558163438776,0.6666278947397394,-0.8848249461714305,-0.8250450917046968,-0.09774425163305772,-0.02188128109370504,-0.009845087877066061,-0.0014538623604862188,0.008008345633929884,0.013597160388803676,0.0,0.009285457589837186,-0.016006725612974778,0.010370166179989116,0.0450118688125035,0.0,0.008464026342018182,-0.02003796295964495
197,0,0.21956389460626574,0.7856203162861987,0.6352961882685024,-0.4926369770010384,0.2770284338960298,0.7700918944031347,1.0432516755445664,-0.45161791698502185,0.19918256896541653,0.5392785084066044,0.6437487801060344,0.07374055777264124,-1.8116358306222875,-0.6791348543788448,0.698702383003725,0.6819881377729384,0.8555152592028643,-0.5137179812280576,0.17291994065785476,0.5804626790883471,0.9193733131030765,-0.5053961921928352,0.37525655070741115,0.424976232289365,0.7977179504091032,0.6073391610430295,-1.0287133939857187,-0.8209528316636421,-0.07474560419000582,0.0633645431671962,-0.04715278930594524,-0.0003634655901205208,0.04805007380248677,0.05458358292278256,0.024087459363621742,0.015862656715970036,0.0,0.019472867604649485,-0.06233786593477446,-0.059288733696709804,-0.143888447814288,0.004092260041054552
198,0,-0.2595745937910846,0.6640576435433507,1.0985334810104335,-0.49990628880344884,0.5973622592459417,0.808592814500406,1.8002861126869567,-0.46709367963473586,0.039115312835668756,0.5899770986199113,0.4151170655028345,0.6666278947397393,-1.2191539866811052,-1.811561986429142,0.6412057643960299,0.7372991538709197,0.8916830030880842,-0.5198968962601106,0.20495332319284593,0.6138463882866556,1.0260463474276873,-0.5197112726438338,0.311229648255512,0.43984013714735504,0.791466301962924,0.6073391610430294,-1.0794975520378216,-0.8856528740368586,-0.057496618607695116,0.055311016097981315,0.03616774388522,-0.006178915032053001,0.03203338253499118,0.03338370919830858,0.10667303432461091,-0.014315080450998635,-0.06402690245189911,0.014863904857989985,-0.006251648446179192,0.0,-0.05078415805210307,-0.06470004237321639
199,0,0.83286115975497,0.5424949708005373,0.974174476247495,-0.638023213049371,0.3571118902353287,0.4961992729512939,1.146483644245806,-0.3935838070485504,0.1191489408987229,0.9679120438463572,0.9866963520108185,0.07374055777264124,-0.2881110890592256,-1.2809793052442102,0.5990415774170579,0.81130043090311,0.8769671875244697,-0.5075390661960004,0.22897836009427142,0.6276872253849326,1.1051908567653026,-0.4918548998743223,0.27921619702956246,0.5065548729053115,0.8053985470715584,0.5480504273463197,-1.0033213149596671,-0.9282688234299051,-0.04216418697897206,0.07400127703219021,-0.014715815563614575,0.012357830064110143,0.02402503690142548,0.013840837098276815,0.07914450933761534,0.027856372769511577,-0.03201345122594955,0.06671473575795653,0.013932245108634533,-0.059288733696709804,0.0761762370781546,-0.04261594939304668
200,0,1.0820131737215835,0.4239713648762916,0.9607022507315228,-0.4308478266805084,0.11686152122107392,1.1356069586181727,0.9744303630770652,-0.4284042730104069,0.27921619702847067,0.4908843995666797,1.0384957248506108,0.07374055777264124,-0.542031879319741,-0.4999220870637103,0.5779594839275718,0.7985363502651116,0.8832887702665868,-0.5064486694256389,0.22897836009427142,0.65361442727326,1.0948676598951788,-0.4771529253570764,0.26320947141658774,0.5317889439432959,0.8813114210609008,0.48876169364960986,-0.9440731305655488,-0.8748577742733883,-0.02108209348948604,-0.012764080637998342,0.006321582742117115,0.0010903967703615625,0.0,0.025927201888327478,-0.010323196870123952,0.014701974517245881,-0.016006725612974775,0.02523407103798434,0.07591287398934232,-0.059288733696709804,0.05924818439411823,0.053411049156516774
201,0,1.062847634185707,0.05472474641996522,0.4487576811241066,-0.6816390838638751,0.19694497756037277,0.8656131645179554,0.6991451132071095,-0.5289967302336798,0.19918256896541653,0.4200215973366982,0.5937355925365756,0.6666278947397393,-0.4997117476096651,-0.9733542400891019,0.6507885341639682,0.7325886003021294,0.8776926150522553,-0.5275296736526457,0.22897836009427142,0.6790055404007271,0.9847535599471939,-0.4910811117418321,0.2552061086102823,0.5274680413682987,0.8745239170336184,0.5480504273463197,-0.8721289066584047,-0.9368061245500353,0.07282905023639638,-0.06594774996298222,-0.005596155214331639,-0.021081004227006796,0.0,0.025391113127467058,-0.11011409994798474,-0.013928186384755787,-0.008003362806305415,-0.004320902574997209,-0.006787504027282343,0.059288733696709804,0.07194422390714401,-0.061948350276646934
202,0,0.02790849924749993,0.7233194465054908,0.5886615614823976,-0.48173300929742274,0.43719534657098574,0.8134663486899575,1.1808943004795442,-0.6141134248071507,0.19918256896541653,0.6884936773298499,0.8134363807880773,0.07374055777264124,-1.2191539866811052,-0.4392437485239342,0.5875422536955319,0.6233341481745188,0.8027663146825873,-0.5169891715391424,0.22897836009427142,0.6898735216433854,0.9572250349601985,-0.4984320990004507,0.22319265738433275,0.5742490132469344,0.8780962875742946,0.48876169364960986,-0.8467368276323564,-0.9123936767189189,-0.0632462804684363,-0.1092544521276106,-0.07492630036966777,0.010540502113503398,0.0,0.010867981242658331,-0.02752852498699556,-0.007350987258618535,-0.03201345122594955,0.04678097187863585,0.003572370540676095,-0.059288733696709804,0.02539207902604852,0.024412447831116357
203,0,0.7178679225397105,0.6549404430876475,0.7679457933489623,-0.6089459658397294,0.11686152122107392,0.823700770487936,0.9056090506095885,-0.4013216883734074,0.19918256896541653,0.9517806742330489,1.3921604083773944,1.2595152317068374,-0.9652331964205898,-1.1328112692750059,0.5856256997419441,0.6477986360640099,0.8307470907542479,-0.530437398373614,0.25300339699533275,0.7680937453853999,1.0466927411679376,-0.480634971953262,0.1911792061583832,0.6240834229452388,0.906853870426727,0.48876169364960986,-0.8382728012903382,-0.951199590901328,-0.001916553953587663,0.024464487889491078,0.027980776071660562,-0.013448226834471704,0.024025036901061298,0.07822022374201458,0.08946770620773928,0.017797127047188686,-0.03201345122594955,0.04983440969830431,0.028757582852432528,0.0,0.008464026342018172,-0.03880591418240899
204,0,1.1011787132574602,0.721799913096207,0.5503175350138377,-0.932430341047283,0.43719534657098574,0.694064761046343,0.9744303630770652,-0.6257202467944802,0.1191489408987229,0.9344970639330497,1.4993315245976455,1.2595152317068374,-1.2191539866811052,-0.9197315223097725,0.6220402248601316,0.615888434469021,0.7860814815435615,-0.558424248812919,0.2690200882628283,0.7686298341462428,1.0501338067913115,-0.49340247613928917,0.13515566651278954,0.6569222825152166,0.9884825372811488,0.48876169364961,-0.8975209856844563,-0.9767409380541144,0.0364145251181873,-0.03191020159498896,-0.04466560921068646,-0.027986850439304968,0.01601669126749559,0.0005360887608426901,0.00344106562337384,-0.01276750418602724,-0.0560235396455937,0.032838859569977764,0.08162866685442152,0.0,-0.05924818439411824,-0.02554134715278632
205,0,2.4236009412342514,-0.4224087440955852,1.0923155307722925,-0.5944073422348671,0.43719534657098574,0.5605299242531264,0.7679664256746106,-0.39745274771097894,0.519317081224912,0.7472579523498372,0.647321150646701,1.2595152317068374,-1.557715040361772,-1.0671939962029346,0.7561990016113984,0.4549698464257137,0.7563389529044278,-0.5820495121707735,0.3170701620653151,0.768776040171923,1.0398106099211901,-0.474444666893372,0.18317584335171383,0.6751852973988719,0.9525802133473672,0.48876169364960986,-0.973697222762608,-0.9922633037270792,0.1341587767512668,-0.16091858804330716,-0.029742528639133847,-0.023625263357854576,0.04805007380248678,0.00014620602568033992,-0.01032319687012151,0.018957809245917234,0.04802017683892433,0.018263014883655303,-0.03590232393378153,0.0,-0.07617623707815159,-0.0155223656729651
206,0,0.9478543969702296,0.4042174305556013,1.2477642867259597,-0.859737223023096,0.5973622592459417,0.6521523670164122,0.5270918320383933,-0.5328656708961083,0.039115312835668756,0.740920628573141,0.9063180148456302,0.07374055777264124,-1.1768338549709991,-0.8385918835647488,0.8156121741726594,0.45527375310757057,0.836446878472551,-0.6220307270840639,0.35711189023387196,0.7620018276484737,1.0019588880640706,-0.484117018549452,0.19117920615838319,0.7071023644195178,0.8936360994262321,0.5480504273463197,-1.0498734598407595,-0.9642524893081404,0.05941317256126098,0.0003039066818567748,0.08010792556812335,-0.03998121491329045,0.04004172816855689,-0.0067742125234492075,-0.037851721857119526,-0.009672351656080037,0.008003362806669365,0.03191706702064586,-0.058944113921134855,0.059288733696709804,-0.07617623707815159,0.02801081441893889
207,0,1.3503307272240734,1.1715818022446476,0.7959265694206205,-0.663465804357849,0.5172788029102846,0.9411529444557831,0.9400197068433268,-0.4593557983098789,0.1191489408987229,0.6147502733832455,1.2260451782360182,1.8524025686739354,-0.9652331964205898,-0.9246704568420927,0.9286888574344401,0.49386990170341544,0.8525099165877629,-0.6391136098197451,0.38113692713529745,0.7791079326537387,0.9916356911939465,-0.48489080668193774,0.18317584335171383,0.7146495409171818,0.9518657392392307,0.7259166284364491,-0.9652331964205898,-0.9888060495544654,0.11307668326178077,0.03859614859584489,0.016063038115211804,-0.017082882735681055,0.02402503690142548,0.017106105005264837,-0.010323196870123962,-0.0007737881324857033,-0.008003362806669363,0.00754717649766411,0.05822963981299838,0.1778662010901294,0.08464026342016977,-0.02455356024632479
208,0,-0.12541581703973062,0.8555188531133259,0.6021337869983934,-0.5398875037167475,0.2770284338960298,0.565890811861642,0.6303238007396083,-0.37037016307393544,0.19918256896541653,0.8699715854797642,1.326071553374936,0.6666278947397393,-0.6689922744499986,-0.4688773557177801,0.9421047351095755,0.5130160226604129,0.8028699471865588,-0.6431117313110749,0.34910354460030624,0.7548377323898622,0.8746394599992117,-0.4752184550258577,0.1991825689646886,0.7426489896031672,1.0429611880264407,0.7259166284364491,-0.9102170251974793,-0.8545375864833291,0.013415877675135399,0.019146120956997515,-0.04963996940120401,-0.00399812149132987,-0.03203338253499118,-0.024270200263876395,-0.11699623119473483,0.009672351656080042,0.016006725612974775,0.027999448685985286,0.09109544878721017,0.0,0.05501617122311066,0.13426846307113618
209,0,0.6028746853242332,-0.02277145745358135,1.2964715635914448,-0.5253488801119267,0.19694497756037277,0.8758475863160226,0.9400197068433268,-0.5676861368579648,0.1191489408987229,0.872276066853094,0.604452704158607,0.6666278947397393,-1.303794250101257,-0.6678458611621452,0.9191060876665018,0.45648937983500104,0.8350996559209538,-0.6318442980173304,0.3330868533328107,0.7928025637263351,0.8539930662589639,-0.4926286880067991,0.19918256896468864,0.7330853919038408,1.0047368232412197,0.7852053621331588,-1.0117853413016822,-0.7932242420751227,-0.022998647443073682,-0.056526642825411866,0.03222970873439498,0.011267433293744434,-0.01601669126749559,0.03796483133647287,-0.020646393740247914,-0.017410232980941437,0.0,-0.009563597699326321,-0.038224364785221156,0.059288733696709804,-0.10156831610420314,0.0613133444082065
210,0,1.2928341086164439,0.8494407194761558,1.1534587081140597,-0.30726952603940705,0.5172788029102846,0.9036267311963513,0.5270918320383933,-0.49417626427177935,-0.12095194329407902,0.5755740900365873,0.6919757824051284,0.6666278947397393,-0.03419029879874035,-1.7572337065737704,0.9401881811559878,0.49903631529498754,0.8543753016592076,-0.6194864679532204,0.3731285815017317,0.769604540984153,0.8092592131550967,-0.49920588713293634,0.15916575493243365,0.7415543609508315,0.9700848289966715,0.8444940958298688,-0.9610011832495822,-0.9189554040261285,0.02108209348948604,0.042546935459986425,0.01927564573825369,0.012357830064110138,0.04004172816892107,-0.023198022742182144,-0.0447338531038672,-0.006577199126137245,-0.04001681403225497,0.008468969046990765,-0.03465199424454825,0.059288733696709804,0.050784158052100056,-0.12573116195100603
211,0,1.0436820946498304,-0.5758816184333945,1.187657434423859,-0.736158922382036,0.43719534657098574,0.8573281563957443,1.2497156129470453,-0.5406035522209653,0.27921619702847067,1.1269212586062671,0.7491337110559204,1.2595152317068374,-0.8382728012903321,-1.357885571532981,0.9382716272024002,0.4359756788096515,0.9282652769891827,-0.6249384518050365,0.39715361840279306,0.7687760401719318,0.8643162631290903,-0.5003665693316648,0.16716911773873905,0.8122443270777886,0.9856246408486058,0.9037828295265784,-0.9948572886176489,-0.9574085371705167,-0.0019165539535876519,-0.06306063648533597,0.07388997532997525,-0.005451983851816089,0.024025036901061298,-0.0008285008122211112,0.05505704997399358,-0.0011606821987285576,0.008003362806305415,0.0706899661269569,0.015539811851934482,0.05928873369670982,-0.0338561053680667,-0.038453133144387905
212,0,1.0820131737215835,0.9238978565311347,1.196984359781094,-0.648927180753028,0.19694497756037277,1.1312207778475851,1.318536925414522,-0.4013216883734074,0.19918256896541653,0.7760639695164852,0.9313246086303597,0.6666278947397393,-1.4730747769415904,-1.5363927767720482,1.0436820946498084,0.4560335198122159,0.9890975568190523,-0.641657868950597,0.3731285815017317,0.8005514830876945,0.8780805256225881,-0.4790873956882907,0.16716911773873905,0.821001356296452,0.9974134636328342,0.9630715632232884,-1.0202493676436974,-1.0671234399953278,0.10541046744740837,0.02005784100256438,0.06083227982986965,-0.01671941714556053,-0.024025036901061298,0.031775442915762765,0.01376426249349778,0.021279173643374328,0.0,0.008757029218663526,0.011788822784228237,0.059288733696709804,-0.02539207902604852,-0.1097149028248114
213,0,-0.029588119360347706,1.7018989620852027,0.13164221897863118,-0.590772686333662,-0.2034723041288379,1.2379511765983124,1.0776623317783047,-0.6798854160685232,0.27921619702847067,1.0762226683929603,1.2796307363461437,1.2595152317068374,-1.303794250101257,-0.8519975630095749,0.9689364904598026,0.5607293717119715,0.9254671993820193,-0.6398405409999902,0.3410951989667405,0.8419765236987322,0.8952858537394597,-0.5069437684578022,0.17517248054504447,0.8334455557124432,0.986160496429709,0.9630715632232884,-1.0541054730117643,-1.039042069368785,-0.07474560419000582,0.10469585189975553,-0.06363035743703312,0.0018173279506067397,-0.03203338253499118,0.04142504061103765,0.017205328116871622,-0.027856372769511573,0.008003362806305415,0.012444199415991142,-0.011252967203125075,0.0,-0.03385610536806671,0.0280813706265431
214,0,2.097786769123914,1.0287456617718256,1.7617815064127327,-0.5326181919143371,-0.2034723041288379,1.1551010953762904,0.8367877381420873,-0.6334581281193372,0.1191489408987229,1.1643690809228886,1.37429855567403,0.6666278947397393,-1.2191539866811052,-1.8616568938282605,1.068597296046448,0.5914239465795333,1.0466135965219086,-0.5998593260866956,0.2770284338967582,0.888080157131727,0.881521591245962,-0.5077175565902878,0.17517248054504447,0.856432757411427,0.9736571995373474,0.9037828295265786,-1.0541054730117643,-1.1332346065206338,0.09966080558664539,0.030694574867561865,0.12114639713988948,0.03998121491329458,-0.06406676506998236,0.04610363343299474,-0.013764262493497792,-0.0007737881324856976,0.0,0.022987201698983894,-0.01250329689236156,-0.05928873369670982,0.0,-0.0941925371518488
215,0,1.6953104388702878,1.2293240717974694,0.4798474323148353,-0.6053113099385241,0.2770284338960298,1.0488580500444384,0.802377081908349,-0.4400110949977364,0.27921619702847067,0.7293982217064923,1.0652885039056417,1.2595152317068374,-1.68467543549203,-0.7849691657854193,0.9957682458100517,0.7565972281688388,0.9853667866761631,-0.6009497228570614,0.2610117426292626,0.9369129697108581,0.8849626568693356,-0.5119733913189636,0.15116239212540034,0.8546467843470925,1.0154539348632414,0.9037828295265786,-1.06680151252479,-1.1050121234788821,-0.07282905023639637,0.16517328158930547,-0.06124680984574572,-0.001090396770365698,-0.01601669126749559,0.048832812579131205,0.00344106562337384,-0.004255834728675745,-0.024010088419644138,-0.0017859730643344895,0.04179673532589406,0.0,-0.01269603951302578,0.028222483041751532
216,0,1.062847634185707,-0.19751779952136483,0.35548842755189686,-0.5616954391240202,0.6774457155852405,1.4504372672620163,0.7679664256746106,-0.49417626427177935,0.43928345315821843,1.1067570465895926,1.0134891310658813,1.2595152317068374,-1.1768338549709991,-1.5385094630001999,1.0072675695315996,0.696423705161142,0.8961392007587567,-0.5711455444671538,0.26902008826319246,1.0167414597354185,0.9090501162329574,-0.5081044506565308,0.19117920615765532,0.8912304261487378,1.0261710464852667,1.0223602969199983,-1.06680151252479,-1.1750038814224273,0.011499323721547739,-0.06017352300769661,-0.08922758591740629,0.029804178389907576,0.00800834563392988,0.07982849002456041,0.024087459363621732,0.00386894066243289,0.04001681403225497,0.03658364180164516,0.01071711162202511,0.11857746739341961,0.0,-0.0699917579435451
217,0,1.0053510155780772,1.6046488238909313,0.6332235381891221,-0.7616015136904725,0.11686152122107392,0.9767297440393589,1.008841019310828,-0.6063755434822937,0.43928345315821843,0.9091477688263699,1.4046637052697593,1.8524025686739354,-0.9229130647105139,-0.22616400155872596,0.9727695983669997,0.7397304073257704,0.8798688976356068,-0.5809591154004161,0.22897836009427142,1.0202991396937762,0.9159322474797076,-0.5228064251737722,0.22319265738360486,0.9206701756930501,1.0440328991886407,1.022360296919998,-1.0625694993537824,-1.1051532358940905,-0.03449797116459963,0.043306702164628376,-0.01627030312314983,-0.00981357093326235,-0.04004172816892107,0.0035576799583575736,0.006882131246750111,-0.014701974517241484,0.03201345122594955,0.029439749544312444,0.017861852703374103,0.0,0.004232013171007587,0.06985064552833667
218,0,0.7561990016114637,0.232510155306351,0.6073154121968443,-0.4708290415938071,-0.043305391453882,1.3363965672269171,1.3873582378820233,-0.49417626427177935,0.43928345315821843,1.4846919918160384,1.147453026341195,1.8524025686739354,-0.4997117476096651,-1.0114545921954787,1.0609310802321192,0.6774295375450731,0.880387060155452,-0.574053269188122,0.19694497755928023,1.0973497152303038,0.9916356911939491,-0.5351870352935566,0.24720274580288507,0.9821422163266776,1.0261710464852665,1.1409377643134178,-1.0456414466697488,-1.1594109595418605,0.08816148186511943,-0.06230086978069749,0.000518162519845089,0.006905846212294042,-0.03203338253499118,0.07705057553652751,0.07570344371424151,-0.012380610119784391,0.02401008841928019,0.06147204063362742,-0.017861852703374103,0.11857746739341961,0.016928052684033357,-0.05425772364776986
219,0,1.7911381365496708,0.720280379686923,1.0135548277557687,-0.7652361695916777,0.2770284338960298,1.2545211928427344,1.0776623317783047,-0.6373270687817657,0.27921619702847067,1.106180926246247,1.4207393727028221,1.8524025686739354,-1.600035172071848,-1.7565281444977283,1.179757425354663,0.7517347212591234,0.8520953865718844,-0.5980419981360972,0.20495332319284593,1.135217075882975,1.005399953687447,-0.5421511284859367,0.2632094714158598,1.0055327022659928,1.1077997133396882,1.2595152317068374,-1.0752655388668082,-1.2682791878754187,0.11882634512254375,0.07430518371405044,-0.02829167358356761,-0.023988728947975102,0.008008345633565705,0.03786736065267119,0.013764262493497792,-0.006964093192380094,0.016006725612974775,0.023390485939315298,0.08162866685442152,0.11857746739341961,-0.029624092197059103,-0.10886822833355832
220,0,0.6220402248601098,1.5909730232073764,0.47881110727514514,-0.6162152776421398,0.43719534657098574,1.4211960621247954,0.5615024882721316,-0.47870050162206534,0.519317081224912,1.5215636937893144,1.295706403779175,0.6666278947397393,-0.542031879319741,-1.3649411922934025,1.1126780369790297,0.8258879516322455,0.784630626487993,-0.6289365732963704,0.19694497755891607,1.1869740089758192,1.0088410193108206,-0.5406035522209652,0.32723637386775895,1.1001316626412656,1.168172775477093,1.2595152317068374,-1.1260496969189082,-1.2290499364473821,-0.0670793883756334,0.07415323037312206,-0.06746476008389146,-0.030894575160273274,-0.008008345633929886,0.05175693309284442,0.003441065623373829,0.0015475762649714009,0.0640269024518991,0.09459896037527271,0.06037306213740466,0.0,-0.050784158052100056,0.03922925142803679
221,0,1.2736685690805671,0.606315373990529,1.2550185620037908,-0.6307539012469606,0.6774457155852405,1.434841957855522,1.4905902065832384,-0.4864383829469223,0.5993507092879662,0.8745805482264237,1.183176731747924,0.6666278947397393,-1.68467543549203,-1.1229334002103906,1.1356766844221033,0.9441076508746378,0.7913667392459861,-0.618396071182863,0.22097001446034154,1.244725389121797,1.0329284786744402,-0.535187035293561,0.3592498250937085,1.0748975916032812,1.211577077546293,1.2002264980101276,-1.210689960339078,-1.2055547193151228,0.022998647443073672,0.11821969924239235,0.006736112757993173,0.010540502113507533,0.024025036901425472,0.05775138014597777,0.024087459363619314,0.005416516927404302,0.03201345122594955,-0.02523407103798434,0.04340430206920036,-0.05928873369670982,-0.08464026342016978,0.02349521713225904
222,0,0.9478543969702296,2.0210009780350924,1.2260014608924426,-0.827025319912249,0.5172788029102846,1.5352367621598944,1.146483644245806,-0.5638171961955363,0.43928345315821843,1.2594289375728065,0.8634495683575363,0.6666278947397393,-1.261474118391181,-1.3127295986661824,1.122260806746968,1.0538179630250337,0.7942684493571209,-0.6362058850987851,0.2530033969953327,1.285126987553028,1.0157231505575683,-0.5514365860757738,0.3832599135129887,1.1232340884089134,1.2047895735190106,1.2002264980101276,-1.189529894484037,-1.1831884015045364,-0.01341587767513539,0.10971031215039577,0.0029017101111348475,-0.017809813915922103,0.03203338253499118,0.04040159843123092,-0.01720532811687161,-0.016249550782212886,0.02401008841928019,0.04833649680563214,-0.006787504027282343,0.0,0.021160065855040933,0.022366317810586577
223,0,1.4078273458317032,-0.2248694008885091,1.3140890892661778,-0.8124866963073868,0.19694497756037277,1.899289766118129,1.112072988012043,-0.6566717720939081,0.3592498250951643,0.9535090352630332,1.333216294456269,0.6666278947397393,-1.1345137232609233,-1.2520512601264064,1.266002353266173,0.8611411267276624,0.9125131363858756,-0.6583772860961575,0.2930451251642538,1.3512608465050095,1.019164216180942,-0.5491152216783124,0.391263276319658,1.1109627250959206,1.2101481293300234,1.1409377643134178,-1.1726018418000037,-1.2231937712162195,0.1437415465192051,-0.19267683629737117,0.11824468702875465,-0.02217140099737248,0.04004172816892106,0.06613385895198165,0.003441065623373829,0.0023213643974615006,0.008003362806669361,-0.012271363312992712,0.0053585558110125445,-0.05928873369670982,0.016928052684033367,-0.040005369711683156
224,0,1.6569793597983167,0.46803783374555846,0.9182129241041787,-0.7797747931965399,0.7575291719208976,1.2852244582368473,0.9744303630770652,-0.5986376621574367,0.27921619702847067,1.4835397511293473,0.44548221509856384,0.6666278947397393,-0.9652331964205898,-1.0502605063778727,1.2219216123336134,0.8050703439250357,0.8281562781550201,-0.6830929462243778,0.38914527276922734,1.3642731827910652,1.03292847867444,-0.5456331750821224,0.40727000193263285,1.1428797921165665,1.1172664952724767,1.1409377643134175,-1.1472097627739521,-1.1420541324711808,-0.04408074093255974,-0.056070782802626715,-0.0843568582308554,-0.024715660128220275,0.09610014760497355,0.013012336286055692,0.013764262493497792,0.003482046596190047,0.016006725612974775,0.031917067020645874,-0.09288163405754661,0.0,0.02539207902605154,0.08113963874503878
225,0,1.2161719504729374,0.5014675687498382,1.7265464550632432,-0.7397935782832411,0.11686152122107392,1.4655452232495463,1.2497156129470453,-0.6566717720939081,0.759417965417714,1.2248617169728602,1.7351079802822102,0.6666278947397393,-1.0921935915508474,-1.2294732736930072,1.1740077634938781,0.7322846936202726,0.952826180429861,-0.6965411730588495,0.3731285815017317,1.4059419001115763,1.0776623317783096,-0.5672992427917395,0.45529017877155714,1.1924261416432034,1.1842484429101336,1.081649030616708,-1.087961578379834,-1.1865045432619397,-0.04791384883973504,-0.07278565030476311,0.1246699022748408,-0.013448226834471699,-0.01601669126749559,0.041668717320510786,0.044733853103869625,-0.021666067709617175,0.04802017683892433,0.04954634952663679,0.06698194763765686,-0.05928873369670982,0.059248184394118254,-0.04445041079075879
226,0,-0.22124351471911352,1.3691211454517238,1.1586403333125106,-0.5326181919143371,0.19694497756037277,1.2126087988128038,1.525000862817001,-0.5792929588452943,0.6793843373546599,1.124040656889592,1.4135946316214574,1.2595152317068374,-1.5153949086516962,-1.0220380233361361,1.0455986486033964,0.8889485881175816,1.0331413710059223,-0.6936334483378812,0.32507850769924496,1.382159053266655,1.1533657754925488,-0.575810912249091,0.47930026719120133,1.1941545026732032,1.2242589929656913,1.081649030616708,-1.1218176837479035,-1.134857399295533,-0.12840911489048207,0.15666389449730886,0.08031519057606137,0.0029077247209683076,-0.04805007380248677,-0.023782846844921247,0.07570344371423905,-0.008511669457351495,0.024010088419644145,0.0017283610299999364,0.040010550055557606,0.0,-0.03385610536806971,0.05164714396640637
227,0,2.1552833877317616,1.3584844115867367,1.0446445789464973,-0.6889083956663268,0.7575291719208976,1.5074576172795657,1.146483644245806,-0.7804778732917521,0.6793843373546599,1.4236232354227214,1.1706734348555594,0.6666278947397393,-1.5153949086516962,-1.5497984562168994,1.1605918858187647,0.8643321468871619,1.07428347508166,-0.6863641365354666,0.3891452727692274,1.4352318405906757,1.1671300379860465,-0.5932211452300369,0.5033103556108454,1.2456020493328386,1.2008599659242711,0.9630715632232884,-1.1810658681420219,-1.2672208447613504,0.11499323721536844,-0.02461644123041946,0.04114210407573752,0.0072693118024145685,0.06406676506998236,0.05307278732402069,0.013764262493497803,-0.01741023298094584,0.024010088419644145,0.05144754665963515,-0.023399027041419985,-0.11857746739341961,-0.05924818439411823,-0.13236344546581735
228,0,1.6569793597983167,0.8357649187926011,1.6736938780389974,-0.5798687186300463,0.19694497756037277,1.3987778048529822,1.4217688941157616,-0.7417884666674232,0.43928345315821843,1.2346557628095247,1.2992787743198733,1.2595152317068374,-0.7536325378701804,-1.2788626190160586,1.25066992163745,0.924657623235787,1.1809213216658752,-0.6972681042390905,0.4131703096706528,1.441469964353282,1.1705711036094204,-0.6179823654696012,0.5033103556108454,1.220598426432187,1.216042540722139,0.9037828295265784,-1.2064579471680732,-1.2939616474434084,0.0900780358186853,0.06032547634862501,0.10663784658421531,-0.010903967703623918,0.02402503690142548,0.0062381237626065065,0.003441065623373829,-0.02476122023956438,0.0,-0.02500362290065137,0.015182574797867821,-0.0592887336967098,-0.025392079026051527,-0.026740802682057984
229,0,0.8136956202190935,1.7034184954944867,1.3130527642264875,-0.6707351161602594,0.5973622592459417,1.8062052630980396,1.4905902065832384,-0.5173899082463503,0.3592498250951643,1.4195903930194074,0.6776863002424304,1.2595152317068374,-1.3884345135214387,-1.5124036661865647,1.1529256700043924,1.0229714348165433,1.210871115312947,-0.6878179988959487,0.445203692205644,1.4966383713788125,1.2118638910899135,-0.6059886494160597,0.5113137184175148,1.2519393731095032,1.1417372334761,0.8444940958298688,-1.1852978813130324,-1.269549199612292,-0.09774425163305774,0.09831381158075636,0.029949793647071888,0.009450105343141835,0.03203338253499118,0.05516840702553052,0.041292787480493365,0.011993716053541537,0.008003362806669361,0.03134094667731604,-0.07430530724603918,-0.0592887336967098,0.021160065855040933,0.024412447831116357
230,0,2.270276624947021,0.721799913096207,0.7565462179123704,-0.6707351161602594,0.3571118902353287,1.7686790498386078,1.6282328315182406,-0.881070330514981,0.039115312835668756,1.3556410349094152,1.6493710873059904,1.8524025686739354,-1.1345137232609233,-1.146922510795874,1.3177493100130833,0.9360541238054264,1.2386446263766697,-0.6932699827477606,0.4371953465720783,1.5313866701501937,1.3185369254145245,-0.6462256323053512,0.46329354157859043,1.2353471072215132,1.1771037018287813,0.9630715632232884,-1.2445460657071505,-1.2477473314625391,0.16482364000869115,-0.08691731101111695,0.027773511063722528,-0.005451983851811959,-0.008008345633565705,0.034748298771381234,0.10667303432461091,-0.04023698288929156,-0.04802017683892433,-0.01659226588798992,0.035366468352681535,0.11857746739341961,-0.05924818439411823,0.021801868149752844
231,0,1.503655043511304,1.1867771363374864,1.5482985482363687,-0.39813592356962013,0.6774457155852405,1.9109862481729996,1.0432516755445664,-0.6721475347436662,0.3592498250951643,1.516954731042655,1.2903478479681751,1.8524025686739354,-1.0075533281306657,-1.5060536075021853,1.340747957456157,0.9941003000401221,1.2679726249999275,-0.6700081849800266,0.4371953465720783,1.5790010991819414,1.2738030723106573,-0.6647965474850256,0.43928345315931033,1.2995845255031364,1.1878208134508064,1.081649030616708,-1.1768338549710142,-1.2860593521917187,0.022998647443073693,0.05804617623469573,0.02932799862325779,0.02326179776773405,0.0,0.04761442903174775,-0.0447338531038672,-0.018570915179674387,-0.02401008841928019,0.06423741828162313,0.01071711162202511,0.11857746739341961,0.06771221073613642,-0.038312020729179476
232,0,0.8711922388267233,0.7476319810540674,1.2114929103367564,-0.8524679112206855,0.3571118902353287,1.9080621276592153,1.9035180813881962,-0.7417884666674232,0.5993507092879662,1.463375539112725,1.0224200574175477,1.2595152317068374,-2.2771572794332124,-1.682444126513126,1.3330817416418064,0.8667634003420197,1.266521769944359,-0.6725524441108702,0.4211786553045827,1.616283635731874,1.3495065160248965,-0.6825936745322143,0.45529017877228506,1.3199791856571281,1.2037178623568079,1.1409377643134178,-1.2784021710752174,-1.323030804976413,-0.00766621581435063,-0.1273368996981025,-0.0014508550555686118,-0.002544259130843651,-0.01601669126749559,0.0372825365499321,0.07570344371423902,-0.017797127047188686,0.016006725612974775,0.02039466015399185,0.015897048906001143,0.05928873369670982,-0.10156831610420314,-0.03697145278469436
233,0,1.3503307272240734,1.0500191295018342,2.018790116256131,-0.870641190726753,0.2770284338960298,1.5459585373769256,1.525000862817001,-0.4903073236093508,0.19918256896541653,1.5739906450326056,1.2421208456690496,1.8524025686739354,-1.7269955672021058,-1.2781570569400165,1.3273320797810435,0.994252253381054,1.3369918726433543,-0.6783678935528068,0.42918700093814843,1.5809505128577535,1.3907993035053923,-0.6659572296837586,0.43928345315931033,1.3820273466340853,1.1946083174780857,1.2595152317068372,-1.3376503554693355,-1.3256413846577741,-0.005749661860762978,0.12748885303903432,0.07047010269899531,-0.005815449441936615,0.008008345633565705,-0.03533312287412034,0.04129278748049581,0.016636444848455733,-0.016006725612974775,0.062048160976957235,-0.009109544878721954,0.11857746739341961,-0.059248184394118254,-0.002610579681361003
234,0,1.5419861225830573,0.6458232426319442,1.5928605249430932,-0.692543051567532,0.7575291719208976,1.8383705887489559,1.869107425154458,-0.5251277895712073,0.43928345315821843,1.393088857226089,1.4439597812171867,2.4452899056410335,-1.2191539866811052,-1.9449132188014109,1.3158327560595175,1.0120307942696924,1.4044566327272456,-0.6696447193899061,0.42918700093814843,1.6362651259089642,1.4802670097131316,-0.6586062424251357,0.45529017877228506,1.3729822572437596,1.294456074089948,1.437381432796967,-1.363042434495387,-1.415106655900128,-0.011499323721525933,0.01777854088863858,0.06746476008389145,0.008723174162900782,0.0,0.05531461305121086,0.08946770620773928,0.007350987258622943,0.016006725612974775,-0.009045089390325823,0.09984775661186229,0.17786620109012943,-0.02539207902605154,-0.08946527124235382
235,0,1.5419861225830573,1.5210744863802492,1.475755795457986,-0.7688708254928829,0.2770284338960298,2.0878955392530387,1.0432516755445664,-0.5715550775203933,0.1191489408987229,1.8753015845957717,0.9384693497116929,0.6666278947397393,-1.5153949086516962,-1.4912368039052497,1.3484141732705295,1.1139914860327338,1.3793775667667199,-0.6725524441108702,0.445203692205644,1.6985001575093133,1.4596206159728835,-0.6500945729677842,0.39126327632038593,1.4380262440060505,1.2147922110328964,1.4373814327969667,-1.405362566205472,-1.4412830089213522,0.032581417211012,0.1019606917630411,-0.025079065960525716,-0.0029077247209641777,0.01601669126749559,0.062235031600349246,-0.020646393740247883,0.00851166945735149,-0.06402690245189911,0.06504398676229114,-0.07966386305705173,0.0,-0.042320131710084884,-0.02617635302122425
236,0,1.733641517942041,1.5469065543381095,1.6882024285946833,-0.7325242664808307,0.5172788029102846,1.7262793023896243,1.1808943004795442,-0.6992301193806657,0.519317081224912,1.4553098543060448,1.7065290159568143,1.2595152317068374,-1.557715040361772,-0.8611698699981479,1.543902676536645,1.1317700269213722,1.432333776294937,-0.6925430515675195,0.47723707474063526,1.7498672078669955,1.4252099597391379,-0.6620882890213213,0.3752565507074112,1.471153163747696,1.244085649466432,1.4373814327969667,-1.4095945793764797,-1.4251961935875532,0.19548850326611547,0.01777854088863857,0.052956209528217266,-0.019990607456649358,0.03203338253499118,0.051367050357682055,-0.03441065623374569,-0.01199371605353714,-0.01600672561297478,0.03312691974164528,0.02929343843353569,0.0,-0.004232013171007587,0.01608681533379882
237,0,1.1970064109370608,1.379757879316711,1.2166745355352073,-0.8052173845049764,0.2770284338960298,2.0381854905197723,1.318536925414522,-0.7688710513044665,0.5993507092879662,1.6546474930992516,1.1295911736377986,1.2595152317068374,-1.8116358306222875,-1.1123499690697332,1.448074978857175,1.1338973736943696,1.4495367719538081,-0.7041739504513845,0.4291870009381483,1.802939995191016,1.4424152878560095,-0.6609276068225928,0.3672531879007418,1.4942555895153489,1.2399774233446559,1.4966701664936768,-1.4392186715735387,-1.3814513448728367,-0.09582769767947008,0.0021273467729974183,0.017202995658871,-0.01163089888386496,-0.048050073802486784,0.053072787324020654,0.01720532811687161,0.0011606821987285576,-0.008003362806669367,0.023102425767653024,-0.004108226121776082,0.05928873369670982,-0.029624092197059127,0.04374484871471662
238,0,1.1395097923292132,0.7582687149190545,1.4405207441084966,-0.6598311484566437,0.11686152122107392,1.9782410199885274,1.5594115190507394,-0.7456574073298516,0.039115312835668756,1.7162923698358616,1.183176731747924,1.8524025686739354,-1.303794250101257,-1.708549923326736,1.3963280221102647,1.126147753307015,1.4262194585607582,-0.7121701934340443,0.42117865530421855,1.8608863167045704,1.4561795503495074,-0.6613145008888356,0.3272363738684868,1.5424192502179828,1.228367219087461,1.5559589001903864,-1.4942348427966463,-1.4244200753039045,-0.05174695674691034,-0.007749620387354661,-0.023317313393050078,-0.00799624298265974,-0.008008345633929884,0.05794632151355452,0.01376426249349778,-0.0003868940662428488,-0.04001681403225497,0.04816366070263369,-0.011610204257194922,0.0592887336967098,-0.05501617122310766,-0.04296873043106775
239,0,1.3503307272240734,1.8812039043808724,1.2664181374403827,-0.7034470192711476,0.7575291719208976,1.4557981548705319,0.9400197068433268,-0.942973381113881,0.27921619702847067,1.6097101063192953,1.5850684175738652,1.8524025686739354,-1.0498734598407715,-1.5236926594032643,1.4499915328107627,1.1439262941956536,1.4215559958821475,-0.7154413837451331,0.43719534657171416,1.8258456058818198,1.4011225003755161,-0.7038728481755887,0.31923301106181745,1.5614312215479713,1.3191054308206045,1.6152476338870962,-1.4603787374285795,-1.4255489746255745,0.053663510700498,0.01777854088863857,-0.004663462678610486,-0.003271190311088823,0.016016691267495598,-0.03504071082275077,-0.055057049973991155,-0.04255834728675306,-0.008003362806669361,0.019011971329988796,0.09073821173314348,0.0592887336967098,0.03385610536806671,-0.0011288993216699516
240,0,0.4112192899652495,2.291477924887863,2.3224333528856342,-0.6307539012469606,0.5973622592459417,2.249209520926584,2.522909893595609,-0.8191672799160811,0.1191489408987229,1.916206128972414,1.3439334060783006,1.2595152317068374,-1.0075533281306657,-0.26567547781716205,1.2640857993125851,1.3008940953748191,1.5781447093794738,-0.7114432622538033,0.46122038347277544,1.8738986529906174,1.490590206583253,-0.6976825431156987,0.3272363738681229,1.6174877309542715,1.2885616626978353,1.5559589001903864,-1.447682697915554,-1.3374242713277031,-0.18590573349817716,0.15696780117916562,0.15658871349732637,0.0039981214913298755,0.024025036901061298,0.04805304710879763,0.08946770620773684,0.006190305059889989,0.008003362806305415,0.05605650940629987,-0.030543768122768978,-0.0592887336967098,0.012696039513025758,0.0881247032978712
241,0,0.9861854760422006,1.5742581557052193,0.3078174757261018,-0.6416578689506176,0.5973622592459417,2.3422940239467622,1.662643487751979,-0.6528028314314797,0.1191489408987229,2.0418003638190165,2.011966697184504,0.6666278947397393,-1.8539559623323634,-1.52228153525118,1.212338842565675,1.3396421973115924,1.4540966021284472,-0.7357954567919031,0.45321203783884556,1.9170294305679938,1.5525293878039943,-0.69574807278448,0.30322628544847874,1.6699722942319073,1.3607235476194686,1.4373814327969667,-1.5323229613357237,-1.3390470641026027,-0.05174695674691034,0.03874810193677329,-0.12404810725102669,-0.024352194538099746,-0.00800834563392988,0.04313077757737627,0.06193918122074125,0.0019344703312186517,-0.024010088419644138,0.052484563277636155,0.07216188492163289,-0.11857746739341961,-0.08464026342016977,-0.001622792774899473
242,0,2.4236009412342514,1.7490044977730372,1.7161832046663414,-0.6561964925554385,0.5973622592459417,2.081559944806684,1.4905902065832384,-0.6644096534187652,0.43928345315821843,1.9507733495723603,1.8583547639354925,1.8524025686739354,-1.303794250101257,-1.6739773816005952,1.3675797128064278,1.4397794489834894,1.5045656315614058,-0.7161683149253784,0.47723707473990684,1.934379212282741,1.5112366003234983,-0.6880101914596142,0.28721955983550396,1.718712075277871,1.4443170182712628,1.4966701664936766,-1.434986658402528,-1.3382003896113495,0.1552408702407528,0.10013725167189698,0.0504690294329585,0.0196271418665247,0.024025036901061298,0.01734978171474686,-0.041292787480495786,0.007737881324865792,-0.016006725612974775,0.04873978104596353,0.08359347065179448,0.0592887336967098,0.09733630293319555,0.0008466744912530855
243,0,1.2928341086164439,1.9024773721108466,1.496482296251813,-0.6271192453457555,0.5172788029102846,2.447075009021722,1.3529475816482603,-0.5057830862590649,0.6793843373546599,2.0083853839056562,1.5029038951383438,2.4452899056410335,-2.1501968843029546,-1.5737875668023829,1.361830050945665,1.5250252732443905,1.4523348495609738,-0.6918161203872785,0.5012621116413324,2.02449085944722,1.4940312722066245,-0.6895577677245857,0.3352397366744283,1.762151549165176,1.470395323218192,1.5559589001903862,-1.477306790112613,-1.3677634405975863,-0.005749661860762955,0.08524582426090124,-0.05223078200043181,0.024352194538099746,0.02402503690142548,0.09011164716447964,-0.017205328116874075,-0.0015475762649714065,0.04802017683892433,0.04343947388730507,0.02607830494692942,0.05928873369670982,-0.042320131710084884,-0.029563050986236638
244,0,1.9252969133010247,1.4329415486417156,1.0529351792640187,-0.8197560081097972,0.3571118902353287,2.3827443577198895,1.4561795503494999,-0.7301816446801376,0.3592498250951643,2.1673945986655663,0.9670483140370889,0.6666278947397393,-1.2191539866811052,-1.7233667269236714,1.4001611300174615,1.6037371038453678,1.3983423149930665,-0.7045374160415051,0.46122038347277544,2.0789282363443133,1.4527384847261284,-0.7100631532354786,0.3272363738681229,1.8395821233091236,1.4227041765001824,1.378092699100257,-1.477306790112613,-1.3456087914098123,0.03833107907179674,0.07871183060097714,-0.053992534567907445,-0.012721295654226517,-0.040041728168556896,0.05443737689709336,-0.04129278748049581,-0.020505385510893027,-0.008003362806305415,0.07743057414394772,-0.04769114671800978,-0.17786620109012943,0.0,0.022154649187773944
245,0,1.1203442527933367,0.9482103910797112,1.1254779320424015,-0.6561964925554385,0.7575291719208976,2.4582841376576283,1.7314648002194557,-0.7882157546166091,0.3592498250951643,2.1017168795256422,0.6491073359170343,1.8524025686739354,-1.3461143818113328,-1.4743033140802129,1.3579969430384895,1.546450694315314,1.363314528651508,-0.6932699827477606,0.5092704572752622,2.1159670961847725,1.5215597971936174,-0.7317292209451003,0.351246462287767,1.8622236528021108,1.3937679751207166,1.4966701664936766,-1.4603787374285766,-1.3439154424273085,-0.04216418697897206,-0.0572864095300538,-0.03502778634155845,0.011267433293744434,0.048050073802486784,0.03703885984045896,0.06882131246748893,-0.021666067709621584,0.024010088419644138,0.022641529492987054,-0.028936201379465863,0.11857746739341961,0.016928052684036344,0.001693348982503684
246,1,1.1203442527933367,1.2779491408946224,1.6457131019673392,-0.7288896105795841,0.5973622592459417,1.7486975596615262,1.112072988012043,-0.7263127040177091,0.1191489408987229,1.9830360887990293,1.1063707651234025,1.2595152317068374,-1.7269955672021058,-1.651399395167196,1.296667216523619,1.519554952970965,1.3590655959887736,-0.692906517157636,0.5172788029088278,2.118208921911963,1.5146776659468675,-0.7344374794088047,0.31122964825514815,1.9149962762514092,1.3337521500373755,1.4966701664936768,-1.47730679011261,-1.4229383949442134,-0.06132972651487043,-0.02689574134434871,-0.004248932662734406,0.0003634655901246564,0.008008345633565705,0.0022418257271901833,-0.006882131246750123,-0.0027082584637043382,-0.04001681403261891,0.05277262344929845,-0.060015825083341176,0.0,-0.016928052684033367,-0.0790229525169048
247,1,2.270276624947021,1.4633322168274274,1.692347728753444,-0.5108102565071059,0.5973622592459417,2.3988270205453475,1.2497156129470453,-0.6334581281193372,0.759417965417714,1.9536539512890356,1.340361035537634,1.2595152317068374,-1.7269955672021058,-1.657043891775558,1.4039942379246153,1.527912386722037,1.4066329153105974,-0.663465804357849,0.5493121854438192,2.1542730749145202,1.5077955347001197,-0.7208961870902917,0.3272363738681229,1.9448969220703876,1.3548291362273592,1.4966701664936766,-1.4688427637705919,-1.477407787214796,0.10732702140099604,0.008357433751071652,0.047567319321823676,0.02944071279978705,0.03203338253499118,0.03606415300255752,-0.00688213124674768,0.013541292318512931,0.01600672561297478,0.0299006458189784,0.02107698618998355,0.0,0.008464026342018172,-0.05446939227058249
248,1,2.1169523086597906,1.1548669347424905,1.3648690162110433,-0.7288896105795841,0.6774457155852405,2.2472601072508165,1.008841019310828,-0.9004150338271235,1.0795524776772096,2.084433269225643,1.4850420424349475,1.2595152317068374,-1.9385962257525151,-1.4679532553958083,1.5017384895576729,1.5675722087043806,1.399067742520852,-0.6703716505701429,0.6053706048802358,2.1811749836407492,1.4527384847261284,-0.7363719497400188,0.431280090352277,1.981711012009366,1.3850156672960614,1.437381432796967,-1.5323229613357179,-1.4533481204217034,0.09774425163305774,0.0396598219823436,-0.007565172789745334,-0.006905846212294042,0.05605841943641665,0.026901908726228906,-0.05505704997399115,-0.015475762649727188,0.10404371648415409,0.036814089938978126,0.03018653106870235,-0.0592887336967098,-0.06348019756512582,0.024059666793092772
249,1,1.7911381365496708,1.1958943367931896,1.6146233507766103,-0.9724115559605817,0.9176960845958535,2.2979448628219226,1.8002861126869567,-0.7766089326293236,0.759417965417714,2.1685468393522576,2.0137528824548374,1.2595152317068374,-1.0075533281306657,-1.1441002624917054,1.5458192304902325,1.4990412519456124,1.4338882638544748,-0.6972681042390864,0.6213872961477314,2.2653896544358885,1.5387651253104915,-0.719735504891563,0.47930026719120133,2.037594685312662,1.4278841137841585,1.378092699100257,-1.5280909481647071,-1.4153888807305472,0.04408074093255974,-0.06853095675876827,0.03482052133362277,-0.02689645366894341,0.016016691267495588,0.08421467079513907,0.08602664058436299,0.016636444848455733,0.04802017683892433,0.05588367330329622,0.04286844648809722,-0.0592887336967098,0.004232013171010585,0.03795923969115589
250,1,2.8835738900957253,2.200305920330762,2.370104304711429,-0.8379292876158647,0.2770284338960298,2.6264210671965813,1.662643487751979,-0.6218513061320077,0.5993507092879662,2.410517383552091,1.7922659089330024,0.6666278947397393,-1.4307546452315145,-1.3557688853048544,1.7930546905032803,1.4899240514899021,1.4386553590370543,-0.7179856428759768,0.5893539136127401,2.303110809062888,1.4527384847261284,-0.7000039075131558,0.5273204440301257,2.0870258107706294,1.4727173640696287,1.318803965403547,-1.5704110798747921,-1.5243982214793166,0.24723546001304758,-0.009117200455710118,0.004767095182579473,-0.02071753863689041,-0.03203338253499118,0.03772115462699972,-0.086026640584363,0.01973159737840734,0.04802017683892433,0.049431125457967705,0.04483325028547018,-0.05928873369670982,-0.042320131710084884,-0.10900934074876925
251,1,1.5419861225830573,1.0287456617718256,1.9410657382792973,-0.6707351161602594,1.0778629972708094,2.668820814645476,2.0411607063231743,-0.8849392711774094,0.19918256896541653,2.518828008098694,1.4671801897315828,0.6666278947397393,-1.980916357462621,-1.4545475759509823,1.8486347551573659,1.435372802096563,1.6019801852923738,-0.7208933675969409,0.6374039874152269,2.335763488132759,1.4905902065832481,-0.7232175514877487,0.5353238068367949,2.1347285751985976,1.4182387133243366,1.3188039654035473,-1.5831071193878177,-1.5176248255492968,0.05558006465408567,-0.05455124939333937,0.16332482625531955,-0.0029077247209641777,0.04805007380248677,0.03265267906987139,0.03785172185711953,-0.02321364397459298,0.008003362806669363,0.047702764427967725,-0.05447865074529212,0.0,-0.012696039513025758,0.006773395930019776
252,1,2.136117848195667,0.6321474419483895,1.5296446975219455,-0.7325242664808307,0.5973622592459417,2.9441754963541205,2.006750050089436,-0.7224437633552806,0.43928345315821843,2.144349784932269,1.8547823933947942,1.2595152317068374,-1.3884345135214387,-1.4326751515936254,1.8198864458535073,1.323687096514098,1.5833263345779343,-0.7285261449894802,0.637403987415227,2.422025043287503,1.5422061909338678,-0.7290209624814004,0.535323806836795,2.154086218734588,1.4178814762702667,1.2595152317068374,-1.5915711457298358,-1.4934946025485998,-0.02874830930385843,-0.11168570558246478,-0.01865385071443959,-0.007632777392539214,0.0,0.08626155515474365,0.05161598435061976,-0.005803410993651536,0.0,0.019357643535990877,-0.00035723705406982554,-0.0592887336967098,-0.008464026342018172,0.024130223000696983
253,1,1.1395097923292132,1.4922033516038211,1.1783305090666474,-0.692543051567532,0.2770284338960298,2.853040407009887,1.5594115190507394,-0.5715550775203933,0.5993507092879662,2.5476340252653418,1.168887249585226,0.6666278947397393,-1.303794250101257,-1.1095277207655645,1.8045540142247845,1.2826596944633955,1.5515111558594177,-0.7350685256116579,0.6133789505138014,2.4626215830863196,1.5628525846741157,-0.7355981616075331,0.5273204440301256,2.208011082870557,1.384479811714955,1.081649030616708,-1.506930882309666,-1.4470686179449177,-0.015332431628723064,-0.041027402050702544,-0.03181517871851656,-0.006542380622177657,-0.02402503690142548,0.04059653979881652,0.020646393740247904,-0.006577199126132837,-0.008003362806669367,0.05392486413596855,-0.03340166455531177,-0.17786620109012943,0.08464026342016977,0.04642598460368184
254,1,1.3119996481523204,0.9466908576704274,1.9576469389143636,-0.8088520404061816,0.6774457155852405,2.697574666363733,1.4217688941157616,-0.842380923890652,0.759417965417714,2.825900151095158,1.8726442460981905,2.4452899056410335,-1.8539559623323634,-2.3894173267090237,1.7432242877099138,1.2340346253662666,1.6419823318244522,-0.7339781288412963,0.6454123330487926,2.4941046139507037,1.5594115190507418,-0.7468180895285845,0.5673372580623806,2.2738616381135164,1.4750394049210651,1.2595152317068374,-1.570411079874792,-1.513673677923453,-0.06132972651487043,-0.048625069097128826,0.09047117596503448,0.0010903967703615569,0.032033382534991175,0.03148303086438435,-0.003441065623373829,-0.011219927921051443,0.040016814032254974,0.06585055524295917,0.09055959320611015,0.17786620109012943,-0.06348019756512582,-0.06660505997853523
255,1,1.0245165551139537,1.9374266405244103,1.8602323851833933,-1.0996245125028883,0.19694497756037277,2.7541076629623182,1.8002861126869567,-0.9158907964768814,0.519317081224912,2.7619507929852185,1.8762166166388572,0.6666278947397393,-1.0498734598407715,-1.6041267360722709,1.733641517941976,1.3329562503107366,1.715457777138551,-0.7783209308360413,0.5893539136127401,2.523686966481173,1.5662936502974918,-0.7595855937146118,0.5833439836753553,2.3398850294594737,1.5977503329932474,1.1409377643134178,-1.5407869876777358,-1.5266560201226589,-0.009582769767938305,0.0989216249444699,0.07347544531409918,-0.044342801994744975,-0.056058419436052484,0.02958235253046899,0.006882131246750101,-0.012767504186027234,0.016006725612974775,0.06602339134595762,0.12271092807218228,-0.11857746739341961,0.02962409219705613,-0.012982342199205799
256,1,1.6186482807265636,1.8416960357394225,2.608459063840381,-0.7688708254928829,0.7575291719208976,3.0401841198879938,2.178803331258152,-0.7804778732917521,0.5993507092879662,2.7654075150451867,1.0599299480946418,1.2595152317068374,-1.557715040361772,-2.184098762580279,1.7834719207352983,1.3893309397952165,1.8117323733258555,-0.7823190523273711,0.6053706048802358,2.6528356225038197,1.672966684622103,-0.7650021106420161,0.6313641605142797,2.4181221720840895,1.5931062512903713,1.1409377643134175,-1.5238589349937024,-1.5799259568639674,0.049830402793322695,0.05637468948448001,0.09627459618730416,-0.0039981214913298755,0.016016691267495598,0.12914865602264675,0.10667303432461088,-0.005416516927404302,0.04802017683892433,0.07823714262461574,-0.0046440817028760685,0.0,0.016928052684033367,-0.05326993674130831
257,1,1.9444624528369012,1.6092074241187828,1.3700506414094942,-1.1214324479101196,0.5172788029102846,2.894952801039818,2.1099820187906753,-0.7688710513044665,0.43928345315821843,2.999312374438392,2.2155918180029746,1.8524025686739354,-2.023236489172697,-1.8567179592959404,1.750890503524286,1.4039184605243522,1.7795026645914607,-0.8433812714676725,0.59736225924667,2.702448200553267,1.758993325206466,-0.778543402960529,0.5993507092883301,2.5226880143990256,1.6806293295369052,1.2002264980101276,-1.5534830271907616,-1.5998933636160055,-0.032581417211012,0.01458752072913554,-0.03222970873439499,-0.061062219140301376,-0.008008345633565705,0.049612578049447055,0.086026640584363,-0.013541292318512931,-0.032013451225949556,0.10456584231493564,0.08752307824653405,0.0592887336967098,-0.029624092197059103,-0.01996740675203823
258,1,1.4844895039754276,0.8038547171976052,2.854068098247187,-0.7107163310735581,0.8376126282601964,2.8739966040248968,1.4561795503494999,-0.6760164754060947,0.8394515934844077,3.204411216664897,1.0367095395802457,2.4452899056410335,-1.4307546452315145,-2.1904488212646585,1.68764422305585,1.3688172387698636,1.9284225727950748,-0.84156394351707,0.6133789505141656,2.765121850230675,1.8037271783103328,-0.7561035471184262,0.5753406208690499,2.63468580914295,1.6357960792514354,1.318803965403547,-1.5026988691386616,-1.6721429202028903,-0.0632462804684363,-0.03510122175448853,0.1489199082036144,0.0018173279506025985,0.016016691267495598,0.06267364967740803,0.0447338531038672,0.022439855842102886,-0.024010088419280196,0.11199779474392542,-0.04483325028547018,0.11857746739341961,0.050784158052100056,-0.072249556586885
259,1,2.1936144668035147,0.4589206332898552,1.4747194704182958,-0.5108102565071059,0.3571118902353287,3.0479817745912405,1.972339393855673,-0.6566717720939081,0.3592498250951643,2.8178344662885304,1.6511572725763555,1.8524025686739354,-2.023236489172697,-1.6013044877680773,1.7278918560812344,1.2951198684195302,1.9144321847592434,-0.7954038135717223,0.5573205310781131,2.8401255414076063,1.8209325064272046,-0.7441098310648846,0.5353238068367949,2.6996145718365776,1.599536518263587,1.378092699100257,-1.6042671852428647,-1.7178633427305279,0.04024763302538439,-0.07369737035033344,-0.013990388035831459,0.046160129945347586,-0.05605841943605248,0.0750036911769318,0.017205328116871633,0.011993716053541548,-0.040016814032254974,0.06492876269362728,-0.036259560987848195,0.0592887336967098,-0.10156831610420311,-0.045720422527637194
260,1,1.7144759784061643,2.634892475386329,1.5773156493477172,-0.6998123633699425,0.5172788029102846,2.96513169336913,1.4217688941157616,-0.6876232973933801,0.43928345315821843,3.1882798470515366,1.6136473818992614,3.0381772426081315,-2.1501968843029546,-1.531453842239753,1.6109820649122786,1.338578523925087,1.8351533192228722,-0.7815921211471302,0.5813455679795385,2.8739966040248612,1.796845047063583,-0.7506870301910218,0.5193170812238203,2.7773908181865226,1.581674665560213,1.6152476338870962,-1.6762114091500089,-1.7354318384240177,-0.1169097911689561,0.04345865550555672,-0.07927886553637117,0.013811692424592226,0.02402503690142548,0.03387106261725488,-0.024087459363621732,-0.006577199126137245,-0.016006725612974775,0.07777624634994455,-0.017861852703374103,0.23715493478683922,-0.07194422390714401,-0.01756849569348986
261,1,2.5194286389136344,1.7034184954944867,2.0799332935979216,-0.9651422441581713,0.2770284338960298,3.2399990216588104,2.1443926750244136,-0.942973381113881,0.759417965417714,3.1588977095416477,1.5582756385188026,1.2595152317068374,-1.9385962257525151,-1.8129731105812263,1.7087263165453361,1.406045807297353,1.8490400747547349,-0.8110328339469213,0.5012621116420606,2.931114424726195,1.8071682439337071,-0.7564904411846689,0.5753406208690499,2.8413977883308177,1.590784210438935,1.674536367583806,-1.6719793959789981,-1.771274391887042,0.09774425163305771,0.06746728337226611,0.013886755531862426,-0.029440712799791192,-0.08008345633747796,0.05711782070133342,0.01032319687012393,-0.005803410993647151,0.05602353964522975,0.06400697014429539,0.009109544878721976,0.05928873369670982,0.004232013171010585,-0.03584255346302441
262,1,1.8294692156214238,2.6409706090234994,2.1732025471701077,-0.8779105025291634,0.43719534657098574,3.402287710170372,1.2841262691807838,-0.6837543567309516,0.759417965417714,3.365148792454844,2.2656050055724335,1.8524025686739354,-2.0655566208827727,-1.3529466370006606,1.6780614532879117,1.6069281240048638,1.9133958597195508,-0.8255714575517545,0.48524542037456503,2.97692564610782,1.7349058658428416,-0.7526215005222361,0.6073540720949995,2.963477689083075,1.6318664716566988,1.733825101280516,-1.7396916067151316,-1.7633015404277455,-0.030664863257424325,0.20088231670751097,0.06435578496481623,-0.014538623604833267,-0.01601669126749559,0.04581122138162517,-0.07226237809086522,0.003868940662432896,0.032013451225949556,0.1220799007522575,0.04108226121776393,0.0592887336967098,-0.0677122107361334,0.00797285145929647
263,1,2.0786212295880375,1.2171678045231984,2.3141427525681126,-0.8379292876158647,0.19694497756037277,3.2648540460254436,2.4196779248943696,-0.8385119832282235,0.43928345315821843,3.5483550616346373,1.3367886649969356,1.8524025686739354,-2.6580384648239552,-2.1114258687477614,1.771972597013794,1.5794245692968016,2.0269770840696975,-0.8401100811565879,0.4772370747409993,3.0181070100093756,1.8209325064272046,-0.7793171910930192,0.5913473464820248,3.063549792720005,1.6486566131978697,1.8524025686739354,-1.8751160281874015,-1.863491355225965,0.09391114372588243,-0.02750355470806227,0.11358122435014653,-0.014538623604833267,-0.008008345633565705,0.04118136390155565,0.08602664058436302,-0.026695690570783026,-0.016006725612974775,0.10007210363692956,0.016790141541170957,0.11857746739341961,-0.13542442147226982,-0.10018981479821969
264,1,2.500263099377758,1.2627538068017492,1.8488328097468014,-0.8306599758134542,0.7575291719208976,3.3579385490455325,1.7314648002194557,-0.7766089326293236,0.519317081224912,3.446381760864783,1.960167324344712,2.4452899056410335,-2.1925170160130305,-0.8188361454355182,1.8907989421363378,1.6110308642099338,2.016095671152941,-0.8422908746973151,0.48524542037456503,3.0841433982775555,1.8519020970375741,-0.7727399919668863,0.5673372580627445,3.125597953696967,1.657408921022522,1.8524025686739354,-1.9089721335554681,-1.7064332370986146,0.11882634512254375,0.03160629491313218,-0.010881412916756216,-0.002180793540727255,0.008008345633565717,0.06603638826817995,0.030969590610369413,0.006577199126132837,-0.024010088419280196,0.06204816097696249,0.00875230782465215,0.0,-0.03385610536806671,0.15705811812735054
265,1,1.2161719504729374,2.154719918052211,1.9141212872473292,-0.8015827286037712,0.11686152122107392,3.0694253250251258,1.4905902065832384,-0.8385119832282235,0.5993507092879662,3.133548414434968,1.7797626120406376,2.4452899056410335,-1.7269955672021058,-1.431264027441541,1.909964481672236,1.632760191962714,2.0214845613593346,-0.8124866963074033,0.47723707474063515,3.1156751644838367,1.8209325064272022,-0.7650021106420205,0.5753406208690499,3.162757715841942,1.6477635205627,2.0302687697640645,-1.9766843442916016,-1.6891469662355416,0.01916553953589837,0.02172932775278009,0.005388890206393593,0.029804178389911708,-0.008008345633929884,0.03153176620628075,-0.030969590610371835,0.007737881324865792,0.008003362806305415,0.03715976214497494,-0.009645400459821962,0.17786620109012943,-0.06771221073613343,0.017286270863072994
266,1,1.3119996481523204,2.572591605605656,2.3327966032825596,-0.7107163310735581,0.6774457155852405,3.6030773187791167,1.9379287376219347,-0.8230362205785096,0.5993507092879662,3.4331309929680454,2.0852002932683273,1.2595152317068374,-1.6423553037819238,-2.3703671506558353,1.8792996184148123,1.7058497489493374,1.9939183153035525,-0.8066712468654709,0.4692287291070695,3.1719644843729484,1.7968450470635804,-0.7692579453706963,0.5753406208690499,3.229530063634228,1.7502905550800687,2.030268769764065,-1.9851483706336164,-1.7077738050430973,-0.030664863257424325,0.07308955698662334,-0.027566246055782128,0.0058154494419324744,-0.008008345633565717,0.0562893198891123,-0.02408745936362171,-0.004255834728675745,0.0,0.06677234779228587,0.10252703451736855,0.0,-0.008464026342015174,-0.018626838807555623
267,1,1.5803172016548104,1.439019682278851,2.1732025471701077,-0.8342946317146595,0.5973622592459417,3.6308564636594456,2.1099820187906753,-0.912021855814409,0.9194852215474617,3.958552746087752,1.561848009059469,1.8524025686739354,-2.0655566208827727,-1.5942488670076556,1.8428850932966028,1.688830974765344,2.074233505879614,-0.7779574652459249,0.47723707474063526,3.2455548506349112,1.7968450470635804,-0.7835730258216904,0.6233607977079744,3.3254541007991643,1.6849161741857182,2.0302687697640645,-1.9893803838046242,-1.6815268958142688,-0.036414525118209085,-0.01701877418399318,0.08031519057606136,0.02871378161954602,0.008008345633565705,0.07359036626196276,0.0,-0.014315080450994245,0.04802017683892433,0.095924037164936,-0.06537438089435055,0.0,-0.004232013171007587,0.026246909228828486
268,1,2.1936144668035147,0.6716553105898047,1.1140783566057861,-1.1068938243052988,0.6774457155852405,4.194724369388497,1.4905902065832384,-0.842380923890652,1.0795524776772096,3.4797967407780908,1.476111116083281,2.4452899056410335,-2.1925170160130305,-2.155876279538518,1.9137975895794117,1.675611034104564,1.9002345317154739,-0.8175752145690989,0.4612203834731396,3.3776276271712717,1.8002861126869543,-0.8002094706701461,0.6473708861272545,3.352992653210484,1.7288563318360215,2.0302687697640645,-2.0655566208827763,-1.6780696416416547,0.07091249628280871,-0.01321994066078005,-0.1739989741641401,-0.039617749323174065,-0.016016691267495598,0.13207277653636,0.0034410656233738513,-0.016636444848455733,0.024010088419280196,0.027538552411319372,0.04394015765030353,0.0,-0.0761762370781516,0.003457254172614066
269,1,1.6186482807265636,1.9845321762122448,2.047807217367503,-1.0196620826762908,0.6774457155852405,3.856013743215948,1.9379287376219347,-0.81142939859118,0.759417965417714,3.460784769448107,1.8512100228541277,1.8524025686739354,-1.7693156989121817,-2.925644504502318,1.8563009709717169,1.8281721883968032,1.9575433064103946,-0.8684603971860174,0.49325376600813076,3.458430824033742,1.7968450470635804,-0.8156852333198733,0.6873877001595095,3.417287683526441,1.7488616068637988,2.0302687697640645,-2.0401645418567242,-1.8105036433150787,-0.0574966186076951,0.15256115429223896,0.057308774694920704,-0.05088518261691849,0.032033382534991175,0.08080319686247073,-0.003441065623373829,-0.015475762649727188,0.040016814032254974,0.06429503031595765,0.020005275027777224,0.0,0.025392079026051517,-0.13243400167342406
270,1,0.8520266992908466,3.034529762028368,2.8841215243982257,-0.870641190726753,0.5973622592459417,3.8735584662982094,1.9379287376219347,-0.826905161240938,0.519317081224912,3.6981463509012285,2.0441180320505667,2.4452899056410335,-1.7269955672021058,-2.196093317873021,1.7700560430601846,1.8681359170610068,2.0882238939154454,-0.8855432799216985,0.5012621116416965,3.5492735013266503,1.8484610314141978,-0.8296134197046292,0.6953910629661788,3.4682743339114106,1.7919086718789294,1.9709800360673548,-1.9978444101466395,-1.8769675908784056,-0.08624492791153177,0.039963728664203876,0.13068058750505085,-0.017082882735681048,0.008008345633565705,0.09084267729290793,0.05161598435061732,-0.013928186384755792,0.008003362806669361,0.05098665038496919,0.04304706501513054,-0.0592887336967098,0.042320131710084884,-0.06646394756332681
271,1,2.3469387830905273,1.5028400854688428,2.529698360823857,-1.0342007062811118,0.8376126282601964,4.156710802710189,2.2820352999593916,-0.9468423217763094,0.519317081224912,3.520125164811335,1.8262034290693983,3.0381772426081315,-1.7693156989121817,-2.230665859599162,1.7528070574778738,1.8480780760584428,2.1332004006380387,-0.8924491261339925,0.5573205310781131,3.640944679431788,1.8622252939076958,-0.8300003137708721,0.6713809745468986,3.504397079438379,1.818701450933989,2.1488462371574846,-1.9809163574626059,-1.9187368657801993,-0.017248985582310715,-0.02005784100256438,0.044976506722593526,-0.006905846212294053,0.056058419436416665,0.09167117810513789,0.013764262493497803,-0.0003868940662428488,-0.024010088419280196,0.03612274552696872,0.026792779055059567,0.1778662010901294,0.016928052684033346,-0.041769274901793586
272,1,1.6761448993344112,1.9435047741615457,3.1400938092019337,-0.7288896105795841,0.5973622592459417,4.355550997643166,1.8002861126869567,-1.0087453723752093,0.519317081224912,3.8508182418844425,2.153075333541151,2.4452899056410335,-1.4730747769415904,-1.7403002167487085,1.7374746258491727,1.778331492572247,2.2298895268412218,-0.8775470369390346,0.5733372223456087,3.7362710081790675,1.9138412782583132,-0.8624994153352977,0.6473708861276185,3.552964024381339,1.8074484837308606,2.208134970854194,-1.921668173068488,-1.9574722237550037,-0.01533243162870126,-0.06974658348619538,0.0966891262031826,0.014902089194957923,0.01601669126749559,0.09532632874727942,0.051615984350617296,-0.03249910156442577,-0.024010088419280196,0.04856694494295986,-0.01125296720312825,0.05928873369670982,0.05924818439411823,-0.038735357974804784
273,1,1.771972597013794,1.8538523030137282,1.9483200135571521,-0.932430341047283,1.1579464536101083,4.208857618538187,2.1443926750244136,-0.9894006690630669,0.9194852215474617,4.154433662820939,1.281416921616477,3.0381772426081315,-2.2771572794332124,-1.509581417882396,1.7068097625917484,1.8419999424213003,2.1933072529401256,-0.8869971422821765,0.6694373699505822,3.8306713654303417,1.8863127532713175,-0.8775882839187821,0.6953910629665427,3.6135718844999687,1.8019113093928147,2.326712438247614,-1.8835800545294135,-1.897287778668467,-0.030664863257424346,0.06366844984905298,-0.03658227390109605,-0.009450105343141824,0.09610014760497355,0.09440035725127434,-0.027528524986995605,-0.015088868583484339,0.04802017683892433,0.06060786011863013,-0.005537174338045858,0.11857746739341961,0.038088118539074275,0.06018444508653653
274,1,1.8486347551573004,1.4025508804560036,2.4903180093156068,-0.9905848354666078,0.5172788029102846,4.41305870107968,1.8002861126869567,-0.9197597371393099,0.759417965417714,3.983902041194432,2.288825414086798,2.4452899056410335,-0.7959526695802562,-1.6873830610454212,1.6416469281697026,1.8559796497867254,2.257455772897006,-0.9029896282474918,0.645412333049521,3.9361833806337563,1.8931948845180675,-0.8919033643697807,0.719401151385823,3.6673239125329338,1.8347771183670232,2.326712438247614,-1.7439236198861363,-1.9841424702294579,-0.06516283442204576,0.013979707365425443,0.06414851995688053,-0.015992485965315363,-0.0240250369010613,0.10551201520341476,0.006882131246750101,-0.01431508045099863,0.024010088419280196,0.0537520280329649,0.032865808974208585,0.0,0.13965643464327743,-0.08685469156099031
275,1,2.9219049691674783,1.7049380289037706,2.136931170780928,-1.0487393298859327,0.5973622592459417,3.9607947282909075,2.350856612426868,-0.9391044404514525,0.8394515934844077,4.242003955007574,1.9012232104235867,1.8524025686739354,-2.700358596534031,-2.014058302253718,1.8122202300391568,1.8110014608718814,2.2797367612503656,-0.927705288375708,0.6934624068520078,4.0253203209603345,1.9792215251024305,-0.9019626100921038,0.7434112398054672,3.7781694665901946,1.8469231782053182,2.2674237045509043,-1.8412599228193287,-2.0424218977106756,0.1705733018694541,-0.044978188914844064,0.0222809883533599,-0.024715660128216143,0.04805007380248678,0.08913694032657818,0.08602664058436298,-0.010059245722322896,0.024010088419644148,0.1108455540572606,0.01214605983829491,-0.05928873369670982,-0.09733630293319254,-0.058279427481217706
